{
  "('Z1', 'Z1', 'low', 'warmup', 'Z1', 'Z1', 'flat')": {
    "slow down": 25.415650357277425,
    "keep going": 25.411233143377057,
    "accelerate": 23.935617529899616
  },
  "('Z1', 'Z1', 'low', 'warmup', 'Z1', 'Z1', 'downhill')": {
    "slow down": 25.51231125265281,
    "keep going": 25.938442616450388,
    "accelerate": 24.21998756774317
  },
  "('Z1', 'Z1', 'low', 'warmup', 'Z1', 'Z1', 'uphill')": {
    "slow down": 25.434376717918205,
    "keep going": 25.94183278510202,
    "accelerate": 24.17948639511667
  },
  "('Z1', 'Z2', 'low', 'warmup', 'Z1', 'Z1', 'flat')": {
    "slow down": 25.462821489835715,
    "keep going": 23.919453094974937,
    "accelerate": 9.64492172060234
  },
  "('Z2', 'Z2', 'low', 'warmup', 'Z1', 'Z1', 'uphill')": {
    "slow down": 9.16078328685127,
    "keep going": 0.0,
    "accelerate": 0.0
  },
  "('Z2', 'Z2', 'low', 'warmup', 'Z1', 'Z1', 'flat')": {
    "slow down": 17.11142371410443,
    "keep going": 6.588804811302786,
    "accelerate": 1.208085121974516
  },
  "('Z1', 'Z2', 'low', 'warmup', 'Z1', 'Z1', 'uphill')": {
    "slow down": 25.486005216437675,
    "keep going": 7.523897037298921,
    "accelerate": 4.62671347959438
  },
  "('Z1', 'Z2', 'low', 'warmup', 'Z1', 'Z1', 'downhill')": {
    "slow down": 25.449588051477477,
    "keep going": 14.738025808650837,
    "accelerate": 5.5156118293513146
  },
  "('Z2', 'Z2', 'low', 'warmup', 'Z1', 'Z1', 'downhill')": {
    "slow down": 8.939494624551967,
    "keep going": 3.233912366085698,
    "accelerate": 0.0
  },
  "('Z2', 'Z3', 'low', 'warmup', 'Z1', 'Z1', 'flat')": {
    "slow down": 17.628599693521483,
    "keep going": 1.3756066033835035,
    "accelerate": -0.10640581810566577
  },
  "('Z2', 'Z1', 'low', 'warmup', 'Z1', 'Z1', 'uphill')": {
    "slow down": 0.1124986628458442,
    "keep going": 16.774860555330996,
    "accelerate": 0.0
  },
  "('Z2', 'Z1', 'low', 'warmup', 'Z1', 'Z1', 'flat')": {
    "slow down": 24.56376845578375,
    "keep going": 3.254072809572314,
    "accelerate": 5.0977502196764535
  },
  "('Z2', 'Z1', 'low', 'warmup', 'Z1', 'Z1', 'downhill')": {
    "slow down": 11.993798331802848,
    "keep going": 2.5818883915173125,
    "accelerate": 0.0
  },
  "('Z1', 'Z1', 'low', 'push', 'Z2', 'Z2', 'flat')": {
    "slow down": 19.09497146917972,
    "keep going": 18.891013640624845,
    "accelerate": 21.447900693041476
  },
  "('Z1', 'Z1', 'low', 'push', 'Z2', 'Z2', 'downhill')": {
    "slow down": 8.278336705052125,
    "keep going": 5.176029405347265,
    "accelerate": 21.365372634267363
  },
  "('Z1', 'Z2', 'low', 'push', 'Z2', 'Z2', 'flat')": {
    "slow down": 19.902495490732857,
    "keep going": 22.013344842481366,
    "accelerate": 21.377521945861524
  },
  "('Z1', 'Z1', 'low', 'push', 'Z2', 'Z2', 'uphill')": {
    "slow down": 17.86749022297793,
    "keep going": 11.145154340037392,
    "accelerate": 9.748059372784692
  },
  "('Z2', 'Z3', 'low', 'push', 'Z2', 'Z2', 'flat')": {
    "slow down": 24.79713559227482,
    "keep going": 23.329861655411424,
    "accelerate": 18.05552694538953
  },
  "('Z2', 'Z2', 'low', 'push', 'Z2', 'Z2', 'flat')": {
    "slow down": 23.28661205532569,
    "keep going": 23.7685886118802,
    "accelerate": 23.08078110195906
  },
  "('Z2', 'Z1', 'low', 'push', 'Z2', 'Z2', 'downhill')": {
    "slow down": 20.00536934271703,
    "keep going": 23.183943325897495,
    "accelerate": 22.55228908616767
  },
  "('Z2', 'Z1', 'low', 'push', 'Z2', 'Z2', 'flat')": {
    "slow down": 23.018537378777644,
    "keep going": 22.99352578530477,
    "accelerate": 24.946915047977896
  },
  "('Z1', 'Z2', 'low', 'push', 'Z2', 'Z2', 'uphill')": {
    "slow down": 13.57006867992826,
    "keep going": 1.2610357313112601,
    "accelerate": 0.0
  },
  "('Z1', 'Z2', 'low', 'push', 'Z2', 'Z2', 'downhill')": {
    "slow down": 16.02404698896464,
    "keep going": 0.0,
    "accelerate": 2.5132763534297955
  },
  "('Z2', 'Z4', 'low', 'push', 'Z2', 'Z2', 'downhill')": {
    "slow down": 7.290713109202285,
    "keep going": -0.010297336905988563,
    "accelerate": 0.0
  },
  "('Z2', 'Z1', 'low', 'push', 'Z2', 'Z2', 'uphill')": {
    "slow down": 22.979847289689516,
    "keep going": 20.87107684195185,
    "accelerate": 24.29667246243343
  },
  "('Z2', 'Z3', 'low', 'push', 'Z2', 'Z2', 'uphill')": {
    "slow down": 24.309122283267445,
    "keep going": 19.27828423668728,
    "accelerate": 16.701564628964324
  },
  "('Z2', 'Z2', 'low', 'push', 'Z2', 'Z2', 'downhill')": {
    "slow down": 23.20566825924154,
    "keep going": 24.02632331462081,
    "accelerate": 23.444023766777747
  },
  "('Z2', 'Z2', 'low', 'push', 'Z2', 'Z2', 'uphill')": {
    "slow down": 23.23245745200908,
    "keep going": 24.016982832548685,
    "accelerate": 23.336328982205952
  },
  "('Z2', 'Z3', 'low', 'push', 'Z2', 'Z2', 'downhill')": {
    "slow down": 24.340771282753227,
    "keep going": 22.14524729379738,
    "accelerate": 15.509702994397763
  },
  "('Z2', 'Z4', 'low', 'push', 'Z2', 'Z2', 'uphill')": {
    "slow down": 6.783419126693021,
    "keep going": 0.0,
    "accelerate": 0.0
  },
  "('Z3', 'Z3', 'low', 'push', 'Z2', 'Z2', 'flat')": {
    "slow down": 21.712014888101045,
    "keep going": 16.88507896418898,
    "accelerate": 15.455788850335201
  },
  "('Z2', 'Z4', 'low', 'push', 'Z2', 'Z2', 'flat')": {
    "slow down": 20.49365718512512,
    "keep going": 6.315656451274211,
    "accelerate": 0.5783869992404465
  },
  "('Z3', 'Z4', 'low', 'push', 'Z2', 'Z2', 'flat')": {
    "slow down": 21.194146844708065,
    "keep going": 12.811431038673186,
    "accelerate": 3.1867611601037824
  },
  "('Z3', 'Z2', 'low', 'push', 'Z2', 'Z2', 'flat')": {
    "slow down": 23.02174721724453,
    "keep going": 20.183792555707566,
    "accelerate": 16.61570017996598
  },
  "('Z3', 'Z5', 'low', 'push', 'Z2', 'Z2', 'flat')": {
    "slow down": 11.748869771681317,
    "keep going": -0.26985450411708933,
    "accelerate": -0.14669126046450923
  },
  "('Z2', 'Z2', 'low', 'push', 'Z3', 'Z3', 'flat')": {
    "slow down": 19.434734516856228,
    "keep going": 21.463387349748817,
    "accelerate": 22.995839327938846
  },
  "('Z2', 'Z1', 'low', 'push', 'Z3', 'Z3', 'flat')": {
    "slow down": 14.427783727405803,
    "keep going": 14.527710977029304,
    "accelerate": 21.89820386250333
  },
  "('Z2', 'Z3', 'low', 'push', 'Z3', 'Z3', 'flat')": {
    "slow down": 21.03870887059525,
    "keep going": 21.880193681497833,
    "accelerate": 21.040551929225234
  },
  "('Z3', 'Z4', 'low', 'push', 'Z3', 'Z3', 'flat')": {
    "slow down": 24.9314046262891,
    "keep going": 21.613076367045114,
    "accelerate": 19.663696575954617
  },
  "('Z3', 'Z3', 'low', 'push', 'Z3', 'Z3', 'flat')": {
    "slow down": 21.959110409425747,
    "keep going": 21.489652425297987,
    "accelerate": 21.93686855381662
  },
  "('Z1', 'Z1', 'low', 'push', 'Z3', 'Z3', 'flat')": {
    "slow down": -0.04686631023202666,
    "keep going": -0.04517076264946393,
    "accelerate": -0.02912779562266541
  },
  "('Z1', 'Z2', 'low', 'push', 'Z3', 'Z3', 'flat')": {
    "slow down": -0.05769798593427609,
    "keep going": 0.48513295656051975,
    "accelerate": 0.0
  },
  "('Z3', 'Z5', 'low', 'push', 'Z3', 'Z3', 'flat')": {
    "slow down": 22.25005820465647,
    "keep going": 0.0,
    "accelerate": 3.7211917899962073
  },
  "('Z4', 'Z5', 'low', 'push', 'Z3', 'Z3', 'flat')": {
    "slow down": 22.190276586559417,
    "keep going": 9.976183514205216,
    "accelerate": 15.856815734432608
  },
  "('Z4', 'Z4', 'low', 'push', 'Z3', 'Z3', 'flat')": {
    "slow down": 23.790686572710772,
    "keep going": 21.442935798551233,
    "accelerate": 19.594706452781065
  },
  "('Z4', 'Z3', 'low', 'push', 'Z3', 'Z3', 'flat')": {
    "slow down": 22.79397778588395,
    "keep going": 17.284248467499474,
    "accelerate": 17.512889137986452
  },
  "('Z3', 'Z2', 'low', 'push', 'Z3', 'Z3', 'flat')": {
    "slow down": 19.020359408803174,
    "keep going": 21.76354628677119,
    "accelerate": 24.636841931923282
  },