{
  "('Z1', 'Z1', 'low', 'warmup', 'Z1', 'Z1', 'flat')": {
    "slow down": 255.591445658755,
    "keep going": 255.60094817575592,
    "accelerate": 254.42721783774073
  },
  "('Z1', 'Z2', 'low', 'warmup', 'Z1', 'Z1', 'flat')": {
    "slow down": 255.92574926945903,
    "keep going": 254.61854763569613,
    "accelerate": 235.50664808076047
  },
  "('Z1', 'Z2', 'low', 'warmup', 'Z1', 'Z1', 'downhill')": {
    "slow down": 255.97055377876262,
    "keep going": 243.94672849545987,
    "accelerate": 200.31608058291405
  },
  "('Z1', 'Z1', 'low', 'warmup', 'Z1', 'Z1', 'downhill')": {
    "slow down": 255.91219666143016,
    "keep going": 256.48906798028645,
    "accelerate": 254.76106348519338
  },
  "('Z2', 'Z2', 'low', 'warmup', 'Z1', 'Z1', 'downhill')": {
    "slow down": 235.56524462040994,
    "keep going": 38.628123225011905,
    "accelerate": 84.89627901810155
  },
  "('Z2', 'Z2', 'low', 'warmup', 'Z1', 'Z1', 'flat')": {
    "slow down": 249.09554951050205,
    "keep going": 176.17714643099805,
    "accelerate": 144.39428059209845
  },
  "('Z2', 'Z2', 'low', 'warmup', 'Z1', 'Z1', 'uphill')": {
    "slow down": 208.37799768685062,
    "keep going": 29.188207327468913,
    "accelerate": 22.646278161760307
  },
  "('Z1', 'Z1', 'low', 'warmup', 'Z1', 'Z1', 'uphill')": {
    "slow down": 255.94435036847014,
    "keep going": 256.4734106551036,
    "accelerate": 254.719138616423
  },
  "('Z2', 'Z3', 'low', 'warmup', 'Z1', 'Z1', 'flat')": {
    "slow down": 241.7757838029402,
    "keep going": 118.11644837099809,
    "accelerate": 39.41551581659344
  },
  "('Z2', 'Z4', 'low', 'warmup', 'Z1', 'Z1', 'uphill')": {
    "slow down": 11.802523322762063,
    "keep going": -0.07370364472890119,
    "accelerate": -0.12745299284941444
  },
  "('Z3', 'Z3', 'low', 'warmup', 'Z1', 'Z1', 'flat')": {
    "slow down": 33.29351553664866,
    "keep going": 0.0,
    "accelerate": -0.37570385182036176
  },
  "('Z2', 'Z1', 'low', 'warmup', 'Z1', 'Z1', 'flat')": {
    "slow down": 224.66970648507618,
    "keep going": 255.83198255482773,
    "accelerate": 162.64631605888292
  },
  "('Z2', 'Z3', 'low', 'warmup', 'Z1', 'Z1', 'uphill')": {
    "slow down": 181.7554069711666,
    "keep going": 41.69959436845663,
    "accelerate": 2.9902298757773553
  },
  "('Z2', 'Z1', 'low', 'warmup', 'Z1', 'Z1', 'uphill')": {
    "slow down": 233.92799571356383,
    "keep going": 38.70687558360591,
    "accelerate": 51.36430724306875
  },
  "('Z1', 'Z2', 'low', 'warmup', 'Z1', 'Z1', 'uphill')": {
    "slow down": 255.9061407385725,
    "keep going": 215.28055988538344,
    "accelerate": 178.8324319560266
  },
  "('Z2', 'Z4', 'low', 'warmup', 'Z1', 'Z1', 'downhill')": {
    "slow down": 17.73213773209779,
    "keep going": 4.440806686412658,
    "accelerate": -0.12353435731495954
  },
  "('Z1', 'Z1', 'low', 'push', 'Z2', 'Z2', 'flat')": {
    "slow down": 233.46802052070535,
    "keep going": 234.4532323682324,
    "accelerate": 238.2883397653788
  },
  "('Z1', 'Z2', 'low', 'push', 'Z2', 'Z2', 'flat')": {
    "slow down": 228.37492530649226,
    "keep going": 232.0484900097607,
    "accelerate": 239.16924639328238
  },
  "('Z2', 'Z3', 'low', 'push', 'Z2', 'Z2', 'flat')": {
    "slow down": 240.47515072728538,
    "keep going": 238.31013192494908,
    "accelerate": 234.93854997117347
  },
  "('Z2', 'Z2', 'low', 'push', 'Z2', 'Z2', 'flat')": {
    "slow down": 238.5868724826812,
    "keep going": 238.50741855600293,
    "accelerate": 238.56110514273053
  },
  "('Z2', 'Z1', 'low', 'push', 'Z2', 'Z2', 'flat')": {
    "slow down": 238.09242683232833,
    "keep going": 238.19813504538635,
    "accelerate": 240.40722751974133
  },
  "('Z2', 'Z1', 'low', 'push', 'Z2', 'Z2', 'downhill')": {
    "slow down": 237.99716719148714,
    "keep going": 237.90975365881584,
    "accelerate": 239.30842251310872
  },
  "('Z1', 'Z1', 'low', 'push', 'Z2', 'Z2', 'uphill')": {
    "slow down": 237.07920123675868,
    "keep going": 123.42697990604296,
    "accelerate": 131.9847209199382
  },
  "('Z1', 'Z1', 'low', 'push', 'Z2', 'Z2', 'downhill')": {
    "slow down": 237.10036766947934,
    "keep going": 105.91946916146294,
    "accelerate": 165.2864926391285
  },
  "('Z3', 'Z3', 'low', 'push', 'Z2', 'Z2', 'flat')": {
    "slow down": 238.21410156210385,
    "keep going": 237.27773502863693,
    "accelerate": 235.1566077078257
  },
  "('Z2', 'Z1', 'low', 'push', 'Z2', 'Z2', 'uphill')": {
    "slow down": 238.31472453071706,
    "keep going": 238.18887628248677,
    "accelerate": 239.38571957325848
  },
  "('Z2', 'Z2', 'low', 'push', 'Z2', 'Z2', 'uphill')": {
    "slow down": 238.33179146300245,
    "keep going": 239.42382421544698,
    "accelerate": 238.35392374994578
  },
  "('Z2', 'Z2', 'low', 'push', 'Z2', 'Z2', 'downhill')": {
    "slow down": 238.21981632505248,
    "keep going": 239.42007282164357,
    "accelerate": 238.45417883948517
  },
  "('Z2', 'Z3', 'low', 'push', 'Z2', 'Z2', 'downhill')": {
    "slow down": 239.58301839668943,
    "keep going": 238.3645251056607,
    "accelerate": 235.37889965157746
  },
  "('Z1', 'Z2', 'low', 'push', 'Z2', 'Z2', 'uphill')": {
    "slow down": 57.71752361468812,
    "keep going": 166.25935376858993,
    "accelerate": 12.268173179952589
  },
  "('Z1', 'Z2', 'low', 'push', 'Z2', 'Z2', 'downhill')": {
    "slow down": 126.74733263239595,
    "keep going": 0.1732278154196888,
    "accelerate": 43.54557210594682
  },
  "('Z3', 'Z4', 'low', 'push', 'Z2', 'Z2', 'downhill')": {
    "slow down": 238.3494095675042,
    "keep going": 94.20255926249335,
    "accelerate": 92.37458263276022
  },
  "('Z3', 'Z2', 'low', 'push', 'Z2', 'Z2', 'flat')": {
    "slow down": 238.1661552719003,
    "keep going": 239.01421653955936,
    "accelerate": 237.08270182765477
  },
  "('Z2', 'Z4', 'low', 'push', 'Z2', 'Z2', 'flat')": {
    "slow down": 239.18899188449754,
    "keep going": 195.18547897632834,
    "accelerate": 170.41275078132617
  },
  "('Z3', 'Z4', 'low', 'push', 'Z2', 'Z2', 'flat')": {
    "slow down": 237.9931599428164,
    "keep going": 234.89167476612087,
    "accelerate": 205.46969288139982
  },
  "('Z3', 'Z3', 'low', 'push', 'Z2', 'Z2', 'downhill')": {
    "slow down": 150.17367746285797,
    "keep going": 237.17158705673378,
    "accelerate": 148.96647909618923
  },
  "('Z3', 'Z1', 'low', 'push', 'Z2', 'Z2', 'flat')": {
    "slow down": 238.1759014540013,
    "keep going": 108.12752941652144,
    "accelerate": 105.86645021861915
  },
  "('Z2', 'Z3', 'low', 'push', 'Z2', 'Z2', 'uphill')": {
    "slow down": 239.17626441250553,
    "keep going": 238.20005050836164,
    "accelerate": 235.34069846104683
  },
  "('Z3', 'Z3', 'low', 'push', 'Z2', 'Z2', 'uphill')": {
    "slow down": 171.9947307947258,
    "keep going": 237.0513448520344,
    "accelerate": 190.97005678615628
  },
  "('Z3', 'Z4', 'low', 'push', 'Z2', 'Z2', 'uphill')": {
    "slow down": 238.62349147867138,
    "keep going": 104.56823508837756,
    "accelerate": 94.10745160284834
  },
  "('Z3', 'Z5', 'low', 'push', 'Z2', 'Z2', 'flat')": {
    "slow down": 233.42993776093306,
    "keep going": 104.88037744979846,
    "accelerate": 82.16948635458134
  },
  "('Z3', 'Z1', 'low', 'push', 'Z2', 'Z2', 'downhill')": {
    "slow down": 19.519107804728314,
    "keep going": 68.07948093152453,
    "accelerate": 0.0
  },
  "('Z3', 'Z5', 'low', 'push', 'Z2', 'Z2', 'uphill')": {
    "slow down": 130.4575217814965,
    "keep going": 3.2250332596301394,
    "accelerate": 4.1521689031200175
  },
  "('Z2', 'Z2', 'low', 'push', 'Z3', 'Z3', 'flat')": {
    "slow down": 204.43932174486363,
    "keep going": 204.47444383776144,
    "accelerate": 216.8985473691142
  },
  "('Z2', 'Z1', 'low', 'push', 'Z3', 'Z3', 'flat')": {
    "slow down": 203.62224618253393,
    "keep going": 204.13435627559602,
    "accelerate": 205.37622220120494
  },
  "('Z1', 'Z1', 'low', 'push', 'Z3', 'Z3', 'flat')": {
    "slow down": 28.078513192815883,
    "keep going": 25.258661785733445,
    "accelerate": 204.18635977237662
  },