{
  "('Z1', 'Z1', 'low', 'warmup', 'Z1', 'Z1', 'flat')": {
    "slow down": 428.901828732043,
    "keep going": 433.5633179896665,
    "accelerate": 432.26562692351445
  },
  "('Z1', 'Z1', 'low', 'warmup', 'Z1', 'Z1', 'downhill')": {
    "slow down": 437.28961946494246,
    "keep going": 439.2937293619262,
    "accelerate": 434.98614411373734
  },
  "('Z1', 'Z1', 'low', 'warmup', 'Z1', 'Z1', 'uphill')": {
    "slow down": 438.91962464287474,
    "keep going": 432.76818171882576,
    "accelerate": 431.0812657767364
  },
  "('Z1', 'Z2', 'low', 'warmup', 'Z1', 'Z1', 'flat')": {
    "slow down": 440.2538691636787,
    "keep going": 85.89284449256942,
    "accelerate": -0.009254529777341591
  },
  "('Z1', 'Z2', 'low', 'warmup', 'Z1', 'Z1', 'uphill')": {
    "slow down": 436.4794598954146,
    "keep going": 0.0,
    "accelerate": -0.013663018390770505
  },
  "('Z1', 'Z2', 'low', 'warmup', 'Z1', 'Z1', 'downhill')": {
    "slow down": 438.2986570362301,
    "keep going": 20.55343537676881,
    "accelerate": 0.026589775498920203
  },
  "('Z1', 'Z1', 'low', 'push', 'Z3', 'Z3', 'flat')": {
    "slow down": 1.2474755740563073,
    "keep going": 26.004451092819462,
    "accelerate": 241.12768988455684
  },
  "('Z1', 'Z2', 'low', 'push', 'Z3', 'Z3', 'flat')": {
    "slow down": 20.521582499926204,
    "keep going": 13.385003496071004,
    "accelerate": 242.6059674849134
  },
  "('Z2', 'Z3', 'low', 'push', 'Z3', 'Z3', 'flat')": {
    "slow down": 240.57678411557862,
    "keep going": 104.13654152173866,
    "accelerate": 17.517195526755533
  },
  "('Z2', 'Z2', 'low', 'push', 'Z3', 'Z3', 'flat')": {
    "slow down": 237.073607287983,
    "keep going": 240.43238936608728,
    "accelerate": 231.43069074569533
  },
  "('Z2', 'Z1', 'low', 'push', 'Z3', 'Z3', 'flat')": {
    "slow down": 159.68765261132285,
    "keep going": 124.70093012339875,
    "accelerate": 242.24797826871028
  },
  "('Z2', 'Z1', 'low', 'push', 'Z3', 'Z3', 'downhill')": {
    "slow down": -0.02648169767833249,
    "keep going": -0.017024804935687615,
    "accelerate": 241.0006381805452
  },
  "('Z2', 'Z2', 'low', 'push', 'Z3', 'Z3', 'uphill')": {
    "slow down": 239.14124624298296,
    "keep going": 240.4951579578662,
    "accelerate": 239.7522247047212
  },
  "('Z2', 'Z2', 'low', 'push', 'Z3', 'Z3', 'downhill')": {
    "slow down": 238.93647194828162,
    "keep going": 240.4641384646709,
    "accelerate": 238.96226733705055
  },
  "('Z2', 'Z3', 'low', 'push', 'Z3', 'Z3', 'downhill')": {
    "slow down": 239.22067869686177,
    "keep going": 5.385915329170878,
    "accelerate": 1.8553931837226774
  },
  "('Z2', 'Z2', 'low', 'push', 'Z4', 'Z4', 'flat')": {
    "slow down": 10.027926872144464,
    "keep going": 44.78478338582734,
    "accelerate": 241.26965921553898
  },
  "('Z2', 'Z1', 'low', 'push', 'Z4', 'Z4', 'uphill')": {
    "slow down": -0.08132590343636478,
    "keep going": -0.08528356823821923,
    "accelerate": 43.182734970197615
  },
  "('Z2', 'Z1', 'low', 'push', 'Z4', 'Z4', 'flat')": {
    "slow down": -0.208312678621926,
    "keep going": -0.16758730599745822,
    "accelerate": 105.75005926780835
  },
  "('Z1', 'Z1', 'low', 'push', 'Z4', 'Z4', 'flat')": {
    "slow down": -0.17499721776708407,
    "keep going": -0.16453299207854083,
    "accelerate": -0.19644042316260127
  },
  "('Z1', 'Z1', 'low', 'push', 'Z4', 'Z4', 'uphill')": {
    "slow down": -0.08598538953298585,
    "keep going": 0.0,
    "accelerate": 0.0
  },
  "('Z1', 'Z2', 'low', 'push', 'Z4', 'Z4', 'flat')": {
    "slow down": -0.08924322608211539,
    "keep going": -0.02148493349493502,
    "accelerate": 0.016991766794575418
  },
  "('Z2', 'Z3', 'low', 'push', 'Z4', 'Z4', 'flat')": {
    "slow down": 40.42412956500127,
    "keep going": 57.46215872159132,
    "accelerate": 241.6608722053124
  },
  "('Z3', 'Z4', 'low', 'push', 'Z4', 'Z4', 'uphill')": {
    "slow down": 202.7914495202356,
    "keep going": 6.584434024297875,
    "accelerate": 0.0
  },
  "('Z3', 'Z3', 'low', 'push', 'Z4', 'Z4', 'flat')": {
    "slow down": 236.71530622654316,
    "keep going": 247.27090980999634,
    "accelerate": 237.6631430794538
  },
  "('Z3', 'Z2', 'low', 'push', 'Z4', 'Z4', 'flat')": {
    "slow down": 4.4604039496827745,
    "keep going": 15.231463709471331,
    "accelerate": 248.124361438559
  },
  "('Z3', 'Z4', 'low', 'push', 'Z4', 'Z4', 'flat')": {
    "slow down": 246.42641261049044,
    "keep going": 65.06786981107508,
    "accelerate": 0.7577138689427169
  },
  "('Z3', 'Z3', 'low', 'push', 'Z4', 'Z4', 'uphill')": {
    "slow down": 196.0530753074677,
    "keep going": 246.54261209172066,
    "accelerate": 197.29073532629846
  },
  "('Z3', 'Z3', 'low', 'push', 'Z4', 'Z4', 'downhill')": {
    "slow down": 212.5362479327579,
    "keep going": 246.39887672782382,
    "accelerate": 188.94587761700384
  },
  "('Z3', 'Z3', 'low', 'push', 'Z3', 'Z3', 'flat')": {
    "slow down": 240.60672936873226,
    "keep going": 42.92332057176164,
    "accelerate": 4.308341942470463
  },
  "('Z3', 'Z2', 'low', 'push', 'Z3', 'Z3', 'flat')": {
    "slow down": 240.20292623359995,
    "keep going": 21.77177835322097,
    "accelerate": 33.081992140756135
  },
  "('Z2', 'Z1', 'low', 'push', 'Z3', 'Z3', 'uphill')": {
    "slow down": 239.5618344863334,
    "keep going": 9.30351957045015,
    "accelerate": 0.0
  },
  "('Z3', 'Z2', 'low', 'push', 'Z3', 'Z3', 'uphill')": {
    "slow down": 240.79407044861813,
    "keep going": 8.187816074417348,
    "accelerate": 0.0
  },
  "('Z3', 'Z3', 'low', 'recover', 'Z2', 'Z2', 'uphill')": {
    "slow down": 266.93719837109103,
    "keep going": 0.1260422703017595,
    "accelerate": 0.01692573568653663
  },
  "('Z3', 'Z2', 'low', 'recover', 'Z2', 'Z2', 'flat')": {
    "slow down": 262.97461342127804,
    "keep going": 13.352826700884798,
    "accelerate": 1.2407239838918696
  },
  "('Z2', 'Z1', 'low', 'recover', 'Z2', 'Z2', 'flat')": {
    "slow down": 268.01895576579864,
    "keep going": 139.10834628430914,
    "accelerate": 54.06286875799655
  },
  "('Z1', 'Z1', 'low', 'recover', 'Z2', 'Z2', 'downhill')": {
    "slow down": 272.3903733915171,
    "keep going": 252.3783373817515,
    "accelerate": 246.1232956268516
  },
  "('Z1', 'Z1', 'low', 'recover', 'Z2', 'Z2', 'flat')": {
    "slow down": 280.7108525771007,
    "keep going": 270.142269309902,
    "accelerate": 269.6570540347687
  },
  "('Z1', 'Z1', 'low', 'recover', 'Z2', 'Z2', 'uphill')": {
    "slow down": 271.8877675056078,
    "keep going": 245.03584332138334,
    "accelerate": 253.15963947515237
  },
  "('Z1', 'Z2', 'low', 'recover', 'Z2', 'Z2', 'flat')": {
    "slow down": 273.3236954335689,
    "keep going": 41.830149936856145,
    "accelerate": 0.867494072778421
  },
  "('Z1', 'Z1', 'low', 'cooldown', 'Z1', 'Z1', 'flat')": {
    "slow down": 479.73289508556337,
    "keep going": 479.8001353760178,
    "accelerate": 479.15838618908896
  },
  "('Z1', 'Z2', 'low', 'cooldown', 'Z1', 'Z1', 'flat')": {
    "slow down": 481.22752734616745,
    "keep going": 360.1006157890522,
    "accelerate": 8.755412789103826
  },
  "('Z1', 'Z1', 'low', 'cooldown', 'Z1', 'Z1', 'uphill')": {
    "slow down": 479.7287421402377,
    "keep going": 479.7822701151803,
    "accelerate": 479.2004787554668
  },
  "('Z1', 'Z1', 'low', 'cooldown', 'Z1', 'Z1', 'downhill')": {
    "slow down": 479.78390099567514,
    "keep going": 479.71066249974587,
    "accelerate": 479.14658549176363
  },
  "('Z1', 'Z2', 'low', 'cooldown', 'Z1', 'Z1', 'uphill')": {
    "slow down": 481.2854328328254,
    "keep going": 98.93298717915472,
    "accelerate": 0.09517223607533201
  },
  "('Z2', 'Z3', 'low', 'cooldown', 'Z1', 'Z1', 'flat')": {
    "slow down": 35.83342469829363,
    "keep going": 0.0,
    "accelerate": 0.0
  },
  "('Z2', 'Z2', 'low', 'cooldown', 'Z1', 'Z1', 'flat')": {
    "slow down": 116.25622670570101,
    "keep going": 0.0,
    "accelerate": 0.0
  },
  "('Z2', 'Z1', 'low', 'cooldown', 'Z1', 'Z1', 'flat')": {
    "slow down": 314.8246182714056,
    "keep going": 0.0,