{
  "('Z1', 'Z1', 'low', 'warmup', 'Z1', 'Z1', 'flat')": {
    "slow down": 25.50356172990626,
    "keep going": 25.718030633440996,
    "accelerate": 24.09523817946805
  },
  "('Z1', 'Z1', 'low', 'warmup', 'Z1', 'Z1', 'downhill')": {
    "slow down": 25.539178447567963,
    "keep going": 25.957856470606615,
    "accelerate": 24.13131369142041
  },
  "('Z1', 'Z1', 'low', 'warmup', 'Z1', 'Z1', 'uphill')": {
    "slow down": 25.47408384705574,
    "keep going": 25.959872519799504,
    "accelerate": 24.201531948940662
  },
  "('Z1', 'Z2', 'low', 'warmup', 'Z1', 'Z1', 'flat')": {
    "slow down": 25.502984234990283,
    "keep going": 11.476368979531916,
    "accelerate": -0.1407791408888269
  },
  "('Z2', 'Z3', 'low', 'warmup', 'Z1', 'Z1', 'flat')": {
    "slow down": 1.6149205252502479,
    "keep going": 0.0,
    "accelerate": -0.11959566396053142
  },
  "('Z2', 'Z4', 'low', 'warmup', 'Z1', 'Z1', 'flat')": {
    "slow down": -0.025405127361840862,
    "keep going": 0.2284343246941191,
    "accelerate": 0.0
  },
  "('Z2', 'Z3', 'low', 'warmup', 'Z1', 'Z1', 'uphill')": {
    "slow down": 0.6880600226889684,
    "keep going": 0.0,
    "accelerate": 0.0
  },
  "('Z2', 'Z2', 'low', 'warmup', 'Z1', 'Z1', 'flat')": {
    "slow down": 3.0469081260558184,
    "keep going": 0.06973766202742841,
    "accelerate": 0.0
  },
  "('Z2', 'Z1', 'low', 'warmup', 'Z1', 'Z1', 'flat')": {
    "slow down": 0.26770504193713407,
    "keep going": 9.67256821056247,
    "accelerate": -0.03333857137761415
  },
  "('Z1', 'Z2', 'low', 'warmup', 'Z1', 'Z1', 'uphill')": {
    "slow down": 25.397313749402006,
    "keep going": 2.26195325952866,
    "accelerate": 0.027129426442758477
  },
  "('Z1', 'Z2', 'low', 'warmup', 'Z1', 'Z1', 'downhill')": {
    "slow down": 25.49568135855329,
    "keep going": 1.2168741926575422,
    "accelerate": 0.04284410851229125
  },
  "('Z1', 'Z1', 'low', 'push', 'Z2', 'Z2', 'flat')": {
    "slow down": 18.96011713264129,
    "keep going": 19.033993261922447,
    "accelerate": 21.67250626733615
  },
  "('Z1', 'Z1', 'low', 'push', 'Z2', 'Z2', 'downhill')": {
    "slow down": 19.407761536780953,
    "keep going": 8.120750964057342,
    "accelerate": 2.4189686678038065
  },
  "('Z1', 'Z2', 'low', 'push', 'Z2', 'Z2', 'flat')": {
    "slow down": 12.62330079541588,
    "keep going": 22.243102000882217,
    "accelerate": 10.118195299061169
  },
  "('Z1', 'Z1', 'low', 'push', 'Z2', 'Z2', 'uphill')": {
    "slow down": 19.286949019254507,
    "keep going": 4.4018771868097435,
    "accelerate": 5.704171256794458
  },
  "('Z1', 'Z2', 'low', 'push', 'Z2', 'Z2', 'downhill')": {
    "slow down": 10.714114532241032,
    "keep going": 1.3883312275147066,
    "accelerate": 2.281801440321644
  },
  "('Z2', 'Z2', 'low', 'push', 'Z2', 'Z2', 'flat')": {
    "slow down": 23.15567898650075,
    "keep going": 23.855478457073215,
    "accelerate": 23.211653353542566
  },
  "('Z2', 'Z2', 'low', 'push', 'Z2', 'Z2', 'uphill')": {
    "slow down": 23.228758653573735,
    "keep going": 24.006384512405262,
    "accelerate": 23.34912402057436
  },
  "('Z1', 'Z2', 'low', 'push', 'Z2', 'Z2', 'uphill')": {
    "slow down": 8.781316394381271,
    "keep going": 0.7469520212835795,
    "accelerate": 0.0
  },
  "('Z2', 'Z3', 'low', 'push', 'Z2', 'Z2', 'flat')": {
    "slow down": 24.848748302886403,
    "keep going": 23.265722642045382,
    "accelerate": 12.761969684908271
  },
  "('Z2', 'Z1', 'low', 'push', 'Z2', 'Z2', 'flat')": {
    "slow down": 23.108860240523263,
    "keep going": 23.002628769702596,
    "accelerate": 24.772858040884227
  },
  "('Z2', 'Z2', 'low', 'push', 'Z2', 'Z2', 'downhill')": {
    "slow down": 23.094422046410553,
    "keep going": 24.003686114214545,
    "accelerate": 23.359963873835515
  },
  "('Z2', 'Z1', 'low', 'push', 'Z2', 'Z2', 'downhill')": {
    "slow down": 23.275257379793388,
    "keep going": 10.813193820086013,
    "accelerate": 10.853156531097122
  },
  "('Z2', 'Z3', 'low', 'push', 'Z2', 'Z2', 'uphill')": {
    "slow down": 24.399734223911878,
    "keep going": 4.252678226212388,
    "accelerate": 1.728388526694662
  },
  "('Z2', 'Z3', 'low', 'push', 'Z2', 'Z2', 'downhill')": {
    "slow down": 24.446655672040627,
    "keep going": 5.013651349904713,
    "accelerate": 2.6161974939973422
  },
  "('Z2', 'Z1', 'low', 'push', 'Z2', 'Z2', 'uphill')": {
    "slow down": 23.127353316094766,
    "keep going": 8.094271144367545,
    "accelerate": 8.76362774874583
  },
  "('Z2', 'Z4', 'low', 'push', 'Z2', 'Z2', 'flat')": {
    "slow down": 9.135642753448693,
    "keep going": 0.014817232935237113,
    "accelerate": -0.16107003716178134
  },
  "('Z2', 'Z2', 'low', 'push', 'Z3', 'Z3', 'flat')": {
    "slow down": 17.20904692656307,
    "keep going": 20.43085136422,
    "accelerate": 22.71528123082395
  },
  "('Z2', 'Z1', 'low', 'push', 'Z3', 'Z3', 'flat')": {
    "slow down": 10.976485630961145,
    "keep going": 13.033163404713312,
    "accelerate": 21.42122157612902
  },
  "('Z1', 'Z1', 'low', 'push', 'Z3', 'Z3', 'flat')": {
    "slow down": -0.027997908758040948,
    "keep going": -0.026791171661387805,
    "accelerate": 0.3403567432022402
  },
  "('Z1', 'Z2', 'low', 'push', 'Z3', 'Z3', 'flat')": {
    "slow down": 0.0,
    "keep going": 0.03675931915314502,
    "accelerate": 0.0
  },
  "('Z2', 'Z3', 'low', 'push', 'Z3', 'Z3', 'flat')": {
    "slow down": 20.700308286549344,
    "keep going": 24.057466054929115,
    "accelerate": 18.583468879590306
  },
  "('Z3', 'Z4', 'low', 'push', 'Z3', 'Z3', 'flat')": {
    "slow down": 24.684357844854905,
    "keep going": 20.482560437085205,
    "accelerate": 5.532069777574165
  },
  "('Z3', 'Z3', 'low', 'push', 'Z3', 'Z3', 'flat')": {
    "slow down": 17.696114310554417,
    "keep going": 22.778718498216236,
    "accelerate": 22.740225085819628
  },
  "('Z3', 'Z2', 'low', 'push', 'Z3', 'Z3', 'flat')": {
    "slow down": 18.681958497309953,
    "keep going": 11.011344884515808,
    "accelerate": 14.391394159797928
  },
  "('Z2', 'Z2', 'low', 'cooldown', 'Z1', 'Z1', 'flat')": {
    "slow down": 0.0,
    "keep going": 0.0,
    "accelerate": 0.0
  },
  "('Z3', 'Z4', 'low', 'push', 'Z2', 'Z2', 'uphill')": {
    "slow down": 6.683273259939266,
    "keep going": 0.0,
    "accelerate": 0.0
  },
  "('Z3', 'Z3', 'low', 'push', 'Z2', 'Z2', 'flat')": {
    "slow down": 21.1503791477598,
    "keep going": 0.3785728155027921,
    "accelerate": 0.855731302856876
  },
  "('Z3', 'Z2', 'low', 'push', 'Z2', 'Z2', 'uphill')": {
    "slow down": 4.79766194322422,
    "keep going": 0.0,
    "accelerate": 0.0
  },
  "('Z3', 'Z3', 'low', 'push', 'Z2', 'Z2', 'downhill')": {
    "slow down": 7.386654437313338,
    "keep going": 0.0,
    "accelerate": 0.0
  },
  "('Z3', 'Z4', 'low', 'push', 'Z2', 'Z2', 'flat')": {
    "slow down": 16.84275790395424,
    "keep going": 0.44460412882935313,
    "accelerate": -0.22205353893449176
  },
  "('Z3', 'Z2', 'low', 'push', 'Z2', 'Z2', 'flat')": {
    "slow down": 22.905035833891606,
    "keep going": 1.1971739493503908,
    "accelerate": 0.0
  },
  "('Z3', 'Z4', 'low', 'push', 'Z2', 'Z2', 'downhill')": {
    "slow down": 4.86306367996545,
    "keep going": 0.0,
    "accelerate": 0.0
  },
  "('Z2', 'Z1', 'low', 'cooldown', 'Z1', 'Z1', 'flat')": {
    "slow down": 0.0,
    "keep going": 0.0,
    "accelerate": 0.0
  },
  "('Z2', 'Z3', 'low', 'warmup', 'Z1', 'Z1', 'downhill')": {
    "slow down": 0.2959534235849133,
    "keep going": 0.0,
    "accelerate": 0.0
  },
  "('Z2', 'Z1', 'low', 'warmup', 'Z1', 'Z1', 'downhill')": {
    "slow down": 7.159408388360081,
    "keep going": 0.0,
    "accelerate": 0.0
  },
  "('Z3', 'Z5', 'low', 'push', 'Z2', 'Z2', 'uphill')": {
    "slow down": 0.003306675647463878,
    "keep going": 0.0,
    "accelerate": 0.0
  },
  "('Z3', 'Z1', 'low', 'push', 'Z2', 'Z2', 'flat')": {
    "slow down": 0.9011910818850126,
    "keep going": 0.0,
    "accelerate": 2.7837695050919034
  },
  "('Z2', 'Z3', 'low', 'cooldown', 'Z1', 'Z1', 'flat')": {
    "slow down": 0.0,
    "keep going": 0.0,