{
  "('Z1', 'Z1', 'low', 'warmup', 'Z1', 'Z1', 'flat')": {
    "slow down": 51.05599031311584,
    "keep going": 51.010751325562566,
    "accelerate": 49.90454339402051
  },
  "('Z1', 'Z2', 'low', 'warmup', 'Z1', 'Z1', 'flat')": {
    "slow down": 51.278737050993165,
    "keep going": 50.32791228508569,
    "accelerate": 40.53433674572433
  },
  "('Z2', 'Z3', 'low', 'warmup', 'Z1', 'Z1', 'downhill')": {
    "slow down": 40.76374906976966,
    "keep going": 4.256658195604078,
    "accelerate": 0.501655909501001
  },
  "('Z2', 'Z2', 'low', 'warmup', 'Z1', 'Z1', 'downhill')": {
    "slow down": 41.4988373935326,
    "keep going": 11.076034014527409,
    "accelerate": 8.60713006590489
  },
  "('Z2', 'Z2', 'low', 'warmup', 'Z1', 'Z1', 'flat')": {
    "slow down": 46.29787524776935,
    "keep going": 30.349141307421014,
    "accelerate": 32.40315589007217
  },
  "('Z2', 'Z3', 'low', 'warmup', 'Z1', 'Z1', 'flat')": {
    "slow down": 45.55701881029064,
    "keep going": 23.872196732924763,
    "accelerate": 3.3317157293950475
  },
  "('Z2', 'Z1', 'low', 'warmup', 'Z1', 'Z1', 'flat')": {
    "slow down": 43.561750259504265,
    "keep going": 51.407880707677286,
    "accelerate": 31.640437880706163
  },
  "('Z1', 'Z1', 'low', 'warmup', 'Z1', 'Z1', 'uphill')": {
    "slow down": 51.25079633034971,
    "keep going": 51.843179601928796,
    "accelerate": 50.03926117443571
  },
  "('Z1', 'Z1', 'low', 'warmup', 'Z1', 'Z1', 'downhill')": {
    "slow down": 51.33582768400307,
    "keep going": 51.819636149434324,
    "accelerate": 49.98223914979872
  },
  "('Z2', 'Z3', 'low', 'warmup', 'Z1', 'Z1', 'uphill')": {
    "slow down": 36.8527500018761,
    "keep going": 0.47553246411763017,
    "accelerate": 0.5672360582096123
  },
  "('Z2', 'Z2', 'low', 'warmup', 'Z1', 'Z1', 'uphill')": {
    "slow down": 33.17547977536772,
    "keep going": 4.847676943804159,
    "accelerate": 1.9628854370908133
  },
  "('Z2', 'Z1', 'low', 'warmup', 'Z1', 'Z1', 'downhill')": {
    "slow down": 48.01727340725353,
    "keep going": 25.59438006919193,
    "accelerate": 10.214320382126584
  },
  "('Z1', 'Z2', 'low', 'warmup', 'Z1', 'Z1', 'uphill')": {
    "slow down": 51.17008951125016,
    "keep going": 39.547057244687615,
    "accelerate": 19.583876076892082
  },
  "('Z1', 'Z2', 'low', 'warmup', 'Z1', 'Z1', 'downhill')": {
    "slow down": 51.324321217387556,
    "keep going": 45.326586253609776,
    "accelerate": 28.664225800454844
  },
  "('Z2', 'Z1', 'low', 'warmup', 'Z1', 'Z1', 'uphill')": {
    "slow down": 35.06889500778478,
    "keep going": 0.94814052441548,
    "accelerate": 1.9720453550067267
  },
  "('Z2', 'Z4', 'low', 'warmup', 'Z1', 'Z1', 'flat')": {
    "slow down": 11.573238720333382,
    "keep going": 0.7782686317122605,
    "accelerate": -0.44505981705075437
  },
  "('Z1', 'Z1', 'low', 'push', 'Z2', 'Z2', 'flat')": {
    "slow down": 39.971875661290696,
    "keep going": 40.2957376249565,
    "accelerate": 44.84602326795275
  },
  "('Z1', 'Z2', 'low', 'push', 'Z2', 'Z2', 'flat')": {
    "slow down": 41.032290528663005,
    "keep going": 45.5597190973688,
    "accelerate": 31.96182131605993
  },
  "('Z2', 'Z3', 'low', 'push', 'Z2', 'Z2', 'flat')": {
    "slow down": 48.41491719691882,
    "keep going": 47.028119792236446,
    "accelerate": 37.58758680529076
  },
  "('Z2', 'Z2', 'low', 'push', 'Z2', 'Z2', 'flat')": {
    "slow down": 46.72982314068894,
    "keep going": 47.103340105219885,
    "accelerate": 47.164897597082906
  },
  "('Z2', 'Z1', 'low', 'push', 'Z2', 'Z2', 'flat')": {
    "slow down": 46.611428839904534,
    "keep going": 46.84485186414965,
    "accelerate": 48.60213855217586
  },
  "('Z1', 'Z1', 'low', 'push', 'Z2', 'Z2', 'downhill')": {
    "slow down": 17.366335477844196,
    "keep going": 33.44293438593883,
    "accelerate": 24.97081710419441
  },
  "('Z2', 'Z2', 'low', 'push', 'Z2', 'Z2', 'uphill')": {
    "slow down": 46.9990064013579,
    "keep going": 47.93643370289487,
    "accelerate": 47.010820470289715
  },
  "('Z2', 'Z2', 'low', 'push', 'Z2', 'Z2', 'downhill')": {
    "slow down": 46.929539634265595,
    "keep going": 47.91532930718311,
    "accelerate": 47.16590590085271
  },
  "('Z1', 'Z1', 'low', 'push', 'Z2', 'Z2', 'uphill')": {
    "slow down": 28.715382316016022,
    "keep going": 20.610107392220225,
    "accelerate": 37.28025069872842
  },
  "('Z1', 'Z2', 'low', 'push', 'Z2', 'Z2', 'uphill')": {
    "slow down": 3.100703062522649,
    "keep going": 24.097417905652765,
    "accelerate": 5.192795385102643
  },
  "('Z2', 'Z3', 'low', 'push', 'Z2', 'Z2', 'uphill')": {
    "slow down": 48.073424743416794,
    "keep going": 37.577875891224075,
    "accelerate": 29.491590270940456
  },
  "('Z2', 'Z1', 'low', 'push', 'Z2', 'Z2', 'downhill')": {
    "slow down": 46.85795196093098,
    "keep going": 41.111426653712265,
    "accelerate": 41.974010811311544
  },
  "('Z2', 'Z3', 'low', 'push', 'Z2', 'Z2', 'downhill')": {
    "slow down": 34.41379292966137,
    "keep going": 47.14191413611885,
    "accelerate": 27.449319851214867
  },
  "('Z2', 'Z1', 'low', 'push', 'Z2', 'Z2', 'uphill')": {
    "slow down": 47.16383063280785,
    "keep going": 40.759304170640476,
    "accelerate": 42.57575012379299
  },
  "('Z1', 'Z2', 'low', 'push', 'Z2', 'Z2', 'downhill')": {
    "slow down": 24.18142011822786,
    "keep going": 4.677148559232429,
    "accelerate": 5.506588887036457
  },
  "('Z2', 'Z4', 'low', 'push', 'Z2', 'Z2', 'flat')": {
    "slow down": 40.757419996532875,
    "keep going": 1.3913945214560586,
    "accelerate": 0.0
  },
  "('Z3', 'Z3', 'low', 'push', 'Z2', 'Z2', 'uphill')": {
    "slow down": 39.93989275838338,
    "keep going": 8.662655891271942,
    "accelerate": 3.799276509699958
  },
  "('Z3', 'Z3', 'low', 'push', 'Z2', 'Z2', 'flat')": {
    "slow down": 44.11353849280464,
    "keep going": 35.10957732821058,
    "accelerate": 37.33030894521682
  },
  "('Z3', 'Z4', 'low', 'push', 'Z2', 'Z2', 'flat')": {
    "slow down": 43.910427346794926,
    "keep going": 29.741002885960672,
    "accelerate": 8.107464155856478
  },
  "('Z3', 'Z2', 'low', 'push', 'Z2', 'Z2', 'flat')": {
    "slow down": 46.373540425232875,
    "keep going": 28.33031761244183,
    "accelerate": 29.868097660177895
  },
  "('Z1', 'Z2', 'low', 'cooldown', 'Z1', 'Z1', 'downhill')": {
    "slow down": 49.48187906948857,
    "keep going": 43.88293956590137,
    "accelerate": 29.516231998047076
  },
  "('Z1', 'Z1', 'low', 'cooldown', 'Z1', 'Z1', 'flat')": {
    "slow down": 47.88081294546787,
    "keep going": 47.99414203593356,
    "accelerate": 47.4249063553826
  },
  "('Z1', 'Z2', 'low', 'cooldown', 'Z1', 'Z1', 'flat')": {
    "slow down": 49.49029539831663,
    "keep going": 47.77553702762961,
    "accelerate": 40.87434557468321
  },
  "('Z1', 'Z2', 'low', 'cooldown', 'Z1', 'Z1', 'uphill')": {
    "slow down": 49.449326319659136,
    "keep going": 41.55938929254781,
    "accelerate": 32.2874185481933
  },
  "('Z1', 'Z1', 'low', 'cooldown', 'Z1', 'Z1', 'downhill')": {
    "slow down": 47.90122252559478,
    "keep going": 47.9680228017433,
    "accelerate": 47.43325009744904
  },
  "('Z1', 'Z1', 'low', 'cooldown', 'Z1', 'Z1', 'uphill')": {
    "slow down": 47.91467775789469,
    "keep going": 47.95458743572059,
    "accelerate": 47.44993259114314
  },
  "('Z2', 'Z3', 'low', 'cooldown', 'Z1', 'Z1', 'flat')": {
    "slow down": 44.13997966737507,
    "keep going": 36.39502560436202,
    "accelerate": 7.632303012956048
  },
  "('Z2', 'Z2', 'low', 'cooldown', 'Z1', 'Z1', 'flat')": {
    "slow down": 45.50892927207098,
    "keep going": 41.04931411746496,
    "accelerate": 36.74769640907916
  },
  "('Z2', 'Z1', 'low', 'cooldown', 'Z1', 'Z1', 'downhill')": {
    "slow down": 47.232236175476096,
    "keep going": 24.736477655630804,
    "accelerate": 11.561855368484627
  },
  "('Z2', 'Z1', 'low', 'cooldown', 'Z1', 'Z1', 'flat')": {
    "slow down": 46.870918421760265,
    "keep going": 46.25458805597702,
    "accelerate": 41.46833778867437
  },