{
  "('Z1', 'Z1', 'low', 'warmup', 'Z1', 'Z1', 'flat')": {
    "slow down": 85.42853657407193,
    "keep going": 85.55796459392317,
    "accelerate": 84.3544981912489
  },
  "('Z1', 'Z1', 'low', 'warmup', 'Z1', 'Z1', 'downhill')": {
    "slow down": 85.73944491164757,
    "keep going": 86.4058027481365,
    "accelerate": 84.4538078397558
  },
  "('Z1', 'Z1', 'low', 'warmup', 'Z1', 'Z1', 'uphill')": {
    "slow down": 85.68314088484001,
    "keep going": 86.37801601968809,
    "accelerate": 84.47888741840453
  },
  "('Z1', 'Z2', 'low', 'warmup', 'Z1', 'Z1', 'uphill')": {
    "slow down": 85.78362304414776,
    "keep going": 76.61915811859136,
    "accelerate": 64.90249848806683
  },
  "('Z2', 'Z3', 'low', 'warmup', 'Z1', 'Z1', 'flat')": {
    "slow down": 82.81446940940882,
    "keep going": 63.2287935900469,
    "accelerate": 29.738120332037692
  },
  "('Z2', 'Z2', 'low', 'warmup', 'Z1', 'Z1', 'flat')": {
    "slow down": 83.52723324383615,
    "keep going": 75.10906889362482,
    "accelerate": 70.33566952557479
  },
  "('Z2', 'Z1', 'low', 'warmup', 'Z1', 'Z1', 'flat')": {
    "slow down": 82.2858841780486,
    "keep going": 85.9251226992702,
    "accelerate": 77.56722175106408
  },
  "('Z1', 'Z2', 'low', 'warmup', 'Z1', 'Z1', 'flat')": {
    "slow down": 85.75325550737081,
    "keep going": 84.6914293861937,
    "accelerate": 76.45534331667857
  },
  "('Z2', 'Z2', 'low', 'warmup', 'Z1', 'Z1', 'uphill')": {
    "slow down": 80.53136025827214,
    "keep going": 36.58001804320088,
    "accelerate": 34.909748363647815
  },
  "('Z2', 'Z2', 'low', 'warmup', 'Z1', 'Z1', 'downhill')": {
    "slow down": 82.27481171070028,
    "keep going": 28.99918785738567,
    "accelerate": 28.542139788780617
  },
  "('Z1', 'Z2', 'low', 'warmup', 'Z1', 'Z1', 'downhill')": {
    "slow down": 85.67760440190727,
    "keep going": 82.5835749382144,
    "accelerate": 74.74921094389659
  },
  "('Z2', 'Z1', 'low', 'warmup', 'Z1', 'Z1', 'downhill')": {
    "slow down": 83.52247852485296,
    "keep going": 57.12456106408677,
    "accelerate": 54.108389928822085
  },
  "('Z2', 'Z3', 'low', 'warmup', 'Z1', 'Z1', 'uphill')": {
    "slow down": 76.43931006229302,
    "keep going": 12.019690098425867,
    "accelerate": 11.386858610993306
  },
  "('Z3', 'Z4', 'low', 'warmup', 'Z1', 'Z1', 'flat')": {
    "slow down": 6.401261446571398,
    "keep going": -0.730881311095659,
    "accelerate": -1.4938553739457554
  },
  "('Z3', 'Z3', 'low', 'warmup', 'Z1', 'Z1', 'flat')": {
    "slow down": 28.982303021436966,
    "keep going": 1.7764286865493009,
    "accelerate": -0.5942556227298409
  },
  "('Z3', 'Z2', 'low', 'warmup', 'Z1', 'Z1', 'flat')": {
    "slow down": 43.395733924322684,
    "keep going": 0.37575049640044805,
    "accelerate": 3.6878523260528784
  },
  "('Z2', 'Z4', 'low', 'warmup', 'Z1', 'Z1', 'flat')": {
    "slow down": 62.88952645699063,
    "keep going": 7.093036594923012,
    "accelerate": -0.7402822714871915
  },
  "('Z3', 'Z4', 'low', 'warmup', 'Z1', 'Z1', 'uphill')": {
    "slow down": -0.06407863455603438,
    "keep going": 0.12134752418941067,
    "accelerate": -0.359221456541912
  },
  "('Z4', 'Z5', 'low', 'warmup', 'Z1', 'Z1', 'uphill')": {
    "slow down": -0.18863634927705095,
    "keep going": -0.5794481854223725,
    "accelerate": 0.0
  },
  "('Z4', 'Z4', 'low', 'warmup', 'Z1', 'Z1', 'flat')": {
    "slow down": 0.5007486828390513,
    "keep going": -0.7596074308366993,
    "accelerate": -0.9788946937027917
  },
  "('Z4', 'Z5', 'low', 'warmup', 'Z1', 'Z1', 'flat')": {
    "slow down": -0.8136462896869542,
    "keep going": -1.0237246379851717,
    "accelerate": -1.1974587620891877
  },
  "('Z4', 'Z3', 'low', 'warmup', 'Z1', 'Z1', 'uphill')": {
    "slow down": -0.14537512713084486,
    "keep going": 0.0,
    "accelerate": 0.0
  },
  "('Z4', 'Z2', 'low', 'warmup', 'Z1', 'Z1', 'flat')": {
    "slow down": 0.0,
    "keep going": 0.6799586250764187,
    "accelerate": 0.0
  },
  "('Z3', 'Z2', 'low', 'warmup', 'Z1', 'Z1', 'uphill')": {
    "slow down": 1.4235170594506634,
    "keep going": 0.0,
    "accelerate": 1.8702389428261184
  },
  "('Z2', 'Z1', 'low', 'warmup', 'Z1', 'Z1', 'uphill')": {
    "slow down": 46.793145259312546,
    "keep going": 84.0794188846567,
    "accelerate": 25.89930861746332
  },
  "('Z2', 'Z3', 'low', 'warmup', 'Z1', 'Z1', 'downhill')": {
    "slow down": 75.97320429663388,
    "keep going": 30.967256748306703,
    "accelerate": 12.058114468036596
  },
  "('Z3', 'Z5', 'low', 'warmup', 'Z1', 'Z1', 'flat')": {
    "slow down": -0.9219974567050159,
    "keep going": -1.0036776571758328,
    "accelerate": -0.7888759935294495
  },
  "('Z3', 'Z3', 'low', 'warmup', 'Z1', 'Z1', 'downhill')": {
    "slow down": 9.965600801948195,
    "keep going": -0.05995441670033661,
    "accelerate": 0.0
  },
  "('Z3', 'Z4', 'low', 'warmup', 'Z1', 'Z1', 'downhill')": {
    "slow down": 3.665940747018099,
    "keep going": -0.23000051905200758,
    "accelerate": -0.25274591106480715
  },
  "('Z3', 'Z1', 'low', 'warmup', 'Z1', 'Z1', 'flat')": {
    "slow down": 33.58098724569151,
    "keep going": 3.0258887187164216,
    "accelerate": 1.3084188627667974
  },
  "('Z1', 'Z2', 'low', 'push', 'Z2', 'Z2', 'flat')": {
    "slow down": 76.55789606662685,
    "keep going": 78.71839679579473,
    "accelerate": 79.82127092743447
  },
  "('Z1', 'Z1', 'low', 'push', 'Z2', 'Z2', 'flat')": {
    "slow down": 78.0000296055954,
    "keep going": 77.70525848971775,
    "accelerate": 79.01237242814368
  },
  "('Z2', 'Z3', 'low', 'push', 'Z2', 'Z2', 'flat')": {
    "slow down": 81.06809228092395,
    "keep going": 79.1972829319269,
    "accelerate": 76.29122642637513
  },
  "('Z2', 'Z2', 'low', 'push', 'Z2', 'Z2', 'downhill')": {
    "slow down": 79.41265370083381,
    "keep going": 79.94361649571297,
    "accelerate": 79.1821437276993
  },
  "('Z2', 'Z1', 'low', 'push', 'Z2', 'Z2', 'flat')": {
    "slow down": 79.15260910667313,
    "keep going": 79.01294774225424,
    "accelerate": 80.68377590710953
  },
  "('Z2', 'Z2', 'low', 'push', 'Z2', 'Z2', 'flat')": {
    "slow down": 79.1451092548464,
    "keep going": 79.54454946328727,
    "accelerate": 79.16844943077282
  },
  "('Z2', 'Z1', 'low', 'push', 'Z2', 'Z2', 'uphill')": {
    "slow down": 79.04035109089904,
    "keep going": 79.30335510628109,
    "accelerate": 80.18555383890478
  },
  "('Z1', 'Z1', 'low', 'push', 'Z2', 'Z2', 'downhill')": {
    "slow down": 77.73766136633623,
    "keep going": 58.664425894154405,
    "accelerate": 70.60764862949733
  },
  "('Z1', 'Z1', 'low', 'push', 'Z2', 'Z2', 'uphill')": {
    "slow down": 62.46505136218417,
    "keep going": 77.89290374196852,
    "accelerate": 53.482741463102364
  },
  "('Z1', 'Z2', 'low', 'push', 'Z2', 'Z2', 'uphill')": {
    "slow down": 20.270639469571655,
    "keep going": 55.814256340726985,
    "accelerate": 24.65103291883317
  },
  "('Z1', 'Z2', 'low', 'push', 'Z2', 'Z2', 'downhill')": {
    "slow down": 26.811333577358972,
    "keep going": 60.01987105889183,
    "accelerate": 11.572478861300405
  },
  "('Z2', 'Z3', 'low', 'push', 'Z2', 'Z2', 'uphill')": {
    "slow down": 80.2024714764314,
    "keep going": 78.91227835032954,
    "accelerate": 76.0649656368792
  },
  "('Z2', 'Z4', 'low', 'push', 'Z2', 'Z2', 'downhill')": {
    "slow down": 72.74256009425527,
    "keep going": 26.797034233366688,
    "accelerate": 11.591578075374835
  },
  "('Z2', 'Z3', 'low', 'push', 'Z2', 'Z2', 'downhill')": {
    "slow down": 80.39078092026664,
    "keep going": 78.99179672145483,
    "accelerate": 76.07875719608232
  },
  "('Z2', 'Z2', 'low', 'push', 'Z2', 'Z2', 'uphill')": {
    "slow down": 79.27578514673417,
    "keep going": 79.97037095813722,
    "accelerate": 79.23824951419834
  },
  "('Z2', 'Z4', 'low', 'push', 'Z2', 'Z2', 'flat')": {
    "slow down": 79.93087765631981,
    "keep going": 75.34894282775981,
    "accelerate": 68.63866680652265
  },
  "('Z3', 'Z3', 'low', 'push', 'Z2', 'Z2', 'flat')": {
    "slow down": 79.19541341413712,