{
  "('Z1', 'Z1', 'low', 'warmup', 'Z1', 'Z1', 'flat')": {
    "slow down": 253.48406403230928,
    "keep going": 253.45022738016343,
    "accelerate": 253.3508079967444
  },
  "('Z1', 'Z1', 'low', 'warmup', 'Z1', 'Z1', 'downhill')": {
    "slow down": 254.62140317920668,
    "keep going": 255.31286208700402,
    "accelerate": 253.65685447587217
  },
  "('Z1', 'Z2', 'low', 'warmup', 'Z1', 'Z1', 'downhill')": {
    "slow down": 254.22446874868848,
    "keep going": 81.51925770198844,
    "accelerate": 39.398823571016344
  },
  "('Z1', 'Z2', 'low', 'warmup', 'Z1', 'Z1', 'flat')": {
    "slow down": 254.51312397075048,
    "keep going": 237.7296583090481,
    "accelerate": 143.03503402793655
  },
  "('Z1', 'Z1', 'low', 'warmup', 'Z1', 'Z1', 'uphill')": {
    "slow down": 254.54898612116085,
    "keep going": 255.30652501436458,
    "accelerate": 253.68623022221132
  },
  "('Z1', 'Z2', 'low', 'warmup', 'Z1', 'Z1', 'uphill')": {
    "slow down": 254.28486964981198,
    "keep going": 102.71052973287034,
    "accelerate": 48.74412618885161
  },
  "('Z2', 'Z3', 'low', 'warmup', 'Z1', 'Z1', 'downhill')": {
    "slow down": 119.14087857830923,
    "keep going": 0.0,
    "accelerate": 0.43358075080157427
  },
  "('Z2', 'Z2', 'low', 'warmup', 'Z1', 'Z1', 'flat')": {
    "slow down": 217.40380832647517,
    "keep going": 22.134200675784903,
    "accelerate": 15.64536407862381
  },
  "('Z2', 'Z1', 'low', 'warmup', 'Z1', 'Z1', 'downhill')": {
    "slow down": 173.14069780215897,
    "keep going": 1.7408329227824932,
    "accelerate": 9.522442919578227
  },
  "('Z2', 'Z3', 'low', 'warmup', 'Z1', 'Z1', 'flat')": {
    "slow down": 180.3416861229071,
    "keep going": 42.593477339127745,
    "accelerate": -0.518002635681008
  },
  "('Z2', 'Z2', 'low', 'warmup', 'Z1', 'Z1', 'uphill')": {
    "slow down": 64.65637145394541,
    "keep going": 2.0009919030913546,
    "accelerate": 0.0
  },
  "('Z2', 'Z1', 'low', 'warmup', 'Z1', 'Z1', 'flat')": {
    "slow down": 57.425244518110816,
    "keep going": 239.19573514851217,
    "accelerate": 53.471243266101894
  },
  "('Z2', 'Z2', 'low', 'warmup', 'Z1', 'Z1', 'downhill')": {
    "slow down": 159.18220792703406,
    "keep going": 0.0,
    "accelerate": 21.19520979016333
  },
  "('Z2', 'Z1', 'low', 'warmup', 'Z1', 'Z1', 'uphill')": {
    "slow down": 84.82515140875091,
    "keep going": 0.0,
    "accelerate": 0.0
  },
  "('Z2', 'Z3', 'low', 'warmup', 'Z1', 'Z1', 'uphill')": {
    "slow down": 95.80277199644851,
    "keep going": 0.0,
    "accelerate": -0.1311116922566008
  },
  "('Z2', 'Z4', 'low', 'warmup', 'Z1', 'Z1', 'flat')": {
    "slow down": 6.675495897926467,
    "keep going": -0.3258440493161827,
    "accelerate": -0.4518160458125118
  },
  "('Z3', 'Z3', 'low', 'warmup', 'Z1', 'Z1', 'downhill')": {
    "slow down": 0.7275931684011056,
    "keep going": 0.0,
    "accelerate": 0.0
  },
  "('Z1', 'Z1', 'low', 'push', 'Z2', 'Z2', 'flat')": {
    "slow down": 192.85897107158178,
    "keep going": 188.8849015746568,
    "accelerate": 236.92861779933787
  },
  "('Z1', 'Z2', 'low', 'push', 'Z2', 'Z2', 'flat')": {
    "slow down": 162.89709700759278,
    "keep going": 237.5471545175296,
    "accelerate": 178.62636001152475
  },
  "('Z2', 'Z2', 'low', 'push', 'Z2', 'Z2', 'flat')": {
    "slow down": 238.8391345006078,
    "keep going": 239.32385213606642,
    "accelerate": 239.05767801209387
  },
  "('Z2', 'Z2', 'low', 'push', 'Z2', 'Z2', 'downhill')": {
    "slow down": 239.02164120128222,
    "keep going": 239.68359401859328,
    "accelerate": 238.9489822619641
  },
  "('Z1', 'Z1', 'low', 'push', 'Z2', 'Z2', 'uphill')": {
    "slow down": 181.40844730841374,
    "keep going": 117.32891639602407,
    "accelerate": 122.3711764250876
  },
  "('Z1', 'Z1', 'low', 'push', 'Z2', 'Z2', 'downhill')": {
    "slow down": 179.63180314318987,
    "keep going": 115.99805593927177,
    "accelerate": 129.20705818609386
  },
  "('Z2', 'Z2', 'low', 'push', 'Z2', 'Z2', 'uphill')": {
    "slow down": 238.73504911192728,
    "keep going": 239.67585637076297,
    "accelerate": 239.14286608080207
  },
  "('Z1', 'Z2', 'low', 'push', 'Z2', 'Z2', 'downhill')": {
    "slow down": 152.11366965981136,
    "keep going": 68.29927058625165,
    "accelerate": 65.73096542860235
  },
  "('Z1', 'Z2', 'low', 'push', 'Z2', 'Z2', 'uphill')": {
    "slow down": 137.29423074644598,
    "keep going": 66.58301190506855,
    "accelerate": 67.71726706949008
  },
  "('Z2', 'Z1', 'low', 'push', 'Z2', 'Z2', 'flat')": {
    "slow down": 236.39335288780813,
    "keep going": 236.31201437902644,
    "accelerate": 240.25713951828115
  },
  "('Z2', 'Z3', 'low', 'push', 'Z2', 'Z2', 'flat')": {
    "slow down": 240.3224663903246,
    "keep going": 219.8974759709513,
    "accelerate": 66.08965610147975
  },
  "('Z2', 'Z3', 'low', 'push', 'Z2', 'Z2', 'uphill')": {
    "slow down": 239.92291757228045,
    "keep going": 33.67755525081614,
    "accelerate": 12.402393995372346
  },
  "('Z2', 'Z1', 'low', 'push', 'Z2', 'Z2', 'uphill')": {
    "slow down": 238.9886451542654,
    "keep going": 72.20920789175663,
    "accelerate": 34.573205046107134
  },
  "('Z2', 'Z1', 'low', 'push', 'Z2', 'Z2', 'downhill')": {
    "slow down": 238.74188132982178,
    "keep going": 123.19839436146857,
    "accelerate": 175.79185203416483
  },
  "('Z2', 'Z4', 'low', 'push', 'Z2', 'Z2', 'flat')": {
    "slow down": 84.03182147509776,
    "keep going": 0.7208777439602101,
    "accelerate": 0.0
  },
  "('Z2', 'Z4', 'low', 'push', 'Z2', 'Z2', 'uphill')": {
    "slow down": 0.0,
    "keep going": -0.04377838731763693,
    "accelerate": 0.0
  },
  "('Z3', 'Z4', 'low', 'push', 'Z2', 'Z2', 'flat')": {
    "slow down": 114.64968202409705,
    "keep going": -0.028807822018682074,
    "accelerate": 0.0
  },
  "('Z3', 'Z3', 'low', 'push', 'Z2', 'Z2', 'flat')": {
    "slow down": 176.44165469721437,
    "keep going": 0.0,
    "accelerate": 0.0
  },
  "('Z3', 'Z2', 'low', 'push', 'Z2', 'Z2', 'flat')": {
    "slow down": 208.8426704804447,
    "keep going": 0.0,
    "accelerate": 0.0
  },
  "('Z1', 'Z1', 'low', 'cooldown', 'Z1', 'Z1', 'downhill')": {
    "slow down": 239.93687634373936,
    "keep going": 239.79418359403132,
    "accelerate": 239.42040630282477
  },
  "('Z1', 'Z1', 'low', 'cooldown', 'Z1', 'Z1', 'flat')": {
    "slow down": 239.8160294487772,
    "keep going": 239.9079113049888,
    "accelerate": 239.359585806276
  },
  "('Z1', 'Z1', 'low', 'cooldown', 'Z1', 'Z1', 'uphill')": {
    "slow down": 239.85150377103878,
    "keep going": 239.90102282219118,
    "accelerate": 239.42071856653112
  },
  "('Z1', 'Z2', 'low', 'cooldown', 'Z1', 'Z1', 'flat')": {
    "slow down": 241.36213789390075,
    "keep going": 239.54767981446517,
    "accelerate": 161.61231164191685
  },
  "('Z2', 'Z3', 'low', 'cooldown', 'Z1', 'Z1', 'flat')": {
    "slow down": 187.32492419194296,
    "keep going": 37.87895628194245,
    "accelerate": 0.6156147673495758
  },
  "('Z2', 'Z2', 'low', 'cooldown', 'Z1', 'Z1', 'flat')": {
    "slow down": 222.71506304941417,
    "keep going": 62.71430922108441,
    "accelerate": 47.03619343143433
  },
  "('Z2', 'Z1', 'low', 'cooldown', 'Z1', 'Z1', 'downhill')": {
    "slow down": 183.88194137712182,
    "keep going": 45.53309456773914,
    "accelerate": 31.31486351505398
  },
  "('Z1', 'Z2', 'low', 'cooldown', 'Z1', 'Z1', 'downhill')": {
    "slow down": 241.4028685573149,
    "keep going": 143.29244645086825,
    "accelerate": 6.476994484408494
  },
  "('Z2', 'Z1', 'low', 'cooldown', 'Z1', 'Z1', 'flat')": {
    "slow down": 239.0218465411977,
    "keep going": 168.27531375087776,
    "accelerate": 93.5344293949731
  },
  "('Z2', 'Z2', 'low', 'cooldown', 'Z1', 'Z1', 'downhill')": {
    "slow down": 237.5893877585846,
    "keep going": 40.42180494599506,
    "accelerate": 1.200156740680333
  },
  "('Z3', 'Z4', 'low', 'warmup', 'Z1', 'Z1', 'flat')": {
    "slow down": -0.26530669366538007,
    "keep going": -0.3129807160234255,
    "accelerate": -0.2450262207308549
  },