{
  "('Z1', 'Z1', 'low', 'warmup', 'Z1', 'Z1', 'flat')": {
    "slow down": 124.76530175642586,
    "keep going": 124.93031085491191,
    "accelerate": 124.13297798344058
  },
  "('Z1', 'Z1', 'low', 'warmup', 'Z1', 'Z1', 'downhill')": {
    "slow down": 124.4794928820579,
    "keep going": 126.85872351407113,
    "accelerate": 123.16213024837728
  },
  "('Z1', 'Z1', 'low', 'warmup', 'Z1', 'Z1', 'uphill')": {
    "slow down": 124.61946582038632,
    "keep going": 126.81101989296157,
    "accelerate": 122.92450044215845
  },
  "('Z1', 'Z2', 'low', 'warmup', 'Z1', 'Z1', 'flat')": {
    "slow down": 125.93655904588466,
    "keep going": 68.65438600998976,
    "accelerate": 1.8878086346312317
  },
  "('Z1', 'Z2', 'low', 'warmup', 'Z1', 'Z1', 'downhill')": {
    "slow down": 124.90598727284845,
    "keep going": 4.656184550360433,
    "accelerate": 0.3521376876875142
  },
  "('Z1', 'Z2', 'low', 'warmup', 'Z1', 'Z1', 'uphill')": {
    "slow down": 124.67672792565976,
    "keep going": 0.0,
    "accelerate": 0.09627556559948308
  },
  "('Z1', 'Z1', 'low', 'push', 'Z3', 'Z3', 'flat')": {
    "slow down": 20.452881261427265,
    "keep going": 11.263180883898418,
    "accelerate": 100.13613238497098
  },
  "('Z1', 'Z2', 'low', 'push', 'Z3', 'Z3', 'flat')": {
    "slow down": 17.18679134364316,
    "keep going": 11.680490302188787,
    "accelerate": 102.88082871182115
  },
  "('Z2', 'Z3', 'low', 'push', 'Z3', 'Z3', 'flat')": {
    "slow down": 102.05782323472579,
    "keep going": 89.89717142317264,
    "accelerate": 76.33248927493047
  },
  "('Z2', 'Z2', 'low', 'push', 'Z3', 'Z3', 'flat')": {
    "slow down": 93.91604169641803,
    "keep going": 97.33570856421741,
    "accelerate": 103.05465291585836
  },
  "('Z2', 'Z1', 'low', 'push', 'Z3', 'Z3', 'flat')": {
    "slow down": 55.747061330279024,
    "keep going": 61.19909629811073,
    "accelerate": 103.32731286960183
  },
  "('Z2', 'Z1', 'low', 'push', 'Z3', 'Z3', 'downhill')": {
    "slow down": 4.000198771467523,
    "keep going": 2.9622072244439397,
    "accelerate": 88.9308379339797
  },
  "('Z2', 'Z2', 'low', 'push', 'Z3', 'Z3', 'uphill')": {
    "slow down": 74.57589661822067,
    "keep going": 71.48529367674857,
    "accelerate": 103.13217119342568
  },
  "('Z2', 'Z2', 'low', 'push', 'Z3', 'Z3', 'downhill')": {
    "slow down": 67.27022506780983,
    "keep going": 63.349228384140616,
    "accelerate": 101.96517539934217
  },
  "('Z2', 'Z1', 'low', 'push', 'Z3', 'Z3', 'uphill')": {
    "slow down": 79.31055561379922,
    "keep going": 11.348064479066615,
    "accelerate": 7.675417099707771
  },
  "('Z3', 'Z4', 'low', 'push', 'Z3', 'Z3', 'flat')": {
    "slow down": 105.51254815214,
    "keep going": 7.32626182503107,
    "accelerate": 0.4113306344795667
  },
  "('Z3', 'Z3', 'low', 'push', 'Z4', 'Z4', 'flat')": {
    "slow down": 69.38251738694743,
    "keep going": 72.16377856388478,
    "accelerate": 67.39689031651854
  },
  "('Z3', 'Z2', 'low', 'push', 'Z4', 'Z4', 'uphill')": {
    "slow down": -0.10457038589429773,
    "keep going": -0.025444985181033636,
    "accelerate": 66.49433441612561
  },
  "('Z2', 'Z1', 'low', 'push', 'Z4', 'Z4', 'flat')": {
    "slow down": -0.22136534935703775,
    "keep going": -0.2206787398154287,
    "accelerate": 45.89893425956709
  },
  "('Z2', 'Z2', 'low', 'push', 'Z4', 'Z4', 'flat')": {
    "slow down": 12.632576932957516,
    "keep going": 13.423429612843377,
    "accelerate": 64.80183098490598
  },
  "('Z2', 'Z1', 'low', 'push', 'Z4', 'Z4', 'uphill')": {
    "slow down": -0.11268588074640683,
    "keep going": 4.55275212305978,
    "accelerate": 0.0
  },
  "('Z2', 'Z3', 'low', 'push', 'Z4', 'Z4', 'flat')": {
    "slow down": 17.427639845169267,
    "keep going": 15.623050543008578,
    "accelerate": 62.86342494733306
  },
  "('Z3', 'Z4', 'low', 'push', 'Z4', 'Z4', 'flat')": {
    "slow down": 72.7275422037498,
    "keep going": 33.844126172157516,
    "accelerate": 2.4872387517712427
  },
  "('Z3', 'Z3', 'low', 'push', 'Z4', 'Z4', 'uphill')": {
    "slow down": 58.68249634605662,
    "keep going": 70.92456330416739,
    "accelerate": 64.07782402385526
  },
  "('Z3', 'Z2', 'low', 'push', 'Z4', 'Z4', 'flat')": {
    "slow down": 0.5626336211863713,
    "keep going": 15.343195580458854,
    "accelerate": 72.95653376999667
  },
  "('Z3', 'Z3', 'low', 'push', 'Z4', 'Z4', 'downhill')": {
    "slow down": 64.06426855429171,
    "keep going": 71.26227545682576,
    "accelerate": 61.97632488389489
  },
  "('Z3', 'Z4', 'low', 'push', 'Z4', 'Z4', 'downhill')": {
    "slow down": 5.408106633333075,
    "keep going": 62.72030709389203,
    "accelerate": 0.0
  },
  "('Z3', 'Z4', 'low', 'push', 'Z4', 'Z4', 'uphill')": {
    "slow down": 61.095399410752414,
    "keep going": 0.0,
    "accelerate": 0.0
  },
  "('Z3', 'Z3', 'low', 'push', 'Z3', 'Z3', 'flat')": {
    "slow down": 103.22278800335182,
    "keep going": 105.70826516812784,
    "accelerate": 101.42540784961928
  },
  "('Z3', 'Z2', 'low', 'push', 'Z3', 'Z3', 'flat')": {
    "slow down": 94.5351971505192,
    "keep going": 101.2913248034326,
    "accelerate": 103.04320195587847
  },
  "('Z3', 'Z1', 'low', 'push', 'Z3', 'Z3', 'flat')": {
    "slow down": 26.750040337254568,
    "keep going": 0.0,
    "accelerate": 0.0
  },
  "('Z2', 'Z3', 'low', 'push', 'Z3', 'Z3', 'uphill')": {
    "slow down": 97.69576552542296,
    "keep going": 14.900126405949589,
    "accelerate": 20.884850433620155
  },
  "('Z2', 'Z3', 'low', 'push', 'Z3', 'Z3', 'downhill')": {
    "slow down": 101.98780774232208,
    "keep going": 13.210399348096463,
    "accelerate": 6.394359987302067
  },
  "('Z3', 'Z2', 'low', 'push', 'Z3', 'Z3', 'uphill')": {
    "slow down": 99.8890196839837,
    "keep going": 3.1669500026520496,
    "accelerate": 16.197059662961028
  },
  "('Z3', 'Z3', 'low', 'recover', 'Z2', 'Z2', 'uphill')": {
    "slow down": 91.54180497472687,
    "keep going": 0.6366291050795376,
    "accelerate": -0.05221249128824105
  },
  "('Z3', 'Z2', 'low', 'recover', 'Z2', 'Z2', 'flat')": {
    "slow down": 95.34085312058468,
    "keep going": 0.0,
    "accelerate": 2.250803496157356
  },
  "('Z2', 'Z1', 'low', 'recover', 'Z2', 'Z2', 'flat')": {
    "slow down": 98.15578586135894,
    "keep going": 58.19360312805303,
    "accelerate": 67.30267700137863
  },
  "('Z1', 'Z1', 'low', 'recover', 'Z2', 'Z2', 'downhill')": {
    "slow down": 52.90325923642827,
    "keep going": 61.40061993806732,
    "accelerate": 101.33635445650955
  },
  "('Z1', 'Z1', 'low', 'recover', 'Z2', 'Z2', 'flat')": {
    "slow down": 88.31890379066475,
    "keep going": 86.35091792154239,
    "accelerate": 100.19950769370254
  },
  "('Z1', 'Z2', 'low', 'recover', 'Z2', 'Z2', 'flat')": {
    "slow down": 98.26773678010373,
    "keep going": 27.572552805738912,
    "accelerate": 18.379590136789865
  },
  "('Z1', 'Z1', 'low', 'recover', 'Z2', 'Z2', 'uphill')": {
    "slow down": 97.80201767695851,
    "keep going": 57.252160935777724,
    "accelerate": 50.19719037869294
  },
  "('Z2', 'Z3', 'low', 'recover', 'Z2', 'Z2', 'flat')": {
    "slow down": 98.21287003376418,
    "keep going": 0.07640240408593216,
    "accelerate": 0.0
  },
  "('Z2', 'Z2', 'low', 'recover', 'Z2', 'Z2', 'flat')": {
    "slow down": 92.57525814554232,
    "keep going": 100.83923533560737,
    "accelerate": 79.50130303148342
  },
  "('Z1', 'Z1', 'low', 'cooldown', 'Z1', 'Z1', 'flat')": {
    "slow down": 119.87572170776704,
    "keep going": 119.94740516876499,
    "accelerate": 119.39631136443826
  },
  "('Z1', 'Z1', 'low', 'cooldown', 'Z1', 'Z1', 'uphill')": {
    "slow down": 119.8651542364953,
    "keep going": 119.93661459788834,
    "accelerate": 119.44423493500378
  },
  "('Z1', 'Z1', 'low', 'cooldown', 'Z1', 'Z1', 'downhill')": {
    "slow down": 119.85342019070578,
    "keep going": 119.95394845871385,
    "accelerate": 119.37916119349877
  },
  "('Z1', 'Z2', 'low', 'cooldown', 'Z1', 'Z1', 'flat')": {
    "slow down": 121.44109207491911,
    "keep going": 116.66995914372943,