{
  "('Z1', 'Z1', 'low', 'warmup', 'Z1', 'Z1', 'flat')": {
    "slow down": 504.5610825787441,
    "keep going": 504.93416826898283,
    "accelerate": 499.4194706806069
  },
  "('Z1', 'Z1', 'low', 'warmup', 'Z1', 'Z1', 'downhill')": {
    "slow down": 500.1276980570249,
    "keep going": 506.6170900564482,
    "accelerate": 499.00892688792254
  },
  "('Z1', 'Z2', 'low', 'warmup', 'Z1', 'Z1', 'flat')": {
    "slow down": 503.8529471911833,
    "keep going": 361.12380635350775,
    "accelerate": 57.63031011467273
  },
  "('Z1', 'Z1', 'low', 'warmup', 'Z1', 'Z1', 'uphill')": {
    "slow down": 500.67146339989114,
    "keep going": 506.5761990531996,
    "accelerate": 498.33049413126605
  },
  "('Z1', 'Z2', 'low', 'warmup', 'Z1', 'Z1', 'uphill')": {
    "slow down": 500.20856747880435,
    "keep going": 51.34987222620785,
    "accelerate": 18.7415175806883
  },
  "('Z2', 'Z2', 'low', 'warmup', 'Z1', 'Z1', 'flat')": {
    "slow down": 277.9038256053363,
    "keep going": 13.179469971699387,
    "accelerate": 0.054274407020449056
  },
  "('Z2', 'Z3', 'low', 'warmup', 'Z1', 'Z1', 'flat')": {
    "slow down": 152.67535154718263,
    "keep going": 0.9244041155739775,
    "accelerate": -0.2885940647599563
  },
  "('Z2', 'Z1', 'low', 'warmup', 'Z1', 'Z1', 'flat')": {
    "slow down": 400.1507436385039,
    "keep going": 49.878337555291644,
    "accelerate": 13.172431349615128
  },
  "('Z1', 'Z2', 'low', 'warmup', 'Z1', 'Z1', 'downhill')": {
    "slow down": 500.8180854241889,
    "keep going": 140.2204456163494,
    "accelerate": 18.622009792335405
  },
  "('Z1', 'Z1', 'low', 'push', 'Z2', 'Z2', 'flat')": {
    "slow down": 440.80512817565733,
    "keep going": 447.33757009194613,
    "accelerate": 471.8716219451178
  },
  "('Z1', 'Z2', 'low', 'push', 'Z2', 'Z2', 'flat')": {
    "slow down": 208.55393790499448,
    "keep going": 201.5528195709173,
    "accelerate": 473.23243023803815
  },
  "('Z1', 'Z1', 'low', 'push', 'Z2', 'Z2', 'downhill')": {
    "slow down": 470.2269713103075,
    "keep going": 133.63496353613172,
    "accelerate": 108.9512864663258
  },
  "('Z1', 'Z1', 'low', 'push', 'Z2', 'Z2', 'uphill')": {
    "slow down": 148.20815403504446,
    "keep going": 470.09662292772197,
    "accelerate": 151.5680732901193
  },
  "('Z1', 'Z2', 'low', 'push', 'Z2', 'Z2', 'uphill')": {
    "slow down": 437.7906440941496,
    "keep going": 28.610886836113714,
    "accelerate": 8.695717628493682
  },
  "('Z1', 'Z2', 'low', 'push', 'Z2', 'Z2', 'downhill')": {
    "slow down": 155.63264065802912,
    "keep going": 22.060493772224795,
    "accelerate": 34.936869426371594
  },
  "('Z2', 'Z3', 'low', 'push', 'Z2', 'Z2', 'flat')": {
    "slow down": 475.22575934697625,
    "keep going": 470.2434032469036,
    "accelerate": 448.73546208638567
  },
  "('Z2', 'Z2', 'low', 'push', 'Z2', 'Z2', 'flat')": {
    "slow down": 472.59349377497,
    "keep going": 472.3204867833362,
    "accelerate": 472.57259532399144
  },
  "('Z2', 'Z1', 'low', 'push', 'Z2', 'Z2', 'flat')": {
    "slow down": 470.8015325154051,
    "keep going": 471.1703266116037,
    "accelerate": 474.87014434077565
  },
  "('Z2', 'Z2', 'low', 'push', 'Z2', 'Z2', 'uphill')": {
    "slow down": 472.3225245992924,
    "keep going": 475.2481321575195,
    "accelerate": 472.3594104818179
  },
  "('Z2', 'Z2', 'low', 'push', 'Z2', 'Z2', 'downhill')": {
    "slow down": 472.54493392481373,
    "keep going": 475.2582259193921,
    "accelerate": 472.2104896980129
  },
  "('Z2', 'Z1', 'low', 'push', 'Z2', 'Z2', 'uphill')": {
    "slow down": 390.44035952554117,
    "keep going": 471.94547243929674,
    "accelerate": 420.50750229637976
  },
  "('Z2', 'Z3', 'low', 'push', 'Z2', 'Z2', 'uphill')": {
    "slow down": 473.36987015008594,
    "keep going": 384.7494814555903,
    "accelerate": 336.24869618431643
  },
  "('Z2', 'Z3', 'low', 'push', 'Z2', 'Z2', 'downhill')": {
    "slow down": 472.73094745116236,
    "keep going": 334.1064102288571,
    "accelerate": 371.982658902392
  },
  "('Z2', 'Z1', 'low', 'push', 'Z2', 'Z2', 'downhill')": {
    "slow down": 471.7954742537108,
    "keep going": 372.4824745327739,
    "accelerate": 414.4421329514044
  },
  "('Z2', 'Z4', 'low', 'push', 'Z2', 'Z2', 'flat')": {
    "slow down": 450.31298731190293,
    "keep going": 58.882588709587395,
    "accelerate": 18.98286128328476
  },
  "('Z3', 'Z5', 'low', 'push', 'Z2', 'Z2', 'flat')": {
    "slow down": 242.56714305833475,
    "keep going": -0.12323550996278299,
    "accelerate": -0.07607491023770616
  },
  "('Z3', 'Z4', 'low', 'push', 'Z2', 'Z2', 'flat')": {
    "slow down": 471.221792480803,
    "keep going": 263.05475423482306,
    "accelerate": 76.35786622609614
  },
  "('Z3', 'Z3', 'low', 'push', 'Z2', 'Z2', 'flat')": {
    "slow down": 468.22415825403385,
    "keep going": 405.1317914016623,
    "accelerate": 389.1903189807118
  },
  "('Z3', 'Z2', 'low', 'push', 'Z2', 'Z2', 'flat')": {
    "slow down": 463.1470441450126,
    "keep going": 304.08502819591445,
    "accelerate": 173.63160556259643
  },
  "('Z3', 'Z1', 'low', 'push', 'Z2', 'Z2', 'flat')": {
    "slow down": 289.0667930731562,
    "keep going": 30.933090875183044,
    "accelerate": 81.20998354126581
  },
  "('Z2', 'Z4', 'low', 'push', 'Z2', 'Z2', 'downhill')": {
    "slow down": 0.14307367309223457,
    "keep going": 111.88713164063219,
    "accelerate": 0.0
  },
  "('Z3', 'Z4', 'low', 'push', 'Z2', 'Z2', 'uphill')": {
    "slow down": 344.85054775618977,
    "keep going": 28.874727120409105,
    "accelerate": 0.0
  },
  "('Z4', 'Z5', 'low', 'push', 'Z2', 'Z2', 'flat')": {
    "slow down": -0.04444593592104305,
    "keep going": -0.08006846611254986,
    "accelerate": -0.15100446984836036
  },
  "('Z4', 'Z4', 'low', 'push', 'Z2', 'Z2', 'flat')": {
    "slow down": 0.13445720349072013,
    "keep going": -0.02582290400346118,
    "accelerate": -0.07283333592447665
  },
  "('Z4', 'Z3', 'low', 'push', 'Z2', 'Z2', 'flat')": {
    "slow down": 23.38776545295873,
    "keep going": -0.012952115741611814,
    "accelerate": 0.0
  },
  "('Z2', 'Z2', 'low', 'push', 'Z3', 'Z3', 'flat')": {
    "slow down": 366.5451034864282,
    "keep going": 369.42283980573427,
    "accelerate": 390.4693611191879
  },
  "('Z2', 'Z1', 'low', 'push', 'Z3', 'Z3', 'flat')": {
    "slow down": 348.8433670878634,
    "keep going": 358.65404424978254,
    "accelerate": 384.082840879518
  },
  "('Z1', 'Z1', 'low', 'push', 'Z3', 'Z3', 'flat')": {
    "slow down": 1.4854654150957807,
    "keep going": 4.115284765634783,
    "accelerate": 253.99367312752756
  },
  "('Z1', 'Z2', 'low', 'push', 'Z3', 'Z3', 'flat')": {
    "slow down": -0.024257359993946175,
    "keep going": 10.285644306972792,
    "accelerate": 0.0
  },
  "('Z2', 'Z3', 'low', 'push', 'Z3', 'Z3', 'flat')": {
    "slow down": 365.0030716466141,
    "keep going": 388.434246587803,
    "accelerate": 363.10583711260097
  },
  "('Z2', 'Z2', 'low', 'cooldown', 'Z1', 'Z1', 'flat')": {
    "slow down": 0.0,
    "keep going": 0.0,
    "accelerate": 0.0
  },
  "('Z2', 'Z3', 'low', 'warmup', 'Z1', 'Z1', 'downhill')": {
    "slow down": 26.886756886287845,
    "keep going": 9.807346908206467,
    "accelerate": -0.05970393802953116
  },
  "('Z2', 'Z1', 'low', 'warmup', 'Z1', 'Z1', 'uphill')": {
    "slow down": 67.4550478436656,
    "keep going": 17.557331053470023,
    "accelerate": 0.0
  },
  "('Z2', 'Z4', 'low', 'warmup', 'Z1', 'Z1', 'downhill')": {
    "slow down": -0.007981225036639427,
    "keep going": -0.052866380014905914,
    "accelerate": 0.0
  },
  "('Z3', 'Z4', 'low', 'warmup', 'Z1', 'Z1', 'flat')": {
    "slow down": -0.03344230288603006,
    "keep going": -0.07279863991327755,
    "accelerate": -0.13591486894191765
  },
  "('Z3', 'Z3', 'low', 'warmup', 'Z1', 'Z1', 'flat')": {
    "slow down": -0.07676438096516353,
    "keep going": -0.05026367774274558,
    "accelerate": -0.07602484021963692
  },
  "('Z3', 'Z2', 'low', 'warmup', 'Z1', 'Z1', 'downhill')": {
    "slow down": 0.23793303832189752,
    "keep going": 0.0,
    "accelerate": 0.0
  },