{
  "('Z1', 'Z1', 'low', 'warmup', 'Z1', 'Z1', 'flat')": {
    "slow down": 128.0783131385375,
    "keep going": 128.0909081720591,
    "accelerate": 126.80973683237049
  },
  "('Z1', 'Z1', 'low', 'warmup', 'Z1', 'Z1', 'downhill')": {
    "slow down": 127.76054485153885,
    "keep going": 128.96087025553223,
    "accelerate": 126.4709276476179
  },
  "('Z1', 'Z1', 'low', 'warmup', 'Z1', 'Z1', 'uphill')": {
    "slow down": 127.64382954882753,
    "keep going": 128.94426997245486,
    "accelerate": 126.55391693635414
  },
  "('Z1', 'Z2', 'low', 'warmup', 'Z1', 'Z1', 'flat')": {
    "slow down": 128.4302081987653,
    "keep going": 68.97327244809908,
    "accelerate": 5.030801539806543
  },
  "('Z1', 'Z2', 'low', 'warmup', 'Z1', 'Z1', 'downhill')": {
    "slow down": 127.94177406718947,
    "keep going": 15.14865901468405,
    "accelerate": 0.1935419398608927
  },
  "('Z1', 'Z2', 'low', 'warmup', 'Z1', 'Z1', 'uphill')": {
    "slow down": 127.34762387503424,
    "keep going": 13.287707917067493,
    "accelerate": 0.8877464811890579
  },
  "('Z1', 'Z1', 'low', 'push', 'Z2', 'Z2', 'flat')": {
    "slow down": 99.58751141273082,
    "keep going": 99.63802133016898,
    "accelerate": 116.87122743796736
  },
  "('Z1', 'Z1', 'low', 'push', 'Z2', 'Z2', 'downhill')": {
    "slow down": 62.198558161836544,
    "keep going": 100.40553368781552,
    "accelerate": 61.079424515402025
  },
  "('Z1', 'Z1', 'low', 'push', 'Z2', 'Z2', 'uphill')": {
    "slow down": 99.13003009710427,
    "keep going": 55.84979638189918,
    "accelerate": 65.47187115185497
  },
  "('Z1', 'Z2', 'low', 'push', 'Z2', 'Z2', 'flat')": {
    "slow down": 100.18768812514051,
    "keep going": 117.71341615197026,
    "accelerate": 101.3956158802829
  },
  "('Z1', 'Z2', 'low', 'push', 'Z2', 'Z2', 'uphill')": {
    "slow down": 99.72644390442089,
    "keep going": 20.973573710526985,
    "accelerate": 1.9356820057000599
  },
  "('Z1', 'Z2', 'low', 'push', 'Z2', 'Z2', 'downhill')": {
    "slow down": 100.71217074184482,
    "keep going": 1.281283556423477,
    "accelerate": 2.6839573657195865
  },
  "('Z2', 'Z3', 'low', 'push', 'Z2', 'Z2', 'flat')": {
    "slow down": 120.13980874209246,
    "keep going": 63.6338766046347,
    "accelerate": 3.0678091977077893
  },
  "('Z2', 'Z2', 'low', 'push', 'Z2', 'Z2', 'flat')": {
    "slow down": 118.94430467784449,
    "keep going": 119.58786987635096,
    "accelerate": 119.05573343328768
  },
  "('Z2', 'Z1', 'low', 'push', 'Z2', 'Z2', 'flat')": {
    "slow down": 114.57984985025148,
    "keep going": 115.36449398357503,
    "accelerate": 120.08533232844698
  },
  "('Z1', 'Z1', 'low', 'cooldown', 'Z1', 'Z1', 'downhill')": {
    "slow down": 119.97955468886218,
    "keep going": 119.8901668013257,
    "accelerate": 119.42625109070198
  },
  "('Z1', 'Z1', 'low', 'cooldown', 'Z1', 'Z1', 'flat')": {
    "slow down": 119.85881599551202,
    "keep going": 119.96451261165015,
    "accelerate": 119.36890977770302
  },
  "('Z1', 'Z1', 'low', 'cooldown', 'Z1', 'Z1', 'uphill')": {
    "slow down": 119.87328446188928,
    "keep going": 119.99451188938005,
    "accelerate": 119.42703879658484
  },
  "('Z1', 'Z2', 'low', 'cooldown', 'Z1', 'Z1', 'flat')": {
    "slow down": 121.39025655612204,
    "keep going": 75.14946281523888,
    "accelerate": 12.380918508358942
  },
  "('Z1', 'Z2', 'low', 'cooldown', 'Z1', 'Z1', 'downhill')": {
    "slow down": 121.46496778770972,
    "keep going": 25.3300120394859,
    "accelerate": 0.8840268004750862
  },
  "('Z1', 'Z2', 'low', 'cooldown', 'Z1', 'Z1', 'uphill')": {
    "slow down": 121.40329448960668,
    "keep going": 23.10876892809936,
    "accelerate": 0.6318164378147615
  },
  "('Z2', 'Z3', 'low', 'cooldown', 'Z1', 'Z1', 'flat')": {
    "slow down": 46.979775326499094,
    "keep going": 0.06607581503030327,
    "accelerate": 0.0
  },
  "('Z2', 'Z2', 'low', 'cooldown', 'Z1', 'Z1', 'flat')": {
    "slow down": 94.49232738937741,
    "keep going": 1.4382979289670497,
    "accelerate": 0.0
  },
  "('Z2', 'Z1', 'low', 'cooldown', 'Z1', 'Z1', 'flat')": {
    "slow down": 118.92986706474089,
    "keep going": 30.087852740396084,
    "accelerate": 26.66343147265129
  },
  "('Z2', 'Z3', 'low', 'warmup', 'Z1', 'Z1', 'flat')": {
    "slow down": 14.956062070849345,
    "keep going": 0.024201966465187075,
    "accelerate": 0.0
  },
  "('Z2', 'Z2', 'low', 'warmup', 'Z1', 'Z1', 'uphill')": {
    "slow down": 5.560960634983872,
    "keep going": 0.0,
    "accelerate": 0.0
  },
  "('Z2', 'Z1', 'low', 'warmup', 'Z1', 'Z1', 'flat')": {
    "slow down": 82.32390317089101,
    "keep going": 0.0,
    "accelerate": 0.0
  },
  "('Z2', 'Z2', 'low', 'warmup', 'Z1', 'Z1', 'flat')": {
    "slow down": 37.43517845262162,
    "keep going": 0.0851957567357412,
    "accelerate": 0.179314779840245
  },
  "('Z2', 'Z2', 'low', 'push', 'Z2', 'Z2', 'downhill')": {
    "slow down": 118.90766061818819,
    "keep going": 119.88415768120994,
    "accelerate": 119.09137005035679
  },
  "('Z2', 'Z3', 'low', 'push', 'Z2', 'Z2', 'downhill')": {
    "slow down": 120.59081254321269,
    "keep going": 14.714468490071964,
    "accelerate": 0.0
  },
  "('Z2', 'Z2', 'low', 'push', 'Z2', 'Z2', 'uphill')": {
    "slow down": 118.77122271983792,
    "keep going": 119.86888051360138,
    "accelerate": 119.12939496915553
  },
  "('Z2', 'Z2', 'low', 'cooldown', 'Z1', 'Z1', 'downhill')": {
    "slow down": 117.62865459548256,
    "keep going": 5.657810947889533,
    "accelerate": 0.0
  },
  "('Z2', 'Z2', 'low', 'warmup', 'Z1', 'Z1', 'downhill')": {
    "slow down": 10.015226232488757,
    "keep going": 0.0,
    "accelerate": 0.0
  },
  "('Z2', 'Z1', 'low', 'push', 'Z2', 'Z2', 'uphill')": {
    "slow down": 118.9278736930796,
    "keep going": 34.164222791840054,
    "accelerate": 58.21320832014652
  },
  "('Z2', 'Z3', 'low', 'cooldown', 'Z1', 'Z1', 'downhill')": {
    "slow down": 13.891361230789078,
    "keep going": 0.0,
    "accelerate": 0.0
  },
  "('Z2', 'Z4', 'low', 'push', 'Z2', 'Z2', 'flat')": {
    "slow down": 8.662382243341828,
    "keep going": 0.02299007810773101,
    "accelerate": 0.0
  },
  "('Z2', 'Z3', 'low', 'push', 'Z2', 'Z2', 'uphill')": {
    "slow down": 120.21296884401525,
    "keep going": 7.1462558605689805,
    "accelerate": 0.0
  },
  "('Z2', 'Z3', 'low', 'warmup', 'Z1', 'Z1', 'downhill')": {
    "slow down": 0.6006458340267362,
    "keep going": 0.0,
    "accelerate": 0.0
  },
  "('Z2', 'Z3', 'low', 'warmup', 'Z1', 'Z1', 'uphill')": {
    "slow down": 2.824786067462902,
    "keep going": 0.0,
    "accelerate": 0.0
  },
  "('Z2', 'Z3', 'low', 'cooldown', 'Z1', 'Z1', 'uphill')": {
    "slow down": 7.779189906788049,
    "keep going": 0.0,
    "accelerate": 0.0
  },
  "('Z2', 'Z1', 'low', 'warmup', 'Z1', 'Z1', 'downhill')": {
    "slow down": 36.59401464659509,
    "keep going": 0.0,
    "accelerate": 0.0
  },
  "('Z2', 'Z1', 'low', 'push', 'Z2', 'Z2', 'downhill')": {
    "slow down": 118.9902389045416,
    "keep going": 10.982421989483514,
    "accelerate": 37.04270772129078
  },
  "('Z2', 'Z1', 'low', 'cooldown', 'Z1', 'Z1', 'uphill')": {
    "slow down": 23.53440183957158,
    "keep going": 0.0,
    "accelerate": 0.0
  },
  "('Z3', 'Z4', 'low', 'push', 'Z2', 'Z2', 'flat')": {
    "slow down": 10.0775608801239,
    "keep going": -0.028166858511373478,
    "accelerate": 0.0
  },
  "('Z3', 'Z3', 'low', 'push', 'Z2', 'Z2', 'flat')": {
    "slow down": 24.718314882010038,
    "keep going": 0.0,
    "accelerate": 0.0
  },
  "('Z3', 'Z2', 'low', 'push', 'Z2', 'Z2', 'flat')": {
    "slow down": 60.64672753517137,
    "keep going": 0.0,
    "accelerate": 0.0
  },
  "('Z3', 'Z3', 'low', 'push', 'Z2', 'Z2', 'downhill')": {
    "slow down": 1.3314220753743358,
    "keep going": 0.0,
    "accelerate": 0.0
  },
  "('Z3', 'Z2', 'low', 'push', 'Z2', 'Z2', 'uphill')": {
    "slow down": 15.086578690761211,
    "keep going": 0.0,
    "accelerate": 0.0
  },
  "('Z2', 'Z1', 'low', 'cooldown', 'Z1', 'Z1', 'downhill')": {
    "slow down": 16.04728926022574,