{
  "('Z1', 'Z1', 'low', 'warmup', 'Z1', 'Z1', 'flat')": {
    "slow down": 51.167974751541635,
    "keep going": 51.06264191635164,
    "accelerate": 49.58588875380198
  },
  "('Z1', 'Z1', 'low', 'warmup', 'Z1', 'Z1', 'downhill')": {
    "slow down": 51.28995101737125,
    "keep going": 51.83302159415002,
    "accelerate": 50.08523103941147
  },
  "('Z1', 'Z2', 'low', 'warmup', 'Z1', 'Z1', 'downhill')": {
    "slow down": 51.32887002519063,
    "keep going": 45.545633885232235,
    "accelerate": 22.558636665597863
  },
  "('Z1', 'Z2', 'low', 'warmup', 'Z1', 'Z1', 'flat')": {
    "slow down": 51.35632034417425,
    "keep going": 50.16263846664794,
    "accelerate": 34.51284242544544
  },
  "('Z1', 'Z1', 'low', 'warmup', 'Z1', 'Z1', 'uphill')": {
    "slow down": 51.33460750093742,
    "keep going": 51.81095819905848,
    "accelerate": 50.076607869452424
  },
  "('Z1', 'Z2', 'low', 'warmup', 'Z1', 'Z1', 'uphill')": {
    "slow down": 51.2877652961657,
    "keep going": 34.92387073349595,
    "accelerate": 18.323050598937623
  },
  "('Z2', 'Z3', 'low', 'warmup', 'Z1', 'Z1', 'flat')": {
    "slow down": 40.05064774240957,
    "keep going": 12.222221802448825,
    "accelerate": 0.03461408758468315
  },
  "('Z2', 'Z2', 'low', 'warmup', 'Z1', 'Z1', 'uphill')": {
    "slow down": 24.27010297997697,
    "keep going": 0.0,
    "accelerate": 0.0
  },
  "('Z2', 'Z1', 'low', 'warmup', 'Z1', 'Z1', 'flat')": {
    "slow down": 51.257906580806754,
    "keep going": 23.801698072090282,
    "accelerate": 13.594361524867427
  },
  "('Z2', 'Z3', 'low', 'warmup', 'Z1', 'Z1', 'uphill')": {
    "slow down": 27.71861364045992,
    "keep going": 0.0,
    "accelerate": 0.0
  },
  "('Z2', 'Z2', 'low', 'warmup', 'Z1', 'Z1', 'flat')": {
    "slow down": 47.98898715024795,
    "keep going": 17.53964439141356,
    "accelerate": 1.6741438116245162
  },
  "('Z1', 'Z1', 'low', 'push', 'Z2', 'Z2', 'flat')": {
    "slow down": 38.779837231306324,
    "keep going": 38.62473761225704,
    "accelerate": 45.21116169534703
  },
  "('Z1', 'Z1', 'low', 'push', 'Z2', 'Z2', 'downhill')": {
    "slow down": 37.52600321627514,
    "keep going": 12.910888376754517,
    "accelerate": 18.272574662243162
  },
  "('Z1', 'Z2', 'low', 'push', 'Z2', 'Z2', 'flat')": {
    "slow down": 42.140322487451634,
    "keep going": 45.97725824430692,
    "accelerate": 43.1827898224333
  },
  "('Z1', 'Z2', 'low', 'push', 'Z2', 'Z2', 'uphill')": {
    "slow down": 1.789914082381603,
    "keep going": 25.377599556821348,
    "accelerate": 0.327152152816674
  },
  "('Z2', 'Z3', 'low', 'push', 'Z2', 'Z2', 'downhill')": {
    "slow down": 48.546730567020035,
    "keep going": 25.15363791063302,
    "accelerate": 27.32428347401353
  },
  "('Z2', 'Z2', 'low', 'push', 'Z2', 'Z2', 'flat')": {
    "slow down": 46.67683231950322,
    "keep going": 47.587342507193554,
    "accelerate": 47.10968612051322
  },
  "('Z2', 'Z2', 'low', 'push', 'Z2', 'Z2', 'uphill')": {
    "slow down": 47.26396156517017,
    "keep going": 47.96530897925817,
    "accelerate": 47.26415213831386
  },
  "('Z2', 'Z1', 'low', 'push', 'Z2', 'Z2', 'flat')": {
    "slow down": 46.96748632612241,
    "keep going": 46.76810441335509,
    "accelerate": 48.41785678071351
  },
  "('Z1', 'Z1', 'low', 'push', 'Z2', 'Z2', 'uphill')": {
    "slow down": 31.985320441334363,
    "keep going": 20.43334928954571,
    "accelerate": 16.667545804966302
  },
  "('Z2', 'Z3', 'low', 'push', 'Z2', 'Z2', 'flat')": {
    "slow down": 48.62373167981379,
    "keep going": 47.24994589980979,
    "accelerate": 37.54632808553724
  },
  "('Z2', 'Z2', 'low', 'push', 'Z2', 'Z2', 'downhill')": {
    "slow down": 46.929311355969034,
    "keep going": 47.95143846105363,
    "accelerate": 46.90878897824556
  },
  "('Z1', 'Z2', 'low', 'push', 'Z2', 'Z2', 'downhill')": {
    "slow down": 0.0,
    "keep going": 25.795829590313193,
    "accelerate": 2.156670358991144
  },
  "('Z2', 'Z1', 'low', 'push', 'Z2', 'Z2', 'uphill')": {
    "slow down": 47.20725453833801,
    "keep going": 27.32460892185117,
    "accelerate": 44.41552785634547
  },
  "('Z1', 'Z1', 'low', 'cooldown', 'Z1', 'Z1', 'downhill')": {
    "slow down": 47.878098279775806,
    "keep going": 48.01856013237219,
    "accelerate": 47.4273822874213
  },
  "('Z1', 'Z1', 'low', 'cooldown', 'Z1', 'Z1', 'flat')": {
    "slow down": 47.92092460401696,
    "keep going": 48.0274596440409,
    "accelerate": 46.99675116670731
  },
  "('Z1', 'Z1', 'low', 'cooldown', 'Z1', 'Z1', 'uphill')": {
    "slow down": 47.85832916555662,
    "keep going": 48.01170331562194,
    "accelerate": 47.19195140210346
  },
  "('Z1', 'Z2', 'low', 'cooldown', 'Z1', 'Z1', 'flat')": {
    "slow down": 49.43196812236886,
    "keep going": 47.6201464377826,
    "accelerate": 38.40603197528655
  },
  "('Z1', 'Z2', 'low', 'cooldown', 'Z1', 'Z1', 'downhill')": {
    "slow down": 32.248028268961946,
    "keep going": 47.753826605613405,
    "accelerate": 31.651831505794686
  },
  "('Z2', 'Z3', 'low', 'cooldown', 'Z1', 'Z1', 'uphill')": {
    "slow down": 4.3956751733744195,
    "keep going": 32.50752388123206,
    "accelerate": 0.00569900611710108
  },
  "('Z2', 'Z2', 'low', 'cooldown', 'Z1', 'Z1', 'flat')": {
    "slow down": 46.962934485048585,
    "keep going": 30.205851249898902,
    "accelerate": 31.174124683981617
  },
  "('Z2', 'Z1', 'low', 'cooldown', 'Z1', 'Z1', 'flat')": {
    "slow down": 47.310821167726786,
    "keep going": 42.13261655782914,
    "accelerate": 41.38200327344458
  },
  "('Z2', 'Z3', 'low', 'cooldown', 'Z1', 'Z1', 'flat')": {
    "slow down": 44.48472110791385,
    "keep going": 22.997864835274775,
    "accelerate": -0.9189057863684418
  },
  "('Z1', 'Z2', 'low', 'cooldown', 'Z1', 'Z1', 'uphill')": {
    "slow down": 49.49108911176022,
    "keep going": 37.71821256362566,
    "accelerate": 23.86766157922898
  },
  "('Z2', 'Z3', 'low', 'warmup', 'Z1', 'Z1', 'downhill')": {
    "slow down": 34.91902730585331,
    "keep going": 0.0,
    "accelerate": 0.014965648422286405
  },
  "('Z2', 'Z1', 'low', 'warmup', 'Z1', 'Z1', 'downhill')": {
    "slow down": 39.68761174231876,
    "keep going": 2.3837507692548208,
    "accelerate": 0.0
  },
  "('Z2', 'Z2', 'low', 'warmup', 'Z1', 'Z1', 'downhill')": {
    "slow down": 5.503084562394148,
    "keep going": 34.66313356032402,
    "accelerate": 0.0
  },
  "('Z2', 'Z1', 'low', 'warmup', 'Z1', 'Z1', 'uphill')": {
    "slow down": 38.38237364854531,
    "keep going": 5.055052311356126,
    "accelerate": 0.0
  },
  "('Z2', 'Z4', 'low', 'push', 'Z2', 'Z2', 'flat')": {
    "slow down": 42.22212044559305,
    "keep going": 5.7332296924790045,
    "accelerate": -0.1271091105036056
  },
  "('Z3', 'Z3', 'low', 'push', 'Z2', 'Z2', 'flat')": {
    "slow down": 44.58590050369488,
    "keep going": 26.37731078343431,
    "accelerate": 19.21588343521656
  },
  "('Z2', 'Z1', 'low', 'push', 'Z2', 'Z2', 'downhill')": {
    "slow down": 47.093954890902374,
    "keep going": 40.56709387767908,
    "accelerate": 22.68655629316079
  },
  "('Z2', 'Z3', 'low', 'push', 'Z2', 'Z2', 'uphill')": {
    "slow down": 48.097821815450786,
    "keep going": 34.36577524733324,
    "accelerate": 29.834135808864925
  },
  "('Z3', 'Z5', 'low', 'push', 'Z2', 'Z2', 'flat')": {
    "slow down": 15.6849027984868,
    "keep going": -0.1487434698475439,
    "accelerate": -0.12333005873289474
  },
  "('Z3', 'Z4', 'low', 'push', 'Z2', 'Z2', 'flat')": {
    "slow down": 43.03020673706823,
    "keep going": 22.920352772969828,
    "accelerate": 2.187167690267231
  },
  "('Z4', 'Z5', 'low', 'push', 'Z2', 'Z2', 'flat')": {
    "slow down": 0.04603442393893205,
    "keep going": -0.15324784156728133,
    "accelerate": -0.14933332972568664
  },
  "('Z4', 'Z4', 'low', 'push', 'Z2', 'Z2', 'uphill')": {
    "slow down": 0.0,
    "keep going": -0.05704060814290493,
    "accelerate": 0.0
  },
  "('Z4', 'Z4', 'low', 'push', 'Z2', 'Z2', 'downhill')": {
    "slow down": -0.02733602512518409,
    "keep going": 0.0,
    "accelerate": 0.0
  },