{
  "('Z1', 'Z1', 'low', 'warmup', 'Z1', 'Z1', 'flat')": {
    "slow down": 49.454364637766126,
    "keep going": 49.84747668394587,
    "accelerate": 47.53957225520663
  },
  "('Z1', 'Z1', 'low', 'warmup', 'Z1', 'Z1', 'downhill')": {
    "slow down": 49.50509512863374,
    "keep going": 48.74735321285481,
    "accelerate": 46.32269531145054
  },
  "('Z1', 'Z1', 'low', 'warmup', 'Z1', 'Z1', 'uphill')": {
    "slow down": 49.51415188999308,
    "keep going": 45.91679623622554,
    "accelerate": 43.99979682891998
  },
  "('Z1', 'Z2', 'low', 'warmup', 'Z1', 'Z1', 'downhill')": {
    "slow down": 48.22654435437381,
    "keep going": 4.151452604338244,
    "accelerate": 0.11753599606659836
  },
  "('Z1', 'Z2', 'low', 'warmup', 'Z1', 'Z1', 'flat')": {
    "slow down": 49.408687657660515,
    "keep going": 26.898836645863444,
    "accelerate": 0.6255365054045591
  },
  "('Z2', 'Z3', 'low', 'warmup', 'Z1', 'Z1', 'flat')": {
    "slow down": 3.591985428645942,
    "keep going": 0.06783174690881252,
    "accelerate": -0.06252214768751065
  },
  "('Z2', 'Z2', 'low', 'warmup', 'Z1', 'Z1', 'flat')": {
    "slow down": 7.461764694028989,
    "keep going": 0.16419425837122192,
    "accelerate": 0.03434357586026374
  },
  "('Z2', 'Z1', 'low', 'warmup', 'Z1', 'Z1', 'flat')": {
    "slow down": 24.76924469321707,
    "keep going": 0.9888625589872697,
    "accelerate": 0.13709000568830326
  },
  "('Z2', 'Z2', 'low', 'warmup', 'Z1', 'Z1', 'uphill')": {
    "slow down": 3.048417968663621,
    "keep going": 0.01306442048171372,
    "accelerate": 0.0
  },
  "('Z1', 'Z2', 'low', 'warmup', 'Z1', 'Z1', 'uphill')": {
    "slow down": 45.72588462353359,
    "keep going": 3.9126790422681297,
    "accelerate": 0.10979467270590458
  },
  "('Z1', 'Z1', 'low', 'push', 'Z2', 'Z2', 'flat')": {
    "slow down": 33.18011846755375,
    "keep going": 32.728564602555295,
    "accelerate": 38.96324914077466
  },
  "('Z1', 'Z2', 'low', 'push', 'Z2', 'Z2', 'flat')": {
    "slow down": 39.263783313753855,
    "keep going": 23.73902019683683,
    "accelerate": 23.46968393444735
  },
  "('Z1', 'Z1', 'low', 'push', 'Z2', 'Z2', 'downhill')": {
    "slow down": 9.705025532537528,
    "keep going": 9.942044203113149,
    "accelerate": 47.32662362285616
  },
  "('Z1', 'Z1', 'low', 'push', 'Z2', 'Z2', 'uphill')": {
    "slow down": 32.31798396000375,
    "keep going": 8.153917000859044,
    "accelerate": 8.038462056174293
  },
  "('Z2', 'Z3', 'low', 'push', 'Z2', 'Z2', 'flat')": {
    "slow down": 48.746544379231146,
    "keep going": 47.15820792498572,
    "accelerate": 29.50279268549965
  },
  "('Z2', 'Z2', 'low', 'push', 'Z2', 'Z2', 'flat')": {
    "slow down": 47.003593344211424,
    "keep going": 47.87710741198573,
    "accelerate": 47.29279145133333
  },
  "('Z2', 'Z1', 'low', 'push', 'Z2', 'Z2', 'downhill')": {
    "slow down": 47.236273465056506,
    "keep going": 22.26986749154492,
    "accelerate": 18.768434111708512
  },
  "('Z2', 'Z1', 'low', 'push', 'Z2', 'Z2', 'flat')": {
    "slow down": 46.589863602014766,
    "keep going": 46.72740824575263,
    "accelerate": 48.49311416445811
  },
  "('Z2', 'Z3', 'low', 'push', 'Z2', 'Z2', 'uphill')": {
    "slow down": 48.335302005099095,
    "keep going": 13.683635416959701,
    "accelerate": 6.563085346511
  },
  "('Z2', 'Z1', 'low', 'push', 'Z2', 'Z2', 'uphill')": {
    "slow down": 47.15331209660358,
    "keep going": 16.954523540207536,
    "accelerate": 20.908392364022927
  },
  "('Z1', 'Z2', 'low', 'push', 'Z2', 'Z2', 'downhill')": {
    "slow down": 20.84143915185891,
    "keep going": 0.7753643771772571,
    "accelerate": 0.8770106374725076
  },
  "('Z2', 'Z2', 'low', 'push', 'Z2', 'Z2', 'downhill')": {
    "slow down": 47.27306686971925,
    "keep going": 47.94905085973061,
    "accelerate": 47.33064273310345
  },
  "('Z2', 'Z4', 'low', 'push', 'Z2', 'Z2', 'flat')": {
    "slow down": 21.000477862867587,
    "keep going": 1.2582251587123925,
    "accelerate": -0.006983656709424774
  },
  "('Z2', 'Z3', 'low', 'push', 'Z2', 'Z2', 'downhill')": {
    "slow down": 48.454697353096684,
    "keep going": 12.772408489093081,
    "accelerate": 6.493860238084482
  },
  "('Z1', 'Z2', 'low', 'push', 'Z2', 'Z2', 'uphill')": {
    "slow down": 15.294437624136684,
    "keep going": 0.8040693762787471,
    "accelerate": 1.9301978749162525
  },
  "('Z3', 'Z3', 'low', 'push', 'Z2', 'Z2', 'uphill')": {
    "slow down": 13.415488764326753,
    "keep going": 0.36468346387810624,
    "accelerate": 0.07243698185944712
  },
  "('Z2', 'Z2', 'low', 'push', 'Z2', 'Z2', 'uphill')": {
    "slow down": 47.25635412836674,
    "keep going": 47.951990702421185,
    "accelerate": 47.39210313086182
  },
  "('Z3', 'Z4', 'low', 'push', 'Z2', 'Z2', 'flat')": {
    "slow down": 36.3760455993888,
    "keep going": 2.999747275916023,
    "accelerate": -0.07675614145514076
  },
  "('Z3', 'Z3', 'low', 'push', 'Z2', 'Z2', 'flat')": {
    "slow down": 41.20629592131019,
    "keep going": 6.508489346791878,
    "accelerate": 4.642768566408079
  },
  "('Z3', 'Z2', 'low', 'push', 'Z2', 'Z2', 'flat')": {
    "slow down": 45.26031565697684,
    "keep going": 9.658266702469282,
    "accelerate": 3.4976205666785276
  },
  "('Z1', 'Z1', 'low', 'push', 'Z3', 'Z3', 'flat')": {
    "slow down": -0.017190599701988864,
    "keep going": -0.01430434702905036,
    "accelerate": 0.7276890031360386
  },
  "('Z1', 'Z2', 'low', 'push', 'Z3', 'Z3', 'flat')": {
    "slow down": -0.009676042141476509,
    "keep going": -0.003794719165529263,
    "accelerate": 0.5128362464667846
  },
  "('Z2', 'Z3', 'low', 'push', 'Z3', 'Z3', 'flat')": {
    "slow down": 37.04517795531842,
    "keep going": 43.11217150156827,
    "accelerate": 35.16474255213813
  },
  "('Z2', 'Z2', 'low', 'push', 'Z3', 'Z3', 'flat')": {
    "slow down": 37.129302662306046,
    "keep going": 37.194334515796946,
    "accelerate": 39.90604058033969
  },
  "('Z2', 'Z1', 'low', 'push', 'Z3', 'Z3', 'flat')": {
    "slow down": 12.19692097252178,
    "keep going": 15.051145723843488,
    "accelerate": 42.81818936132934
  },
  "('Z2', 'Z4', 'low', 'push', 'Z3', 'Z3', 'flat')": {
    "slow down": 0.0,
    "keep going": 0.8656041500117765,
    "accelerate": 0.000563014197663006
  },
  "('Z3', 'Z4', 'low', 'push', 'Z3', 'Z3', 'flat')": {
    "slow down": 48.458995227966234,
    "keep going": 29.93237641865508,
    "accelerate": 1.999698476591274
  },
  "('Z3', 'Z3', 'low', 'push', 'Z3', 'Z3', 'flat')": {
    "slow down": 46.60908674777424,
    "keep going": 46.6404690685451,
    "accelerate": 46.588449522967885
  },
  "('Z3', 'Z2', 'low', 'push', 'Z3', 'Z3', 'flat')": {
    "slow down": 33.08249606669628,
    "keep going": 41.72518584202686,
    "accelerate": 48.43491920643185
  },
  "('Z3', 'Z5', 'low', 'push', 'Z3', 'Z3', 'flat')": {
    "slow down": 11.899637093918724,
    "keep going": -0.006014407492914033,
    "accelerate": -0.008818227033304177
  },
  "('Z4', 'Z4', 'low', 'push', 'Z3', 'Z3', 'flat')": {
    "slow down": 16.783116025462867,
    "keep going": 0.04222048933939656,
    "accelerate": -0.0029404229820556775
  },
  "('Z2', 'Z2', 'low', 'cooldown', 'Z1', 'Z1', 'flat')": {
    "slow down": 0.0,
    "keep going": 0.0,
    "accelerate": 0.0
  },
  "('Z2', 'Z3', 'low', 'warmup', 'Z1', 'Z1', 'downhill')": {
    "slow down": 0.827594149994735,
    "keep going": 0.0,
    "accelerate": -0.012507646231150872
  },
  "('Z3', 'Z3', 'low', 'push', 'Z2', 'Z2', 'downhill')": {
    "slow down": 9.689342124825743,
    "keep going": 0.34326615172121167,
    "accelerate": 0.17644984501289895
  },
  "('Z3', 'Z4', 'low', 'push', 'Z2', 'Z2', 'downhill')": {
    "slow down": 5.994426003124593,
    "keep going": 0.06378272774521591,
    "accelerate": -0.012061749056043852
  },
  "('Z4', 'Z5', 'low', 'push', 'Z3', 'Z3', 'flat')": {
    "slow down": 2.4898027497499067,
    "keep going": -0.005388793875149405,
    "accelerate": -0.002690996795696901
  },
  "('Z4', 'Z3', 'low', 'push', 'Z3', 'Z3', 'flat')": {
    "slow down": 15.873233916559256,