{
  "('Z1', 'Z1', 'low', 'warmup', 'Z1', 'Z1', 'flat')": {
    "slow down": 253.12032165264722,
    "keep going": 253.0784897681134,
    "accelerate": 251.84634835869562
  },
  "('Z1', 'Z1', 'low', 'warmup', 'Z1', 'Z1', 'downhill')": {
    "slow down": 253.3927222641355,
    "keep going": 253.94999107936746,
    "accelerate": 252.0280242046364
  },
  "('Z1', 'Z1', 'low', 'warmup', 'Z1', 'Z1', 'uphill')": {
    "slow down": 253.42000736493165,
    "keep going": 253.92852622626773,
    "accelerate": 252.03876865168203
  },
  "('Z1', 'Z2', 'low', 'warmup', 'Z1', 'Z1', 'flat')": {
    "slow down": 253.4221372295382,
    "keep going": 250.03910485691628,
    "accelerate": 174.8599700788006
  },
  "('Z1', 'Z2', 'low', 'warmup', 'Z1', 'Z1', 'downhill')": {
    "slow down": 253.4018179377757,
    "keep going": 162.62204814216844,
    "accelerate": 90.60095059584464
  },
  "('Z1', 'Z2', 'low', 'warmup', 'Z1', 'Z1', 'uphill')": {
    "slow down": 253.32880863787068,
    "keep going": 156.76672825335956,
    "accelerate": 91.87398155435126
  },
  "('Z2', 'Z3', 'low', 'warmup', 'Z1', 'Z1', 'flat')": {
    "slow down": 207.18235712114767,
    "keep going": 31.06429976023061,
    "accelerate": 2.8049785764450794
  },
  "('Z2', 'Z2', 'low', 'warmup', 'Z1', 'Z1', 'flat')": {
    "slow down": 233.74751467970833,
    "keep going": 49.07137587913405,
    "accelerate": 24.583270153823186
  },
  "('Z2', 'Z1', 'low', 'warmup', 'Z1', 'Z1', 'flat')": {
    "slow down": 250.631773070595,
    "keep going": 104.78558993215566,
    "accelerate": 49.83051902876826
  },
  "('Z2', 'Z1', 'low', 'warmup', 'Z1', 'Z1', 'uphill')": {
    "slow down": 156.8994430773081,
    "keep going": 14.348889653237334,
    "accelerate": 9.807452191850421
  },
  "('Z1', 'Z1', 'low', 'push', 'Z2', 'Z2', 'flat')": {
    "slow down": 203.23482718395823,
    "keep going": 203.97674572404244,
    "accelerate": 220.7573254878479
  },
  "('Z1', 'Z2', 'low', 'push', 'Z2', 'Z2', 'flat')": {
    "slow down": 220.84587138278334,
    "keep going": 196.85079757093928,
    "accelerate": 203.15908978196367
  },
  "('Z1', 'Z1', 'low', 'push', 'Z2', 'Z2', 'downhill')": {
    "slow down": 147.71767757354982,
    "keep going": 132.59241149259978,
    "accelerate": 236.97267155119093
  },
  "('Z1', 'Z1', 'low', 'push', 'Z2', 'Z2', 'uphill')": {
    "slow down": 174.66726907923848,
    "keep going": 122.9590138630546,
    "accelerate": 123.32663497228108
  },
  "('Z1', 'Z2', 'low', 'push', 'Z2', 'Z2', 'uphill')": {
    "slow down": 153.6298082429653,
    "keep going": 76.5592903642515,
    "accelerate": 62.157068006259586
  },
  "('Z2', 'Z3', 'low', 'push', 'Z2', 'Z2', 'flat')": {
    "slow down": 240.21243020362857,
    "keep going": 236.4159532904856,
    "accelerate": 161.54189274148345
  },
  "('Z2', 'Z3', 'low', 'push', 'Z2', 'Z2', 'downhill')": {
    "slow down": 240.3359279456279,
    "keep going": 126.61393464931012,
    "accelerate": 81.4498107931779
  },
  "('Z2', 'Z2', 'low', 'push', 'Z2', 'Z2', 'flat')": {
    "slow down": 238.30131918024023,
    "keep going": 239.504698128872,
    "accelerate": 238.76633689348955
  },
  "('Z2', 'Z1', 'low', 'push', 'Z2', 'Z2', 'flat')": {
    "slow down": 237.79160152253374,
    "keep going": 236.9600467112543,
    "accelerate": 240.26467298314512
  },
  "('Z2', 'Z1', 'low', 'push', 'Z2', 'Z2', 'downhill')": {
    "slow down": 238.5390298240435,
    "keep going": 135.70504522802577,
    "accelerate": 130.40305933110997
  },
  "('Z1', 'Z2', 'low', 'push', 'Z2', 'Z2', 'downhill')": {
    "slow down": 200.9020766552783,
    "keep going": 64.295416945193,
    "accelerate": 53.105047007262755
  },
  "('Z2', 'Z3', 'low', 'push', 'Z2', 'Z2', 'uphill')": {
    "slow down": 240.01854038272378,
    "keep going": 147.6516460355789,
    "accelerate": 81.0612693867183
  },
  "('Z3', 'Z3', 'low', 'push', 'Z2', 'Z2', 'flat')": {
    "slow down": 219.45930392753073,
    "keep going": 33.24551170875639,
    "accelerate": 20.359324649451118
  },
  "('Z2', 'Z2', 'low', 'push', 'Z2', 'Z2', 'uphill')": {
    "slow down": 238.6814536622445,
    "keep going": 239.61648382304668,
    "accelerate": 238.96547608603873
  },
  "('Z2', 'Z4', 'low', 'push', 'Z2', 'Z2', 'flat')": {
    "slow down": 135.88371578232866,
    "keep going": 4.269150996996291,
    "accelerate": -0.25206765384185126
  },
  "('Z3', 'Z3', 'low', 'push', 'Z2', 'Z2', 'uphill')": {
    "slow down": 116.07311366281041,
    "keep going": 6.1829999186528095,
    "accelerate": 0.06824098479471223
  },
  "('Z3', 'Z2', 'low', 'push', 'Z2', 'Z2', 'flat')": {
    "slow down": 235.93720224472767,
    "keep going": 49.96466269916702,
    "accelerate": 29.57314391739819
  },
  "('Z3', 'Z4', 'low', 'push', 'Z2', 'Z2', 'flat')": {
    "slow down": 192.68105720621236,
    "keep going": 17.36660182191625,
    "accelerate": 5.252030609247865
  },
  "('Z3', 'Z5', 'low', 'push', 'Z2', 'Z2', 'uphill')": {
    "slow down": -0.005347560593617112,
    "keep going": -0.029369833151593184,
    "accelerate": 0.0
  },
  "('Z3', 'Z3', 'low', 'push', 'Z2', 'Z2', 'downhill')": {
    "slow down": 130.64059269525993,
    "keep going": 8.416869399199244,
    "accelerate": 1.8675194368553394
  },
  "('Z3', 'Z2', 'low', 'push', 'Z2', 'Z2', 'uphill')": {
    "slow down": 101.16388103760016,
    "keep going": 0.0,
    "accelerate": 8.176777469257722
  },
  "('Z1', 'Z1', 'low', 'cooldown', 'Z1', 'Z1', 'downhill')": {
    "slow down": 239.90028553210516,
    "keep going": 239.9642873135378,
    "accelerate": 239.4375427244963
  },
  "('Z1', 'Z1', 'low', 'cooldown', 'Z1', 'Z1', 'flat')": {
    "slow down": 239.93137819474256,
    "keep going": 239.96348424618637,
    "accelerate": 239.21245202117294
  },
  "('Z1', 'Z1', 'low', 'cooldown', 'Z1', 'Z1', 'uphill')": {
    "slow down": 239.9084545187926,
    "keep going": 239.96592922801537,
    "accelerate": 239.41336422245502
  },
  "('Z1', 'Z2', 'low', 'cooldown', 'Z1', 'Z1', 'flat')": {
    "slow down": 241.44309869263893,
    "keep going": 239.49421569169098,
    "accelerate": 210.5902904507151
  },
  "('Z2', 'Z3', 'low', 'cooldown', 'Z1', 'Z1', 'flat')": {
    "slow down": 225.86906998097095,
    "keep going": 40.904455600293055,
    "accelerate": 26.418074427902415
  },
  "('Z2', 'Z2', 'low', 'cooldown', 'Z1', 'Z1', 'flat')": {
    "slow down": 231.95246323985728,
    "keep going": 134.95306272949782,
    "accelerate": 93.83107428191636
  },
  "('Z2', 'Z1', 'low', 'cooldown', 'Z1', 'Z1', 'flat')": {
    "slow down": 238.67567149182443,
    "keep going": 203.44416485547754,
    "accelerate": 173.48871382466226
  },
  "('Z1', 'Z2', 'low', 'cooldown', 'Z1', 'Z1', 'downhill')": {
    "slow down": 241.43044414035043,
    "keep going": 178.41033490615493,
    "accelerate": 152.9121551971843
  },
  "('Z1', 'Z2', 'low', 'cooldown', 'Z1', 'Z1', 'uphill')": {
    "slow down": 241.40738871638084,
    "keep going": 178.21617321193565,
    "accelerate": 137.6179544987541
  },
  "('Z2', 'Z3', 'low', 'cooldown', 'Z1', 'Z1', 'uphill')": {
    "slow down": 129.12629396295762,
    "keep going": 10.11518205445036,
    "accelerate": 5.151695014624872
  },
  "('Z2', 'Z4', 'low', 'cooldown', 'Z1', 'Z1', 'flat')": {
    "slow down": 97.76457666139834,
    "keep going": -0.04355399633159482,
    "accelerate": -0.327758532109353
  },
  "('Z2', 'Z2', 'low', 'cooldown', 'Z1', 'Z1', 'uphill')": {
    "slow down": 191.27382834987074,
    "keep going": 23.07685951198605,
    "accelerate": 4.048810381333482
  },
  "('Z2', 'Z3', 'low', 'warmup', 'Z1', 'Z1', 'downhill')": {
    "slow down": 143.360491729675,
    "keep going": 3.3946103351195536,
    "accelerate": 0.127250109185415
  },
  "('Z2', 'Z1', 'low', 'push', 'Z2', 'Z2', 'uphill')": {
    "slow down": 238.666650208562,
    "keep going": 177.9585246211351,
    "accelerate": 172.77422560188856
  },
  "('Z3', 'Z5', 'low', 'push', 'Z2', 'Z2', 'flat')": {
    "slow down": 46.473772006970606,
    "keep going": -0.04631590516389322,
    "accelerate": -0.07822082068812455
  },