{
  "('Z1', 'Z1', 'low', 'warmup', 'Z1', 'Z1', 'flat')": {
    "slow down": 51.31614921775857,
    "keep going": 51.473356833163365,
    "accelerate": 49.86735986940127
  },
  "('Z1', 'Z2', 'low', 'warmup', 'Z1', 'Z1', 'flat')": {
    "slow down": 51.192007844787696,
    "keep going": 50.299486166867666,
    "accelerate": 43.63855767980794
  },
  "('Z1', 'Z1', 'low', 'warmup', 'Z1', 'Z1', 'downhill')": {
    "slow down": 51.302428595504736,
    "keep going": 51.83739011959561,
    "accelerate": 50.04720701563128
  },
  "('Z2', 'Z3', 'low', 'warmup', 'Z1', 'Z1', 'downhill')": {
    "slow down": 44.598309951181044,
    "keep going": 3.0332575564675075,
    "accelerate": 1.9387924067423896
  },
  "('Z2', 'Z2', 'low', 'warmup', 'Z1', 'Z1', 'flat')": {
    "slow down": 49.25014969112777,
    "keep going": 40.23900454524082,
    "accelerate": 29.582187461150127
  },
  "('Z2', 'Z1', 'low', 'warmup', 'Z1', 'Z1', 'flat')": {
    "slow down": 51.095580686498835,
    "keep going": 45.68118884258945,
    "accelerate": 38.465753535369785
  },
  "('Z1', 'Z2', 'low', 'warmup', 'Z1', 'Z1', 'uphill')": {
    "slow down": 51.29450676908133,
    "keep going": 45.323058255433736,
    "accelerate": 38.4985512452807
  },
  "('Z1', 'Z1', 'low', 'warmup', 'Z1', 'Z1', 'uphill')": {
    "slow down": 51.357206386588764,
    "keep going": 51.85452080410628,
    "accelerate": 50.067715855450615
  },
  "('Z2', 'Z3', 'low', 'warmup', 'Z1', 'Z1', 'flat')": {
    "slow down": 48.038551028031485,
    "keep going": 26.996318994234617,
    "accelerate": 6.131905821547202
  },
  "('Z2', 'Z2', 'low', 'warmup', 'Z1', 'Z1', 'uphill')": {
    "slow down": 46.554144654623194,
    "keep going": 2.398546112049658,
    "accelerate": 6.021592800954442
  },
  "('Z1', 'Z2', 'low', 'warmup', 'Z1', 'Z1', 'downhill')": {
    "slow down": 51.309145626488345,
    "keep going": 46.93998105330017,
    "accelerate": 39.62109258798138
  },
  "('Z2', 'Z1', 'low', 'warmup', 'Z1', 'Z1', 'downhill')": {
    "slow down": 50.30660699088106,
    "keep going": 12.630075111636415,
    "accelerate": 15.308335391158744
  },
  "('Z2', 'Z4', 'low', 'warmup', 'Z1', 'Z1', 'flat')": {
    "slow down": 23.454545069763892,
    "keep going": 0.6631675673522925,
    "accelerate": -0.34705410805537307
  },
  "('Z3', 'Z5', 'low', 'warmup', 'Z1', 'Z1', 'downhill')": {
    "slow down": -0.09118903333422733,
    "keep going": 0.0,
    "accelerate": 0.0
  },
  "('Z3', 'Z4', 'low', 'warmup', 'Z1', 'Z1', 'flat')": {
    "slow down": -0.23924370608657997,
    "keep going": -0.36004639654526527,
    "accelerate": -0.35321416876000844
  },
  "('Z3', 'Z3', 'low', 'warmup', 'Z1', 'Z1', 'flat')": {
    "slow down": 4.674818595974619,
    "keep going": -0.018580987693818177,
    "accelerate": -0.23031765616515043
  },
  "('Z3', 'Z2', 'low', 'warmup', 'Z1', 'Z1', 'flat')": {
    "slow down": 7.009496781169087,
    "keep going": 0.0,
    "accelerate": 0.0
  },
  "('Z2', 'Z1', 'low', 'warmup', 'Z1', 'Z1', 'uphill')": {
    "slow down": 45.93425702898289,
    "keep going": 11.627463342444681,
    "accelerate": 4.302763341236453
  },
  "('Z2', 'Z3', 'low', 'warmup', 'Z1', 'Z1', 'uphill')": {
    "slow down": 43.01848018065901,
    "keep going": 5.7985058046786335,
    "accelerate": 1.3374081488113636
  },
  "('Z1', 'Z1', 'low', 'push', 'Z2', 'Z2', 'flat')": {
    "slow down": 42.227487903231506,
    "keep going": 41.183185334413665,
    "accelerate": 45.325218439040256
  },
  "('Z1', 'Z2', 'low', 'push', 'Z2', 'Z2', 'flat')": {
    "slow down": 40.41460255482007,
    "keep going": 46.07021851248736,
    "accelerate": 44.204584721588795
  },
  "('Z2', 'Z2', 'low', 'push', 'Z2', 'Z2', 'flat')": {
    "slow down": 46.94581406762096,
    "keep going": 47.7971072061086,
    "accelerate": 47.11730046903719
  },
  "('Z1', 'Z1', 'low', 'push', 'Z2', 'Z2', 'downhill')": {
    "slow down": 39.41753413858541,
    "keep going": 22.76072270083132,
    "accelerate": 24.11833096683389
  },
  "('Z1', 'Z2', 'low', 'push', 'Z2', 'Z2', 'uphill')": {
    "slow down": 23.704679687534444,
    "keep going": 8.8835408158548,
    "accelerate": 3.9811200511879834
  },
  "('Z2', 'Z3', 'low', 'push', 'Z2', 'Z2', 'flat')": {
    "slow down": 48.66696828621637,
    "keep going": 47.14278764804437,
    "accelerate": 42.54311691763016
  },
  "('Z2', 'Z1', 'low', 'push', 'Z2', 'Z2', 'flat')": {
    "slow down": 46.97803265874222,
    "keep going": 46.902921647769006,
    "accelerate": 48.597057897864886
  },
  "('Z2', 'Z3', 'low', 'push', 'Z2', 'Z2', 'uphill')": {
    "slow down": 48.42453723928692,
    "keep going": 45.969772830367205,
    "accelerate": 38.27826572835653
  },
  "('Z1', 'Z1', 'low', 'push', 'Z2', 'Z2', 'uphill')": {
    "slow down": 35.63645727873369,
    "keep going": 21.871795896001277,
    "accelerate": 23.82203216412382
  },
  "('Z1', 'Z2', 'low', 'push', 'Z2', 'Z2', 'downhill')": {
    "slow down": 7.78793528571891,
    "keep going": 27.419518786049572,
    "accelerate": 5.481677794355978
  },
  "('Z2', 'Z1', 'low', 'push', 'Z2', 'Z2', 'uphill')": {
    "slow down": 45.50401044452441,
    "keep going": 45.9825081589147,
    "accelerate": 48.40268354912352
  },
  "('Z2', 'Z1', 'low', 'push', 'Z2', 'Z2', 'downhill')": {
    "slow down": 45.98280976259417,
    "keep going": 47.14508678059482,
    "accelerate": 46.95573081926491
  },
  "('Z2', 'Z2', 'low', 'push', 'Z2', 'Z2', 'downhill')": {
    "slow down": 47.13296498829455,
    "keep going": 47.94548455341901,
    "accelerate": 46.895719542101304
  },
  "('Z2', 'Z3', 'low', 'push', 'Z2', 'Z2', 'downhill')": {
    "slow down": 48.61749225659744,
    "keep going": 45.43572929358315,
    "accelerate": 36.178342691309254
  },
  "('Z2', 'Z2', 'low', 'push', 'Z2', 'Z2', 'uphill')": {
    "slow down": 47.0881098089651,
    "keep going": 47.96188239939115,
    "accelerate": 47.26043121382918
  },
  "('Z2', 'Z4', 'low', 'push', 'Z2', 'Z2', 'flat')": {
    "slow down": 45.272174781169504,
    "keep going": 14.416142561718605,
    "accelerate": 1.3607336584329197
  },
  "('Z3', 'Z4', 'low', 'push', 'Z2', 'Z2', 'flat')": {
    "slow down": 45.861749559271885,
    "keep going": 36.320472914119065,
    "accelerate": 16.859119193209516
  },
  "('Z3', 'Z3', 'low', 'push', 'Z2', 'Z2', 'flat')": {
    "slow down": 46.43625289188241,
    "keep going": 41.35070301845508,
    "accelerate": 37.65719383325782
  },
  "('Z3', 'Z2', 'low', 'push', 'Z2', 'Z2', 'uphill')": {
    "slow down": 43.13066401833862,
    "keep going": 14.274117082820311,
    "accelerate": 4.352045511226912
  },
  "('Z1', 'Z1', 'low', 'cooldown', 'Z1', 'Z1', 'downhill')": {
    "slow down": 47.955789045534836,
    "keep going": 47.95071129161968,
    "accelerate": 47.40096796208513
  },
  "('Z1', 'Z1', 'low', 'cooldown', 'Z1', 'Z1', 'flat')": {
    "slow down": 47.898965547317104,
    "keep going": 47.927689998748214,
    "accelerate": 47.236617890930994
  },
  "('Z1', 'Z1', 'low', 'cooldown', 'Z1', 'Z1', 'uphill')": {
    "slow down": 47.92526532280904,
    "keep going": 47.960879405355335,
    "accelerate": 47.400800884242045
  },
  "('Z1', 'Z2', 'low', 'cooldown', 'Z1', 'Z1', 'flat')": {
    "slow down": 49.453230374613256,
    "keep going": 47.496668250635345,
    "accelerate": 42.23635404209516
  },
  "('Z2', 'Z2', 'low', 'cooldown', 'Z1', 'Z1', 'flat')": {
    "slow down": 46.75779008977615,
    "keep going": 44.90668283373304,
    "accelerate": 40.45561793168318
  },
  "('Z2', 'Z3', 'low', 'cooldown', 'Z1', 'Z1', 'flat')": {
    "slow down": 45.36472852214649,
    "keep going": 38.415649145266514,
    "accelerate": 21.20846548974337
  },
  "('Z2', 'Z1', 'low', 'cooldown', 'Z1', 'Z1', 'flat')": {
    "slow down": 47.140284376499835,
    "keep going": 46.93800884519317,
    "accelerate": 44.759571520166325
  },
  "('Z2', 'Z2', 'low', 'cooldown', 'Z1', 'Z1', 'downhill')": {
    "slow down": 45.88926952556725,
    "keep going": 36.48811038537621,
    "accelerate": 24.731575655975057
  },