{
  "('Z1', 'Z1', 'low', 'warmup', 'Z1', 'Z1', 'flat')": {
    "slow down": 25.415273675566265,
    "keep going": 25.45035811823326,
    "accelerate": 24.226409836952392
  },
  "('Z1', 'Z1', 'low', 'warmup', 'Z1', 'Z1', 'downhill')": {
    "slow down": 25.398919504467795,
    "keep going": 25.979032896206853,
    "accelerate": 24.23167010945394
  },
  "('Z1', 'Z1', 'low', 'warmup', 'Z1', 'Z1', 'uphill')": {
    "slow down": 25.481919312698615,
    "keep going": 25.968224679708868,
    "accelerate": 24.270479893245998
  },
  "('Z1', 'Z2', 'low', 'warmup', 'Z1', 'Z1', 'flat')": {
    "slow down": 25.437967709348854,
    "keep going": 24.015651348252298,
    "accelerate": 11.891910470840893
  },
  "('Z2', 'Z3', 'low', 'warmup', 'Z1', 'Z1', 'flat')": {
    "slow down": 16.340602528505862,
    "keep going": 1.0259129205347093,
    "accelerate": -0.9433083742720152
  },
  "('Z2', 'Z2', 'low', 'warmup', 'Z1', 'Z1', 'uphill')": {
    "slow down": 18.40841273611408,
    "keep going": 2.361798694323281,
    "accelerate": 0.3997107740760431
  },
  "('Z2', 'Z1', 'low', 'warmup', 'Z1', 'Z1', 'flat')": {
    "slow down": 22.0579317828285,
    "keep going": 8.322661722141445,
    "accelerate": 5.900197363821396
  },
  "('Z1', 'Z2', 'low', 'warmup', 'Z1', 'Z1', 'uphill')": {
    "slow down": 25.438266839633783,
    "keep going": 8.03880730498971,
    "accelerate": 3.720053424554382
  },
  "('Z2', 'Z2', 'low', 'warmup', 'Z1', 'Z1', 'flat')": {
    "slow down": 9.20469060655918,
    "keep going": 14.870732532571632,
    "accelerate": 6.68745852738825
  },
  "('Z2', 'Z2', 'low', 'warmup', 'Z1', 'Z1', 'downhill')": {
    "slow down": 19.606224606957372,
    "keep going": 1.5151477817676509,
    "accelerate": 1.0353742136215804
  },
  "('Z1', 'Z2', 'low', 'warmup', 'Z1', 'Z1', 'downhill')": {
    "slow down": 25.364041417655955,
    "keep going": 13.820381099131685,
    "accelerate": 3.4993039906828565
  },
  "('Z2', 'Z4', 'low', 'warmup', 'Z1', 'Z1', 'flat')": {
    "slow down": -0.0033801173210677715,
    "keep going": -0.12530968604091117,
    "accelerate": -0.24539300772794195
  },
  "('Z1', 'Z1', 'low', 'push', 'Z2', 'Z2', 'flat')": {
    "slow down": 15.446343474342935,
    "keep going": 17.151948637341206,
    "accelerate": 21.580095473968992
  },
  "('Z1', 'Z1', 'low', 'push', 'Z2', 'Z2', 'downhill')": {
    "slow down": 8.674172831924043,
    "keep going": 15.395235744856514,
    "accelerate": 10.251221583485089
  },
  "('Z1', 'Z2', 'low', 'push', 'Z2', 'Z2', 'uphill')": {
    "slow down": 11.800898313752656,
    "keep going": 4.557321585375122,
    "accelerate": 1.2237807111885783
  },
  "('Z1', 'Z1', 'low', 'push', 'Z2', 'Z2', 'uphill')": {
    "slow down": 15.277783698536785,
    "keep going": 10.861098796984292,
    "accelerate": 9.308864117089056
  },
  "('Z1', 'Z2', 'low', 'push', 'Z2', 'Z2', 'flat')": {
    "slow down": 18.70097119757817,
    "keep going": 22.136764645228116,
    "accelerate": 20.463685221443004
  },
  "('Z2', 'Z3', 'low', 'push', 'Z2', 'Z2', 'flat')": {
    "slow down": 24.60523156462525,
    "keep going": 23.22871226998734,
    "accelerate": 13.174077208210706
  },
  "('Z2', 'Z2', 'low', 'push', 'Z2', 'Z2', 'flat')": {
    "slow down": 23.07874919569961,
    "keep going": 23.6380822130104,
    "accelerate": 23.30887862840284
  },
  "('Z2', 'Z1', 'low', 'push', 'Z2', 'Z2', 'flat')": {
    "slow down": 22.398602429738578,
    "keep going": 22.916388438106413,
    "accelerate": 24.51466420048808
  },
  "('Z1', 'Z2', 'low', 'push', 'Z2', 'Z2', 'downhill')": {
    "slow down": 2.117701139192646,
    "keep going": 1.0963683393585333,
    "accelerate": 12.602999869978074
  },
  "('Z2', 'Z4', 'low', 'push', 'Z2', 'Z2', 'flat')": {
    "slow down": 13.799161131199973,
    "keep going": 1.3786551652867858,
    "accelerate": -0.12167497632864077
  },
  "('Z2', 'Z3', 'low', 'push', 'Z2', 'Z2', 'downhill')": {
    "slow down": 24.455303451579343,
    "keep going": 13.057428811259943,
    "accelerate": 4.953604463038682
  },
  "('Z2', 'Z1', 'low', 'push', 'Z2', 'Z2', 'uphill')": {
    "slow down": 23.04564246056028,
    "keep going": 16.44981150293643,
    "accelerate": 17.28429544304388
  },
  "('Z2', 'Z2', 'low', 'push', 'Z2', 'Z2', 'downhill')": {
    "slow down": 22.976242178908887,
    "keep going": 23.995484100019475,
    "accelerate": 23.192176133169895
  },
  "('Z1', 'Z1', 'low', 'cooldown', 'Z1', 'Z1', 'downhill')": {
    "slow down": 23.94832304042461,
    "keep going": 23.93024326998974,
    "accelerate": 23.33614904267636
  },
  "('Z1', 'Z1', 'low', 'cooldown', 'Z1', 'Z1', 'flat')": {
    "slow down": 23.89658357771286,
    "keep going": 24.007006811844157,
    "accelerate": 23.238897636729195
  },
  "('Z1', 'Z1', 'low', 'cooldown', 'Z1', 'Z1', 'uphill')": {
    "slow down": 23.897173820708772,
    "keep going": 23.972111588037308,
    "accelerate": 23.34341726133926
  },
  "('Z1', 'Z2', 'low', 'cooldown', 'Z1', 'Z1', 'downhill')": {
    "slow down": 25.508460845387223,
    "keep going": 8.533323476010775,
    "accelerate": 5.565194953171621
  },
  "('Z2', 'Z3', 'low', 'cooldown', 'Z1', 'Z1', 'flat')": {
    "slow down": 20.17948217898811,
    "keep going": 3.8957468954675205,
    "accelerate": -0.010415585306992686
  },
  "('Z2', 'Z2', 'low', 'cooldown', 'Z1', 'Z1', 'uphill')": {
    "slow down": 18.472650196716952,
    "keep going": 0.0,
    "accelerate": 0.0
  },
  "('Z2', 'Z1', 'low', 'cooldown', 'Z1', 'Z1', 'flat')": {
    "slow down": 23.27216856475062,
    "keep going": 20.218397356694894,
    "accelerate": 14.55168056441794
  },
  "('Z1', 'Z2', 'low', 'cooldown', 'Z1', 'Z1', 'flat')": {
    "slow down": 25.469853409398056,
    "keep going": 23.72983846415271,
    "accelerate": 13.184301308289958
  },
  "('Z1', 'Z2', 'low', 'cooldown', 'Z1', 'Z1', 'uphill')": {
    "slow down": 25.480024919715902,
    "keep going": 9.72777500523391,
    "accelerate": 8.066629614264897
  },
  "('Z2', 'Z2', 'low', 'cooldown', 'Z1', 'Z1', 'flat')": {
    "slow down": 22.432775536264096,
    "keep going": 6.965122873648988,
    "accelerate": 5.38136517038797
  },
  "('Z2', 'Z3', 'low', 'push', 'Z2', 'Z2', 'uphill')": {
    "slow down": 24.415561122778797,
    "keep going": 8.701540146830592,
    "accelerate": 6.08391933898306
  },
  "('Z2', 'Z2', 'low', 'push', 'Z2', 'Z2', 'uphill')": {
    "slow down": 23.073793555736057,
    "keep going": 23.993378585595572,
    "accelerate": 23.28541288559025
  },
  "('Z2', 'Z3', 'low', 'warmup', 'Z1', 'Z1', 'downhill')": {
    "slow down": 3.6285238057525184,
    "keep going": 1.9826236433773832,
    "accelerate": 0.0
  },
  "('Z2', 'Z1', 'low', 'warmup', 'Z1', 'Z1', 'downhill')": {
    "slow down": 12.736362072172684,
    "keep going": 2.5873567498817613,
    "accelerate": 0.0
  },
  "('Z2', 'Z1', 'low', 'push', 'Z2', 'Z2', 'downhill')": {
    "slow down": 23.09923762989361,
    "keep going": 16.697887309462775,
    "accelerate": 15.235944676716898
  },
  "('Z2', 'Z2', 'low', 'cooldown', 'Z1', 'Z1', 'downhill')": {
    "slow down": 22.018638653774183,
    "keep going": 6.7417838079175265,
    "accelerate": 3.2067577027364984
  },
  "('Z2', 'Z3', 'low', 'cooldown', 'Z1', 'Z1', 'downhill')": {
    "slow down": 13.83378815495637,
    "keep going": 0.0,
    "accelerate": 0.0
  },
  "('Z2', 'Z1', 'low', 'cooldown', 'Z1', 'Z1', 'downhill')": {
    "slow down": 19.2255844087602,
    "keep going": 0.0,
    "accelerate": 1.8373611798673275
  },
  "('Z2', 'Z3', 'low', 'cooldown', 'Z1', 'Z1', 'uphill')": {
    "slow down": 11.0828736979903,
    "keep going": 0.0,
    "accelerate": 0.0
  },
  "('Z2', 'Z4', 'low', 'warmup', 'Z1', 'Z1', 'uphill')": {
    "slow down": 0.6018861003223525,
    "keep going": 0.0,
    "accelerate": 0.0
  },
  "('Z3', 'Z4', 'low', 'push', 'Z2', 'Z2', 'flat')": {
    "slow down": 18.40481397969347,
    "keep going": 5.417306776400522,
    "accelerate": -0.14999651097632247
  },
  "('Z3', 'Z3', 'low', 'push', 'Z2', 'Z2', 'flat')": {
    "slow down": 21.340207409833813,