{
  "('Z1', 'Z1', 'low', 'warmup', 'Z1', 'Z1', 'flat')": {
    "slow down": 128.39218361450813,
    "keep going": 128.43873447291247,
    "accelerate": 127.00071781555225
  },
  "('Z1', 'Z1', 'low', 'warmup', 'Z1', 'Z1', 'downhill')": {
    "slow down": 128.65705787594803,
    "keep going": 129.2019578466196,
    "accelerate": 127.18162787748103
  },
  "('Z1', 'Z1', 'low', 'warmup', 'Z1', 'Z1', 'uphill')": {
    "slow down": 128.5244133343372,
    "keep going": 129.19441939933515,
    "accelerate": 127.15940629241558
  },
  "('Z1', 'Z2', 'low', 'warmup', 'Z1', 'Z1', 'flat')": {
    "slow down": 128.60374415340675,
    "keep going": 50.13332132743135,
    "accelerate": 2.308569382450378
  },
  "('Z1', 'Z2', 'low', 'warmup', 'Z1', 'Z1', 'downhill')": {
    "slow down": 128.54208803512438,
    "keep going": 21.20867676256049,
    "accelerate": 1.6102040026031164
  },
  "('Z1', 'Z2', 'low', 'warmup', 'Z1', 'Z1', 'uphill')": {
    "slow down": 128.4836063157842,
    "keep going": 22.217683870244365,
    "accelerate": 0.9082111474755307
  },
  "('Z1', 'Z1', 'low', 'push', 'Z2', 'Z2', 'flat')": {
    "slow down": 100.1880296113998,
    "keep going": 99.34594950186974,
    "accelerate": 118.80762946250886
  },
  "('Z1', 'Z1', 'low', 'push', 'Z2', 'Z2', 'downhill')": {
    "slow down": 57.61603676950307,
    "keep going": 102.56116807984523,
    "accelerate": 50.571093626980876
  },
  "('Z1', 'Z1', 'low', 'push', 'Z2', 'Z2', 'uphill')": {
    "slow down": 100.13664282476256,
    "keep going": 42.38890773040834,
    "accelerate": 54.21530489793126
  },
  "('Z1', 'Z2', 'low', 'push', 'Z2', 'Z2', 'flat')": {
    "slow down": 102.95502886181833,
    "keep going": 102.43744378751906,
    "accelerate": 119.62985193256704
  },
  "('Z1', 'Z2', 'low', 'push', 'Z2', 'Z2', 'uphill')": {
    "slow down": 76.87542953561614,
    "keep going": 3.446371857185187,
    "accelerate": 0.0
  },
  "('Z2', 'Z3', 'low', 'push', 'Z2', 'Z2', 'flat')": {
    "slow down": 120.70059374065883,
    "keep going": 119.06256890092104,
    "accelerate": 100.27589190084879
  },
  "('Z2', 'Z2', 'low', 'push', 'Z2', 'Z2', 'flat')": {
    "slow down": 118.91953990571515,
    "keep going": 119.42931167729574,
    "accelerate": 118.72219683596452
  },
  "('Z2', 'Z2', 'low', 'push', 'Z2', 'Z2', 'uphill')": {
    "slow down": 119.16902245568716,
    "keep going": 119.95524192722112,
    "accelerate": 119.044749096379
  },
  "('Z2', 'Z1', 'low', 'push', 'Z2', 'Z2', 'flat')": {
    "slow down": 118.99146915700915,
    "keep going": 118.79224105962489,
    "accelerate": 120.88820336554743
  },
  "('Z1', 'Z2', 'low', 'push', 'Z2', 'Z2', 'downhill')": {
    "slow down": 85.6551511393521,
    "keep going": 11.095156463040738,
    "accelerate": 10.69935908173677
  },
  "('Z2', 'Z3', 'low', 'push', 'Z2', 'Z2', 'downhill')": {
    "slow down": 33.63872287093873,
    "keep going": 119.24630240473695,
    "accelerate": 38.56856795192908
  },
  "('Z2', 'Z2', 'low', 'push', 'Z2', 'Z2', 'downhill')": {
    "slow down": 119.06967983293812,
    "keep going": 119.95731383135347,
    "accelerate": 119.15270625188562
  },
  "('Z2', 'Z1', 'low', 'push', 'Z2', 'Z2', 'downhill')": {
    "slow down": 59.191805600955774,
    "keep going": 119.22687221509179,
    "accelerate": 51.950940873915094
  },
  "('Z2', 'Z4', 'low', 'push', 'Z2', 'Z2', 'flat')": {
    "slow down": 62.14406432005913,
    "keep going": 0.0,
    "accelerate": 0.0
  },
  "('Z1', 'Z1', 'low', 'push', 'Z3', 'Z3', 'flat')": {
    "slow down": -0.07777045663221666,
    "keep going": 0.22934846075889068,
    "accelerate": 17.814113694025718
  },
  "('Z1', 'Z2', 'low', 'push', 'Z3', 'Z3', 'flat')": {
    "slow down": -0.02883881133161933,
    "keep going": -0.025529173089667602,
    "accelerate": 0.07605585853691418
  },
  "('Z2', 'Z3', 'low', 'push', 'Z3', 'Z3', 'flat')": {
    "slow down": 106.5876832097208,
    "keep going": 113.50009145379553,
    "accelerate": 91.87239969269538
  },
  "('Z2', 'Z2', 'low', 'push', 'Z3', 'Z3', 'flat')": {
    "slow down": 100.33426012718331,
    "keep going": 102.06610606669099,
    "accelerate": 111.77734426552935
  },
  "('Z2', 'Z1', 'low', 'push', 'Z3', 'Z3', 'flat')": {
    "slow down": 77.01309628458597,
    "keep going": 72.35919937822007,
    "accelerate": 110.75780134807843
  },
  "('Z2', 'Z2', 'low', 'cooldown', 'Z1', 'Z1', 'flat')": {
    "slow down": 0.0,
    "keep going": 0.0,
    "accelerate": 0.0
  },
  "('Z2', 'Z3', 'low', 'warmup', 'Z1', 'Z1', 'flat')": {
    "slow down": 14.79782666894657,
    "keep going": 0.0,
    "accelerate": 0.0
  },
  "('Z2', 'Z2', 'low', 'warmup', 'Z1', 'Z1', 'flat')": {
    "slow down": 26.958060312313293,
    "keep going": 0.0,
    "accelerate": 0.0
  },
  "('Z2', 'Z1', 'low', 'warmup', 'Z1', 'Z1', 'flat')": {
    "slow down": 59.32944835528339,
    "keep going": 0.0,
    "accelerate": 1.0351776078696657
  },
  "('Z3', 'Z4', 'low', 'push', 'Z2', 'Z2', 'flat')": {
    "slow down": 111.55280438740543,
    "keep going": 0.0,
    "accelerate": 0.27413326288725476
  },
  "('Z3', 'Z3', 'low', 'push', 'Z2', 'Z2', 'flat')": {
    "slow down": 115.53581411819138,
    "keep going": 7.03975564401517,
    "accelerate": 26.2640400788385
  },
  "('Z3', 'Z2', 'low', 'push', 'Z2', 'Z2', 'flat')": {
    "slow down": 10.174264767202118,
    "keep going": 120.30394677939772,
    "accelerate": 0.0
  },
  "('Z3', 'Z4', 'low', 'push', 'Z3', 'Z3', 'flat')": {
    "slow down": 114.22018509478536,
    "keep going": 94.0792145308665,
    "accelerate": 52.918211248986324
  },
  "('Z3', 'Z3', 'low', 'push', 'Z3', 'Z3', 'flat')": {
    "slow down": 106.22627488412286,
    "keep going": 108.26307200964433,
    "accelerate": 108.56246891845325
  },
  "('Z2', 'Z1', 'low', 'push', 'Z2', 'Z2', 'uphill')": {
    "slow down": 119.01542374100951,
    "keep going": 32.75766525810557,
    "accelerate": 72.91225013312588
  },
  "('Z3', 'Z2', 'low', 'push', 'Z3', 'Z3', 'flat')": {
    "slow down": 107.62947425308973,
    "keep going": 65.54344714750006,
    "accelerate": 80.57605450092831
  },
  "('Z2', 'Z3', 'low', 'warmup', 'Z1', 'Z1', 'downhill')": {
    "slow down": 4.491474365687844,
    "keep going": 0.0,
    "accelerate": 0.0
  },
  "('Z2', 'Z2', 'low', 'warmup', 'Z1', 'Z1', 'downhill')": {
    "slow down": 3.345022891848648,
    "keep going": 0.0,
    "accelerate": 0.0
  },
  "('Z2', 'Z1', 'low', 'warmup', 'Z1', 'Z1', 'downhill')": {
    "slow down": 34.77898925441116,
    "keep going": 0.0,
    "accelerate": 0.0
  },
  "('Z2', 'Z3', 'low', 'push', 'Z2', 'Z2', 'uphill')": {
    "slow down": 120.19390833560384,
    "keep going": 34.492267184605936,
    "accelerate": 25.90405903308372
  },
  "('Z3', 'Z2', 'low', 'push', 'Z2', 'Z2', 'uphill')": {
    "slow down": 38.26040192924103,
    "keep going": 0.0,
    "accelerate": 0.0
  },
  "('Z3', 'Z3', 'low', 'push', 'Z2', 'Z2', 'downhill')": {
    "slow down": 36.76353019131773,
    "keep going": 0.0,
    "accelerate": 0.0
  },
  "('Z3', 'Z4', 'low', 'push', 'Z2', 'Z2', 'downhill')": {
    "slow down": 33.495721375379375,
    "keep going": 0.0,
    "accelerate": 0.0
  },
  "('Z3', 'Z3', 'low', 'push', 'Z2', 'Z2', 'uphill')": {
    "slow down": 98.84963011517885,
    "keep going": 0.0,
    "accelerate": 0.0
  },
  "('Z3', 'Z5', 'low', 'push', 'Z3', 'Z3', 'flat')": {
    "slow down": 52.176294702447024,
    "keep going": 0.0,
    "accelerate": 0.0
  },
  "('Z3', 'Z1', 'low', 'push', 'Z3', 'Z3', 'flat')": {
    "slow down": 107.36973674630926,
    "keep going": 0.0,
    "accelerate": 14.574631773425349
  },
  "('Z2', 'Z4', 'low', 'push', 'Z2', 'Z2', 'downhill')": {
    "slow down": 4.412348119835243,
    "keep going": 0.0,
    "accelerate": 0.0
  },
  "('Z2', 'Z2', 'low', 'warmup', 'Z1', 'Z1', 'uphill')": {
    "slow down": 0.0,
    "keep going": 0.0,
    "accelerate": 0.5301459679655491
  },
  "('Z3', 'Z4', 'low', 'push', 'Z2', 'Z2', 'uphill')": {
    "slow down": 26.171044616361954,
    "keep going": 0.0,
    "accelerate": 0.0
  },