{
  "('Z1', 'Z1', 'low', 'warmup', 'Z1', 'Z1', 'flat')": {
    "slow down": 253.1928527318531,
    "keep going": 252.98564983176277,
    "accelerate": 253.14663087192199
  },
  "('Z1', 'Z2', 'low', 'warmup', 'Z1', 'Z1', 'downhill')": {
    "slow down": 254.07609258847438,
    "keep going": 158.0464314705956,
    "accelerate": 71.3263305021182
  },
  "('Z1', 'Z1', 'low', 'warmup', 'Z1', 'Z1', 'downhill')": {
    "slow down": 254.06389825988808,
    "keep going": 254.75267258962236,
    "accelerate": 253.30059539693065
  },
  "('Z1', 'Z1', 'low', 'warmup', 'Z1', 'Z1', 'uphill')": {
    "slow down": 254.04652983569886,
    "keep going": 254.75198672391545,
    "accelerate": 253.54995327356653
  },
  "('Z1', 'Z2', 'low', 'warmup', 'Z1', 'Z1', 'flat')": {
    "slow down": 253.8408024929841,
    "keep going": 244.63881773257174,
    "accelerate": 121.21003924708532
  },
  "('Z1', 'Z2', 'low', 'warmup', 'Z1', 'Z1', 'uphill')": {
    "slow down": 254.45857524579793,
    "keep going": 53.517224738565275,
    "accelerate": 25.49341948317757
  },
  "('Z2', 'Z3', 'low', 'warmup', 'Z1', 'Z1', 'flat')": {
    "slow down": 167.7816702398968,
    "keep going": 2.370919369602084,
    "accelerate": -0.4157947949316071
  },
  "('Z2', 'Z2', 'low', 'warmup', 'Z1', 'Z1', 'flat')": {
    "slow down": 236.9397344358698,
    "keep going": 44.461117439798485,
    "accelerate": 36.127120812607075
  },
  "('Z2', 'Z1', 'low', 'warmup', 'Z1', 'Z1', 'downhill')": {
    "slow down": 122.57771966713173,
    "keep going": 0.0,
    "accelerate": 0.0
  },
  "('Z2', 'Z4', 'low', 'warmup', 'Z1', 'Z1', 'uphill')": {
    "slow down": -0.039480411789341224,
    "keep going": 0.0,
    "accelerate": 0.0
  },
  "('Z2', 'Z1', 'low', 'warmup', 'Z1', 'Z1', 'uphill')": {
    "slow down": 143.11004875468646,
    "keep going": 0.0,
    "accelerate": 0.0
  },
  "('Z1', 'Z1', 'low', 'push', 'Z2', 'Z2', 'flat')": {
    "slow down": 214.48931088993277,
    "keep going": 224.92594911436012,
    "accelerate": 237.48796537374827
  },
  "('Z1', 'Z2', 'low', 'push', 'Z2', 'Z2', 'flat')": {
    "slow down": 103.02081622761587,
    "keep going": 66.51237470724767,
    "accelerate": 238.66128622730002
  },
  "('Z2', 'Z2', 'low', 'push', 'Z2', 'Z2', 'flat')": {
    "slow down": 237.80262717926448,
    "keep going": 237.2748490032363,
    "accelerate": 237.5089666006024
  },
  "('Z2', 'Z2', 'low', 'push', 'Z2', 'Z2', 'downhill')": {
    "slow down": 236.6742668816008,
    "keep going": 239.4690961196322,
    "accelerate": 236.61932987493188
  },
  "('Z2', 'Z1', 'low', 'push', 'Z2', 'Z2', 'flat')": {
    "slow down": 235.77470265496098,
    "keep going": 235.86188248643256,
    "accelerate": 240.1275144467319
  },
  "('Z2', 'Z2', 'low', 'push', 'Z2', 'Z2', 'uphill')": {
    "slow down": 236.78004955802416,
    "keep going": 239.43302135002676,
    "accelerate": 236.45093497010177
  },
  "('Z2', 'Z1', 'low', 'push', 'Z2', 'Z2', 'downhill')": {
    "slow down": 228.115306765798,
    "keep going": 229.3394532485672,
    "accelerate": 238.07964627277687
  },
  "('Z2', 'Z3', 'low', 'push', 'Z2', 'Z2', 'flat')": {
    "slow down": 240.13096323236107,
    "keep going": 235.67651200310678,
    "accelerate": 233.16136854850762
  },
  "('Z3', 'Z3', 'low', 'push', 'Z2', 'Z2', 'flat')": {
    "slow down": 236.26781822210265,
    "keep going": 225.89631913353878,
    "accelerate": 208.12790693928997
  },
  "('Z2', 'Z1', 'low', 'push', 'Z2', 'Z2', 'uphill')": {
    "slow down": 209.92642706298446,
    "keep going": 231.5806523036558,
    "accelerate": 237.22361382930373
  },
  "('Z1', 'Z2', 'low', 'push', 'Z2', 'Z2', 'uphill')": {
    "slow down": 41.27164287518117,
    "keep going": 0.0,
    "accelerate": 0.0
  },
  "('Z1', 'Z1', 'low', 'push', 'Z2', 'Z2', 'downhill')": {
    "slow down": 24.90900634785432,
    "keep going": 62.135773840716915,
    "accelerate": 237.09746961251182
  },
  "('Z1', 'Z1', 'low', 'push', 'Z2', 'Z2', 'uphill')": {
    "slow down": 78.81376993913587,
    "keep going": 44.181826332787715,
    "accelerate": 236.80366385703476
  },
  "('Z1', 'Z2', 'low', 'push', 'Z2', 'Z2', 'downhill')": {
    "slow down": 0.5548048393114253,
    "keep going": 0.0,
    "accelerate": 0.0
  },
  "('Z2', 'Z3', 'low', 'push', 'Z2', 'Z2', 'uphill')": {
    "slow down": 238.10837889001684,
    "keep going": 225.4892299636779,
    "accelerate": 216.28170745361527
  },
  "('Z3', 'Z4', 'low', 'push', 'Z2', 'Z2', 'flat')": {
    "slow down": 236.62673105764796,
    "keep going": 156.38906602447273,
    "accelerate": 48.45558603923561
  },
  "('Z3', 'Z2', 'low', 'push', 'Z2', 'Z2', 'downhill')": {
    "slow down": 171.36341849028074,
    "keep going": 0.0,
    "accelerate": 1.0262250766632384
  },
  "('Z2', 'Z4', 'low', 'push', 'Z2', 'Z2', 'flat')": {
    "slow down": 236.42327693250746,
    "keep going": 48.223107868855095,
    "accelerate": 12.356814136812048
  },
  "('Z2', 'Z3', 'low', 'push', 'Z2', 'Z2', 'downhill')": {
    "slow down": 238.3407622286344,
    "keep going": 223.29564252269682,
    "accelerate": 207.33510348587075
  },
  "('Z3', 'Z4', 'low', 'push', 'Z2', 'Z2', 'uphill')": {
    "slow down": 189.03156850581635,
    "keep going": 55.13843197653313,
    "accelerate": -0.1277610469078272
  },
  "('Z3', 'Z2', 'low', 'push', 'Z2', 'Z2', 'flat')": {
    "slow down": 237.50201056057685,
    "keep going": 180.62536411486533,
    "accelerate": 203.2983505105401
  },
  "('Z3', 'Z3', 'low', 'push', 'Z2', 'Z2', 'uphill')": {
    "slow down": 237.01577721371865,
    "keep going": 42.6815249594446,
    "accelerate": 79.18462005967577
  },
  "('Z3', 'Z5', 'low', 'push', 'Z2', 'Z2', 'flat')": {
    "slow down": 163.92801014553538,
    "keep going": 6.276387573229307,
    "accelerate": 0.28885080821532266
  },
  "('Z3', 'Z1', 'low', 'push', 'Z2', 'Z2', 'flat')": {
    "slow down": 193.06643834528026,
    "keep going": 0.0,
    "accelerate": 28.899498886003585
  },
  "('Z2', 'Z2', 'low', 'push', 'Z3', 'Z3', 'flat')": {
    "slow down": 196.40153726103583,
    "keep going": 198.3383581523683,
    "accelerate": 212.9109811280363
  },
  "('Z2', 'Z1', 'low', 'push', 'Z3', 'Z3', 'flat')": {
    "slow down": 185.23119168678468,
    "keep going": 168.26180489364722,
    "accelerate": 205.38165181385023
  },
  "('Z2', 'Z3', 'low', 'push', 'Z3', 'Z3', 'flat')": {
    "slow down": 189.67587280719314,
    "keep going": 207.48674624066086,
    "accelerate": 188.3539150812744
  },
  "('Z3', 'Z4', 'low', 'push', 'Z3', 'Z3', 'flat')": {
    "slow down": 191.27209695035134,
    "keep going": 192.2885135994113,
    "accelerate": 203.23477467925363
  },
  "('Z3', 'Z3', 'low', 'push', 'Z3', 'Z3', 'flat')": {
    "slow down": 205.17825401659127,
    "keep going": 201.73986695436002,
    "accelerate": 200.72877640247788
  },
  "('Z3', 'Z2', 'low', 'push', 'Z3', 'Z3', 'flat')": {
    "slow down": 195.6499673877026,
    "keep going": 186.67413126375354,
    "accelerate": 215.79191330433258
  },
  "('Z2', 'Z2', 'low', 'cooldown', 'Z1', 'Z1', 'flat')": {
    "slow down": 0.0,
    "keep going": 0.0,
    "accelerate": 0.0
  },
  "('Z2', 'Z3', 'low', 'warmup', 'Z1', 'Z1', 'downhill')": {
    "slow down": 99.99494979814048,
    "keep going": 14.368323038033985,
    "accelerate": 0.0
  },
  "('Z2', 'Z1', 'low', 'warmup', 'Z1', 'Z1', 'flat')": {
    "slow down": 240.57881025784206,
    "keep going": 39.98088444789065,
    "accelerate": 24.60658733729672
  },
  "('Z2', 'Z4', 'low', 'push', 'Z2', 'Z2', 'downhill')": {
    "slow down": 0.0,
    "keep going": 0.0,
    "accelerate": 49.02963107999037
  },
  "('Z3', 'Z2', 'low', 'push', 'Z2', 'Z2', 'uphill')": {
    "slow down": 199.41192537894705,
    "keep going": 0.0,
    "accelerate": 0.0
  },
  "('Z3', 'Z3', 'low', 'push', 'Z2', 'Z2', 'downhill')": {
    "slow down": 68.7291471058,
    "keep going": 235.62129251450756,
    "accelerate": 23.368432198799987
  },
  "('Z2', 'Z4', 'low', 'push', 'Z2', 'Z2', 'uphill')": {
    "slow down": 93.83732699320123,
    "keep going": 0.0,
    "accelerate": 0.0
  },