{
  "('Z1', 'Z1', 'low', 'warmup', 'Z1', 'Z1', 'flat')": {
    "slow down": 49.47942875831063,
    "keep going": 49.90776300532952,
    "accelerate": 45.20598715027831
  },
  "('Z1', 'Z1', 'low', 'warmup', 'Z1', 'Z1', 'downhill')": {
    "slow down": 49.55458914862374,
    "keep going": 48.28079253339065,
    "accelerate": 40.75923113316745
  },
  "('Z1', 'Z1', 'low', 'warmup', 'Z1', 'Z1', 'uphill')": {
    "slow down": 49.553054703936915,
    "keep going": 45.056234084083776,
    "accelerate": 39.23426554175088
  },
  "('Z1', 'Z2', 'low', 'warmup', 'Z1', 'Z1', 'uphill')": {
    "slow down": 49.29691107970678,
    "keep going": 3.9162970496368037,
    "accelerate": 2.7412134605633622
  },
  "('Z1', 'Z2', 'low', 'warmup', 'Z1', 'Z1', 'downhill')": {
    "slow down": 49.546851625002596,
    "keep going": 6.803244543046942,
    "accelerate": 2.189335856069073
  },
  "('Z1', 'Z2', 'low', 'warmup', 'Z1', 'Z1', 'flat')": {
    "slow down": 35.46113589015509,
    "keep going": 46.1216878284919,
    "accelerate": 11.155968552980287
  },
  "('Z2', 'Z3', 'low', 'warmup', 'Z1', 'Z1', 'downhill')": {
    "slow down": 5.139974694451919,
    "keep going": 0.5765763002975683,
    "accelerate": -0.02522475838390236
  },
  "('Z2', 'Z2', 'low', 'warmup', 'Z1', 'Z1', 'flat')": {
    "slow down": 49.31404364158425,
    "keep going": 10.984239827288533,
    "accelerate": 5.80117753612551
  },
  "('Z2', 'Z1', 'low', 'warmup', 'Z1', 'Z1', 'flat')": {
    "slow down": 36.64513244841031,
    "keep going": 4.110824944443325,
    "accelerate": 3.14365955930291
  },
  "('Z2', 'Z2', 'low', 'warmup', 'Z1', 'Z1', 'uphill')": {
    "slow down": 39.55252763324494,
    "keep going": 1.2283416707630308,
    "accelerate": 1.206076805574371
  },
  "('Z2', 'Z2', 'low', 'warmup', 'Z1', 'Z1', 'downhill')": {
    "slow down": 38.315178576098674,
    "keep going": 1.7253504831632247,
    "accelerate": 0.9728532287620495
  },
  "('Z2', 'Z3', 'low', 'warmup', 'Z1', 'Z1', 'flat')": {
    "slow down": 31.32998277976663,
    "keep going": 0.37984406017380334,
    "accelerate": -0.16845452993659235
  },
  "('Z2', 'Z1', 'low', 'warmup', 'Z1', 'Z1', 'downhill')": {
    "slow down": 13.883097243660387,
    "keep going": 0.3671511863419384,
    "accelerate": 0.0
  },
  "('Z1', 'Z2', 'low', 'push', 'Z2', 'Z2', 'flat')": {
    "slow down": 40.893021368081044,
    "keep going": 28.931916853768964,
    "accelerate": 24.781314564242546
  },
  "('Z1', 'Z1', 'low', 'push', 'Z2', 'Z2', 'flat')": {
    "slow down": 39.57078714933574,
    "keep going": 39.67244892332287,
    "accelerate": 41.69596583435508
  },
  "('Z1', 'Z1', 'low', 'push', 'Z2', 'Z2', 'downhill')": {
    "slow down": 41.19994445179758,
    "keep going": 23.50181802264764,
    "accelerate": 24.925838573852744
  },
  "('Z1', 'Z1', 'low', 'push', 'Z2', 'Z2', 'uphill')": {
    "slow down": 25.42542210004254,
    "keep going": 25.604435974842048,
    "accelerate": 42.73305163684075
  },
  "('Z2', 'Z2', 'low', 'push', 'Z2', 'Z2', 'flat')": {
    "slow down": 42.55188477703193,
    "keep going": 45.60035481718002,
    "accelerate": 40.455907589692586
  },
  "('Z1', 'Z2', 'low', 'push', 'Z2', 'Z2', 'uphill')": {
    "slow down": 34.28002823439548,
    "keep going": 4.137894641725449,
    "accelerate": 2.434911540676424
  },
  "('Z2', 'Z3', 'low', 'push', 'Z2', 'Z2', 'flat')": {
    "slow down": 44.42123941428313,
    "keep going": 7.3765612697227825,
    "accelerate": 0.48441636407743505
  },
  "('Z2', 'Z1', 'low', 'push', 'Z2', 'Z2', 'flat')": {
    "slow down": 40.76677833010562,
    "keep going": 39.26873977456468,
    "accelerate": 46.30239080678123
  },
  "('Z1', 'Z2', 'low', 'push', 'Z2', 'Z2', 'downhill')": {
    "slow down": 35.69175197387005,
    "keep going": 5.215322542278169,
    "accelerate": 3.9933635014335835
  },
  "('Z2', 'Z2', 'low', 'push', 'Z2', 'Z2', 'uphill')": {
    "slow down": 44.751876961580656,
    "keep going": 29.839094771588172,
    "accelerate": 30.723263635339606
  },
  "('Z2', 'Z4', 'low', 'push', 'Z2', 'Z2', 'flat')": {
    "slow down": 4.636702479860886,
    "keep going": -0.00025986842207882985,
    "accelerate": -0.013180991900595185
  },
  "('Z2', 'Z1', 'low', 'push', 'Z2', 'Z2', 'uphill')": {
    "slow down": 42.976407532955044,
    "keep going": 7.272431937949666,
    "accelerate": 5.243665545970658
  },
  "('Z1', 'Z1', 'low', 'cooldown', 'Z1', 'Z1', 'downhill')": {
    "slow down": 47.1811855059847,
    "keep going": 45.42645555375677,
    "accelerate": 44.980742409146956
  },
  "('Z1', 'Z1', 'low', 'cooldown', 'Z1', 'Z1', 'flat')": {
    "slow down": 47.107187920766904,
    "keep going": 47.11527467329408,
    "accelerate": 46.394812688582014
  },
  "('Z1', 'Z1', 'low', 'cooldown', 'Z1', 'Z1', 'uphill')": {
    "slow down": 46.39697257391701,
    "keep going": 46.485325824067935,
    "accelerate": 46.61527110014254
  },
  "('Z1', 'Z2', 'low', 'cooldown', 'Z1', 'Z1', 'flat')": {
    "slow down": 48.59208971470129,
    "keep going": 45.56213684875228,
    "accelerate": 23.059324040788326
  },
  "('Z2', 'Z3', 'low', 'cooldown', 'Z1', 'Z1', 'flat')": {
    "slow down": 34.72958071320909,
    "keep going": 1.980232262559876,
    "accelerate": -0.29101536825104923
  },
  "('Z2', 'Z2', 'low', 'cooldown', 'Z1', 'Z1', 'flat')": {
    "slow down": 43.3340501485523,
    "keep going": 5.117905633874397,
    "accelerate": 0.8928115921515705
  },
  "('Z2', 'Z1', 'low', 'cooldown', 'Z1', 'Z1', 'flat')": {
    "slow down": 47.9696705404518,
    "keep going": 10.023074744309389,
    "accelerate": 4.106674114368799
  },
  "('Z2', 'Z1', 'low', 'cooldown', 'Z1', 'Z1', 'downhill')": {
    "slow down": 14.059467688953257,
    "keep going": 0.7105344985354161,
    "accelerate": 0.4282792291846341
  },
  "('Z1', 'Z2', 'low', 'cooldown', 'Z1', 'Z1', 'downhill')": {
    "slow down": 48.69238392279068,
    "keep going": 16.231706440924466,
    "accelerate": 5.84264297814002
  },
  "('Z2', 'Z1', 'low', 'cooldown', 'Z1', 'Z1', 'uphill')": {
    "slow down": 12.118743678602199,
    "keep going": 0.43834449273242493,
    "accelerate": 0.0
  },
  "('Z1', 'Z2', 'low', 'cooldown', 'Z1', 'Z1', 'uphill')": {
    "slow down": 47.06879983859017,
    "keep going": 5.196503337634147,
    "accelerate": 0.4354312954189995
  },
  "('Z2', 'Z4', 'low', 'cooldown', 'Z1', 'Z1', 'flat')": {
    "slow down": 1.7284775866349027,
    "keep going": -0.02680726402869589,
    "accelerate": -0.029411516698802057
  },
  "('Z2', 'Z3', 'low', 'warmup', 'Z1', 'Z1', 'uphill')": {
    "slow down": 6.16219364471612,
    "keep going": 0.0,
    "accelerate": -0.013377950135906924
  },
  "('Z2', 'Z4', 'low', 'warmup', 'Z1', 'Z1', 'flat')": {
    "slow down": 0.3444371205250242,
    "keep going": -0.028144734742236915,
    "accelerate": -0.05066457328282166
  },
  "('Z3', 'Z3', 'low', 'warmup', 'Z1', 'Z1', 'flat')": {
    "slow down": 0.09045423165117994,
    "keep going": 0.0,
    "accelerate": 0.0
  },
  "('Z2', 'Z3', 'low', 'push', 'Z2', 'Z2', 'downhill')": {
    "slow down": 32.38630222936174,
    "keep going": 0.6409502460749934,
    "accelerate": 0.003800431517731173
  },
  "('Z2', 'Z2', 'low', 'cooldown', 'Z1', 'Z1', 'downhill')": {
    "slow down": 46.302754156325896,
    "keep going": 1.163871782214275,
    "accelerate": 0.9167366739875655
  },
  "('Z3', 'Z5', 'low', 'cooldown', 'Z1', 'Z1', 'flat')": {
    "slow down": -0.014347450080038062,
    "keep going": -0.02722856347985128,
    "accelerate": 0.0
  },
  "('Z3', 'Z4', 'low', 'cooldown', 'Z1', 'Z1', 'flat')": {
    "slow down": -0.00891260516484403,
    "keep going": -0.015652842405975073,
    "accelerate": -0.02887835747086874
  },
  "('Z3', 'Z3', 'low', 'cooldown', 'Z1', 'Z1', 'downhill')": {
    "slow down": -0.0008471182722849913,
    "keep going": 0.0,
    "accelerate": 0.0
  },
  "('Z3', 'Z2', 'low', 'cooldown', 'Z1', 'Z1', 'flat')": {
    "slow down": 0.004626562876831969,
    "keep going": 0.0,
    "accelerate": 0.0
  },