{
  "('Z1', 'Z1', 'low', 'warmup', 'Z1', 'Z1', 'flat')": {
    "slow down": 119.02528127161165,
    "keep going": 123.59249275559395,
    "accelerate": 119.10171772267609
  },
  "('Z1', 'Z1', 'low', 'warmup', 'Z1', 'Z1', 'downhill')": {
    "slow down": 120.18415247086692,
    "keep going": 125.60811945722094,
    "accelerate": 120.05543300883109
  },
  "('Z1', 'Z2', 'low', 'warmup', 'Z1', 'Z1', 'flat')": {
    "slow down": 121.83705272930588,
    "keep going": 53.04282992445425,
    "accelerate": 3.2269072564722587
  },
  "('Z1', 'Z1', 'low', 'warmup', 'Z1', 'Z1', 'uphill')": {
    "slow down": 120.37796794868893,
    "keep going": 125.56789654275818,
    "accelerate": 119.61282582719204
  },
  "('Z2', 'Z3', 'low', 'warmup', 'Z1', 'Z1', 'flat')": {
    "slow down": 18.360626918843252,
    "keep going": 0.0,
    "accelerate": -0.08298488137769977
  },
  "('Z2', 'Z2', 'low', 'warmup', 'Z1', 'Z1', 'flat')": {
    "slow down": 99.635197654756,
    "keep going": 0.0,
    "accelerate": 0.1719748898299168
  },
  "('Z2', 'Z1', 'low', 'warmup', 'Z1', 'Z1', 'flat')": {
    "slow down": 7.827623250839944,
    "keep going": 0.0,
    "accelerate": 33.15324333910671
  },
  "('Z1', 'Z2', 'low', 'warmup', 'Z1', 'Z1', 'downhill')": {
    "slow down": 123.70400427949146,
    "keep going": 8.185960404157306,
    "accelerate": 0.0
  },
  "('Z1', 'Z2', 'low', 'warmup', 'Z1', 'Z1', 'uphill')": {
    "slow down": 7.918396913483286,
    "keep going": 117.35785878065929,
    "accelerate": 0.0
  },
  "('Z1', 'Z1', 'low', 'push', 'Z2', 'Z2', 'flat')": {
    "slow down": 80.47616396372041,
    "keep going": 80.24376805882721,
    "accelerate": 96.32414104193225
  },
  "('Z1', 'Z1', 'low', 'push', 'Z2', 'Z2', 'downhill')": {
    "slow down": 82.57970368602716,
    "keep going": 82.53184325999385,
    "accelerate": 94.26657516935144
  },
  "('Z1', 'Z2', 'low', 'push', 'Z2', 'Z2', 'flat')": {
    "slow down": 75.9072828090994,
    "keep going": 76.12675473452443,
    "accelerate": 78.29946851385053
  },
  "('Z1', 'Z1', 'low', 'push', 'Z2', 'Z2', 'uphill')": {
    "slow down": 85.17676697706676,
    "keep going": 85.1777933788082,
    "accelerate": 94.57130271143039
  },
  "('Z1', 'Z2', 'low', 'push', 'Z2', 'Z2', 'uphill')": {
    "slow down": 89.0089898270992,
    "keep going": 17.645031185129696,
    "accelerate": 14.418998159764778
  },
  "('Z1', 'Z2', 'low', 'push', 'Z2', 'Z2', 'downhill')": {
    "slow down": 84.30893288529718,
    "keep going": 27.123268911878657,
    "accelerate": 17.772738020330713
  },
  "('Z2', 'Z3', 'low', 'push', 'Z2', 'Z2', 'flat')": {
    "slow down": 73.72371809551454,
    "keep going": 80.7875018233909,
    "accelerate": 65.43911875222645
  },
  "('Z2', 'Z2', 'low', 'push', 'Z2', 'Z2', 'flat')": {
    "slow down": 96.1986350765143,
    "keep going": 79.91227461708132,
    "accelerate": 76.02287497846436
  },
  "('Z2', 'Z2', 'low', 'push', 'Z2', 'Z2', 'downhill')": {
    "slow down": 80.58582796198179,
    "keep going": 93.7778491228792,
    "accelerate": 78.7666718209592
  },
  "('Z2', 'Z1', 'low', 'push', 'Z2', 'Z2', 'flat')": {
    "slow down": 76.04367861188912,
    "keep going": 76.08840034617666,
    "accelerate": 95.15422996337158
  },
  "('Z2', 'Z2', 'low', 'push', 'Z2', 'Z2', 'uphill')": {
    "slow down": 78.89822706008171,
    "keep going": 93.39418536548486,
    "accelerate": 78.9155751711129
  },
  "('Z2', 'Z4', 'low', 'push', 'Z2', 'Z2', 'uphill')": {
    "slow down": 5.801714554260004,
    "keep going": 0.0,
    "accelerate": 0.0
  },
  "('Z3', 'Z3', 'low', 'push', 'Z2', 'Z2', 'flat')": {
    "slow down": 85.79275647148424,
    "keep going": 73.30370316198656,
    "accelerate": 73.63665164521932
  },
  "('Z3', 'Z3', 'low', 'push', 'Z2', 'Z2', 'uphill')": {
    "slow down": 79.8308831993875,
    "keep going": 26.75612480998017,
    "accelerate": 22.284208197932898
  },
  "('Z3', 'Z2', 'low', 'push', 'Z2', 'Z2', 'flat')": {
    "slow down": 81.11537531615,
    "keep going": 17.773036288341146,
    "accelerate": 14.927101545499175
  },
  "('Z3', 'Z3', 'low', 'push', 'Z2', 'Z2', 'downhill')": {
    "slow down": 81.32294392048232,
    "keep going": 27.065211696536693,
    "accelerate": 30.155764009892994
  },
  "('Z2', 'Z3', 'low', 'push', 'Z2', 'Z2', 'downhill')": {
    "slow down": 83.51899437676762,
    "keep going": 24.979529437196028,
    "accelerate": 29.386949885823395
  },
  "('Z3', 'Z4', 'low', 'push', 'Z2', 'Z2', 'downhill')": {
    "slow down": 57.4308401084309,
    "keep going": 1.6971268598667724,
    "accelerate": 0.0
  },
  "('Z2', 'Z1', 'low', 'push', 'Z2', 'Z2', 'downhill')": {
    "slow down": 90.14732765644756,
    "keep going": 46.41079688837971,
    "accelerate": 52.62644775415885
  },
  "('Z3', 'Z4', 'low', 'push', 'Z2', 'Z2', 'flat')": {
    "slow down": 78.62714671194203,
    "keep going": 3.979551723618208,
    "accelerate": -0.15010909302831316
  },
  "('Z3', 'Z2', 'low', 'push', 'Z2', 'Z2', 'uphill')": {
    "slow down": 74.86955984178007,
    "keep going": 2.1227417565353,
    "accelerate": 0.0
  },
  "('Z2', 'Z3', 'low', 'push', 'Z2', 'Z2', 'uphill')": {
    "slow down": 82.23839231401942,
    "keep going": 39.53323944384057,
    "accelerate": 24.163306992071725
  },
  "('Z3', 'Z4', 'low', 'push', 'Z2', 'Z2', 'uphill')": {
    "slow down": 59.89051122683989,
    "keep going": 0.0,
    "accelerate": 0.1777736324632342
  },
  "('Z3', 'Z1', 'low', 'push', 'Z2', 'Z2', 'flat')": {
    "slow down": 35.724457957569776,
    "keep going": 0.0,
    "accelerate": 0.0
  },
  "('Z2', 'Z1', 'low', 'push', 'Z2', 'Z2', 'uphill')": {
    "slow down": 89.68968929392354,
    "keep going": 31.14385705331253,
    "accelerate": 51.11346615105036
  },
  "('Z3', 'Z3', 'low', 'cooldown', 'Z1', 'Z1', 'downhill')": {
    "slow down": 42.336901155637044,
    "keep going": 0.0,
    "accelerate": -0.2019765729945157
  },
  "('Z3', 'Z2', 'low', 'cooldown', 'Z1', 'Z1', 'flat')": {
    "slow down": 2.488894016972416,
    "keep going": 0.0,
    "accelerate": 0.0
  },
  "('Z2', 'Z1', 'low', 'cooldown', 'Z1', 'Z1', 'flat')": {
    "slow down": 111.798586273911,
    "keep going": 22.28188449816852,
    "accelerate": 11.494173179908415
  },
  "('Z2', 'Z2', 'low', 'cooldown', 'Z1', 'Z1', 'uphill')": {
    "slow down": 32.615236253905,
    "keep going": 0.0,
    "accelerate": 0.0
  },
  "('Z2', 'Z1', 'low', 'cooldown', 'Z1', 'Z1', 'downhill')": {
    "slow down": 57.0432482428316,
    "keep going": 0.0,
    "accelerate": 0.0
  },
  "('Z1', 'Z1', 'low', 'cooldown', 'Z1', 'Z1', 'flat')": {
    "slow down": 119.773150788872,
    "keep going": 119.97019237440854,
    "accelerate": 119.41130827028107
  },
  "('Z1', 'Z1', 'low', 'cooldown', 'Z1', 'Z1', 'uphill')": {
    "slow down": 119.65028264094384,
    "keep going": 119.949372025906,
    "accelerate": 119.62646441924237
  },
  "('Z1', 'Z1', 'low', 'cooldown', 'Z1', 'Z1', 'downhill')": {
    "slow down": 119.65528149038205,
    "keep going": 119.97075341360011,
    "accelerate": 119.61877665026476
  },
  "('Z1', 'Z2', 'low', 'cooldown', 'Z1', 'Z1', 'flat')": {
    "slow down": 121.28373365008781,
    "keep going": 102.73322993221713,
    "accelerate": 16.70707094943728
  },
  "('Z1', 'Z2', 'low', 'cooldown', 'Z1', 'Z1', 'downhill')": {
    "slow down": 121.20556914712976,
    "keep going": 19.14316822868544,
    "accelerate": 0.12226319598763476
  },
  "('Z1', 'Z2', 'low', 'cooldown', 'Z1', 'Z1', 'uphill')": {
    "slow down": 121.27172657318988,
    "keep going": 0.0,
    "accelerate": 2.357132478742931
  },
  "('Z2', 'Z3', 'low', 'cooldown', 'Z1', 'Z1', 'uphill')": {
    "slow down": 16.669498153103422,
    "keep going": 0.0,
    "accelerate": 0.0
  },
  "('Z2', 'Z2', 'low', 'cooldown', 'Z1', 'Z1', 'flat')": {
    "slow down": 111.27026434872539,
    "keep going": 2.3082195261984966,
    "accelerate": 0.3527862486007815
  },
  "('Z2', 'Z1', 'low', 'warmup', 'Z1', 'Z1', 'downhill')": {
    "slow down": 11.045750024127067,
    "keep going": 0.0,
    "accelerate": 0.0
  },