{
  "('Z1', 'Z1', 'low', 'warmup', 'Z1', 'Z1', 'flat')": {
    "slow down": 44.6312489432648,
    "keep going": 44.04982267647873,
    "accelerate": 44.31373347695779
  },
  "('Z1', 'Z2', 'low', 'warmup', 'Z1', 'Z1', 'downhill')": {
    "slow down": 45.8263854371706,
    "keep going": 44.92256251170534,
    "accelerate": 38.55071365600683
  },
  "('Z1', 'Z1', 'low', 'warmup', 'Z1', 'Z1', 'downhill')": {
    "slow down": 44.93119452798549,
    "keep going": 45.03879879150706,
    "accelerate": 44.71461281310408
  },
  "('Z1', 'Z1', 'low', 'warmup', 'Z1', 'Z1', 'uphill')": {
    "slow down": 45.01116359788231,
    "keep going": 45.137493903411176,
    "accelerate": 44.90250239235054
  },
  "('Z1', 'Z2', 'low', 'warmup', 'Z1', 'Z1', 'uphill')": {
    "slow down": 34.80781125096621,
    "keep going": 45.93916001817968,
    "accelerate": 21.742940719708137
  },
  "('Z1', 'Z2', 'low', 'warmup', 'Z1', 'Z1', 'flat')": {
    "slow down": 44.66224685367018,
    "keep going": 44.451463321726884,
    "accelerate": 42.14113148426853
  },
  "('Z2', 'Z2', 'low', 'warmup', 'Z1', 'Z1', 'downhill')": {
    "slow down": 44.46405726554039,
    "keep going": 26.791209821130426,
    "accelerate": 21.462397142269133
  },
  "('Z2', 'Z2', 'low', 'warmup', 'Z1', 'Z1', 'flat')": {
    "slow down": 45.11833568801652,
    "keep going": 43.05182649047569,
    "accelerate": 33.31475340602523
  },
  "('Z2', 'Z3', 'low', 'warmup', 'Z1', 'Z1', 'downhill')": {
    "slow down": 43.48105199293477,
    "keep going": 4.669817152318291,
    "accelerate": 0.6059555118544981
  },
  "('Z2', 'Z3', 'low', 'warmup', 'Z1', 'Z1', 'flat')": {
    "slow down": 45.32738531818192,
    "keep going": 6.3181339455057035,
    "accelerate": 2.2751505794123803
  },
  "('Z2', 'Z1', 'low', 'warmup', 'Z1', 'Z1', 'flat')": {
    "slow down": 45.59794476862418,
    "keep going": 25.39993969874572,
    "accelerate": 28.215381059734675
  },
  "('Z2', 'Z4', 'low', 'warmup', 'Z1', 'Z1', 'flat')": {
    "slow down": 17.234553844102827,
    "keep going": -0.12279695770286497,
    "accelerate": -0.2441441601818034
  },
  "('Z3', 'Z3', 'low', 'warmup', 'Z1', 'Z1', 'flat')": {
    "slow down": 1.2941401432212252,
    "keep going": 0.0,
    "accelerate": 0.0
  },
  "('Z2', 'Z3', 'low', 'warmup', 'Z1', 'Z1', 'uphill')": {
    "slow down": 28.08669905472773,
    "keep going": 0.0,
    "accelerate": -0.11403845125296203
  },
  "('Z2', 'Z2', 'low', 'warmup', 'Z1', 'Z1', 'uphill')": {
    "slow down": 44.91554403785268,
    "keep going": 12.484770021591334,
    "accelerate": 16.00467152945943
  },
  "('Z2', 'Z1', 'low', 'warmup', 'Z1', 'Z1', 'downhill')": {
    "slow down": 45.5625764509381,
    "keep going": 0.0,
    "accelerate": 9.614300880104345
  },
  "('Z1', 'Z1', 'low', 'push', 'Z2', 'Z2', 'flat')": {
    "slow down": -2.2357302461808803,
    "keep going": -2.8427405298415622,
    "accelerate": 25.759595768720825
  },
  "('Z1', 'Z1', 'low', 'push', 'Z2', 'Z2', 'downhill')": {
    "slow down": 0.7093565712888106,
    "keep going": -8.027528292392912,
    "accelerate": 26.609040455788577
  },
  "('Z1', 'Z2', 'low', 'push', 'Z2', 'Z2', 'flat')": {
    "slow down": -1.0785171088365524,
    "keep going": -29.108724838499963,
    "accelerate": -27.35365079154398
  },
  "('Z1', 'Z1', 'low', 'push', 'Z2', 'Z2', 'uphill')": {
    "slow down": -3.008623038547336,
    "keep going": -2.9767343556398327,
    "accelerate": 28.050163825464395
  },
  "('Z1', 'Z2', 'low', 'push', 'Z2', 'Z2', 'uphill')": {
    "slow down": -4.287315554769553,
    "keep going": 16.389241155721848,
    "accelerate": -8.520173719594576
  },
  "('Z2', 'Z3', 'low', 'push', 'Z2', 'Z2', 'downhill')": {
    "slow down": 13.80200359193637,
    "keep going": -31.923720738339355,
    "accelerate": -58.45330812105195
  },
  "('Z2', 'Z2', 'low', 'push', 'Z2', 'Z2', 'flat')": {
    "slow down": 23.70770701048913,
    "keep going": -6.842284903938382,
    "accelerate": -6.764340820252771
  },
  "('Z2', 'Z1', 'low', 'push', 'Z2', 'Z2', 'flat')": {
    "slow down": -2.0420305460923167,
    "keep going": -5.7575002307309235,
    "accelerate": -5.039080060745085
  },
  "('Z2', 'Z3', 'low', 'push', 'Z2', 'Z2', 'flat')": {
    "slow down": -5.61445198677904,
    "keep going": -39.93278062495304,
    "accelerate": -63.35732329240259
  },
  "('Z2', 'Z1', 'low', 'push', 'Z2', 'Z2', 'downhill')": {
    "slow down": 30.139067166863086,
    "keep going": -20.88604699476276,
    "accelerate": -8.594553060857786
  },
  "('Z1', 'Z2', 'low', 'push', 'Z2', 'Z2', 'downhill')": {
    "slow down": -7.590718569180324,
    "keep going": 21.731372206487418,
    "accelerate": -10.97593408216272
  },
  "('Z2', 'Z2', 'low', 'push', 'Z2', 'Z2', 'uphill')": {
    "slow down": -7.914315385277987,
    "keep going": 17.90587768013164,
    "accelerate": -8.548741067295547
  },
  "('Z2', 'Z1', 'low', 'push', 'Z2', 'Z2', 'uphill')": {
    "slow down": -6.922017371825995,
    "keep going": -17.60801054895513,
    "accelerate": 22.467840913552916
  },
  "('Z2', 'Z2', 'low', 'push', 'Z2', 'Z2', 'downhill')": {
    "slow down": 3.8451821570945035,
    "keep going": 12.777883143552884,
    "accelerate": -14.038472405659896
  },
  "('Z2', 'Z4', 'low', 'push', 'Z2', 'Z2', 'flat')": {
    "slow down": -66.63652784851931,
    "keep going": -60.79909907510538,
    "accelerate": -63.465638350229
  },
  "('Z2', 'Z3', 'low', 'push', 'Z2', 'Z2', 'uphill')": {
    "slow down": 16.71994501932263,
    "keep going": -46.26848784986669,
    "accelerate": -57.24415867093858
  },
  "('Z3', 'Z5', 'low', 'push', 'Z2', 'Z2', 'flat')": {
    "slow down": -71.72067788333537,
    "keep going": -61.375681070756,
    "accelerate": -65.61286153941204
  },
  "('Z3', 'Z4', 'low', 'push', 'Z2', 'Z2', 'flat')": {
    "slow down": -69.90082186183507,
    "keep going": -67.96070234862862,
    "accelerate": -65.39532730212733
  },
  "('Z3', 'Z5', 'low', 'push', 'Z2', 'Z2', 'downhill')": {
    "slow down": -38.59470052056468,
    "keep going": -38.332567504606416,
    "accelerate": -39.16919657321388
  },
  "('Z4', 'Z5', 'low', 'push', 'Z2', 'Z2', 'flat')": {
    "slow down": -65.26509531597921,
    "keep going": -64.95898117400708,
    "accelerate": -58.76896639302422
  },
  "('Z4', 'Z4', 'low', 'push', 'Z2', 'Z2', 'flat')": {
    "slow down": -55.61605614367091,
    "keep going": -65.04502810268751,
    "accelerate": -68.29245560488184
  },
  "('Z4', 'Z3', 'low', 'push', 'Z2', 'Z2', 'flat')": {
    "slow down": -48.47382831041196,
    "keep going": -69.30832427171784,
    "accelerate": -63.063604929488044
  },
  "('Z3', 'Z2', 'low', 'push', 'Z2', 'Z2', 'flat')": {
    "slow down": -14.358341190419958,
    "keep going": -63.67403598870164,
    "accelerate": -63.65759851203648
  },
  "('Z3', 'Z1', 'low', 'push', 'Z2', 'Z2', 'flat')": {
    "slow down": -25.883088947195937,
    "keep going": -69.17329669366285,
    "accelerate": -63.359227110053965
  },
  "('Z2', 'Z2', 'low', 'push', 'Z3', 'Z3', 'flat')": {
    "slow down": -37.97255446684094,
    "keep going": -27.419287314616476,
    "accelerate": 35.096330765223826
  },
  "('Z1', 'Z1', 'low', 'push', 'Z3', 'Z3', 'flat')": {
    "slow down": -11.133611796522107,
    "keep going": -20.119776190588,
    "accelerate": -26.18757073796028
  },
  "('Z1', 'Z2', 'low', 'push', 'Z3', 'Z3', 'flat')": {
    "slow down": -67.3991188232511,
    "keep going": -65.07947819258644,
    "accelerate": -1.323321979346197
  },
  "('Z2', 'Z3', 'low', 'push', 'Z3', 'Z3', 'flat')": {
    "slow down": 31.782335018690226,
    "keep going": -74.44516558558739,
    "accelerate": -79.48114226399453
  },
  "('Z3', 'Z4', 'low', 'push', 'Z3', 'Z3', 'flat')": {
    "slow down": -77.11188332753306,
    "keep going": -86.34950404546912,
    "accelerate": -64.63158398035341
  },
  "('Z3', 'Z3', 'low', 'push', 'Z3', 'Z3', 'flat')": {
    "slow down": 27.25494516053671,
    "keep going": -23.006742680808188,
    "accelerate": -66.57388723689809
  },