{
  "('Z1', 'Z1', 'low', 'warmup', 'Z1', 'Z1', 'flat')": {
    "slow down": 231.2310952835908,
    "keep going": 234.81666226200232,
    "accelerate": 217.0804584351677
  },
  "('Z1', 'Z1', 'low', 'warmup', 'Z1', 'Z1', 'downhill')": {
    "slow down": 222.11395355202043,
    "keep going": 245.15532250554782,
    "accelerate": 220.54530208130114
  },
  "('Z1', 'Z1', 'low', 'warmup', 'Z1', 'Z1', 'uphill')": {
    "slow down": 220.90338156056222,
    "keep going": 245.10433089573837,
    "accelerate": 220.85963137087
  },
  "('Z1', 'Z2', 'low', 'warmup', 'Z1', 'Z1', 'flat')": {
    "slow down": 216.7682092348947,
    "keep going": 221.41888800206056,
    "accelerate": 163.29289155223435
  },
  "('Z1', 'Z2', 'low', 'warmup', 'Z1', 'Z1', 'downhill')": {
    "slow down": 231.070275210319,
    "keep going": 123.96066116912891,
    "accelerate": 108.29175775369275
  },
  "('Z1', 'Z2', 'low', 'warmup', 'Z1', 'Z1', 'uphill')": {
    "slow down": 91.91358625625207,
    "keep going": 223.6281141712203,
    "accelerate": 29.565471674396967
  },
  "('Z2', 'Z3', 'low', 'warmup', 'Z1', 'Z1', 'flat')": {
    "slow down": 221.71067781656348,
    "keep going": 1.7999401241933817,
    "accelerate": 2.3734068127268935
  },
  "('Z2', 'Z2', 'low', 'warmup', 'Z1', 'Z1', 'flat')": {
    "slow down": 227.56990040746473,
    "keep going": 201.49205783014656,
    "accelerate": 169.9473268919773
  },
  "('Z2', 'Z1', 'low', 'warmup', 'Z1', 'Z1', 'uphill')": {
    "slow down": 221.19713796314906,
    "keep going": 21.211992753941907,
    "accelerate": 0.0
  },
  "('Z2', 'Z1', 'low', 'warmup', 'Z1', 'Z1', 'flat')": {
    "slow down": 221.64348765251913,
    "keep going": 96.93075138154848,
    "accelerate": 61.99618487772371
  },
  "('Z1', 'Z1', 'low', 'push', 'Z2', 'Z2', 'flat')": {
    "slow down": 134.09890665211248,
    "keep going": 138.50254709016235,
    "accelerate": 159.15221076125516
  },
  "('Z1', 'Z2', 'low', 'push', 'Z2', 'Z2', 'flat')": {
    "slow down": 148.1941799801772,
    "keep going": 122.36789971764358,
    "accelerate": 80.91975297762453
  },
  "('Z1', 'Z1', 'low', 'push', 'Z2', 'Z2', 'downhill')": {
    "slow down": 147.75310092304466,
    "keep going": 117.24182731972942,
    "accelerate": 116.97792813086848
  },
  "('Z1', 'Z1', 'low', 'push', 'Z2', 'Z2', 'uphill')": {
    "slow down": 117.07866131601895,
    "keep going": 147.91748552267552,
    "accelerate": 114.0319582378697
  },
  "('Z1', 'Z2', 'low', 'push', 'Z2', 'Z2', 'uphill')": {
    "slow down": 146.60778591898023,
    "keep going": 101.99808691810533,
    "accelerate": 93.4246766156074
  },
  "('Z1', 'Z2', 'low', 'push', 'Z2', 'Z2', 'downhill')": {
    "slow down": 104.7082076816758,
    "keep going": 145.12261180561308,
    "accelerate": 95.19675171585882
  },
  "('Z2', 'Z3', 'low', 'push', 'Z2', 'Z2', 'flat')": {
    "slow down": 28.11365557853992,
    "keep going": 57.993885262652626,
    "accelerate": 17.81532130232329
  },
  "('Z2', 'Z2', 'low', 'push', 'Z2', 'Z2', 'flat')": {
    "slow down": 181.37554270650028,
    "keep going": 89.77241609142203,
    "accelerate": 49.66329390129148
  },
  "('Z2', 'Z1', 'low', 'push', 'Z2', 'Z2', 'flat')": {
    "slow down": 49.57412018152036,
    "keep going": 47.04590052653197,
    "accelerate": 149.11270135982903
  },
  "('Z2', 'Z2', 'low', 'push', 'Z2', 'Z2', 'downhill')": {
    "slow down": 147.64021282180266,
    "keep going": 110.40390417171459,
    "accelerate": 93.90421262692286
  },
  "('Z2', 'Z4', 'low', 'push', 'Z2', 'Z2', 'flat')": {
    "slow down": 44.15583787404042,
    "keep going": -5.031365698500197,
    "accelerate": -16.180929368138305
  },
  "('Z2', 'Z3', 'low', 'push', 'Z2', 'Z2', 'downhill')": {
    "slow down": 47.601945565561664,
    "keep going": 105.43260606314809,
    "accelerate": 24.62741224254684
  },
  "('Z2', 'Z1', 'low', 'push', 'Z2', 'Z2', 'uphill')": {
    "slow down": 149.88749765066314,
    "keep going": 77.79072597188208,
    "accelerate": 83.70223766128242
  },
  "('Z2', 'Z1', 'low', 'push', 'Z2', 'Z2', 'downhill')": {
    "slow down": 86.39633212237115,
    "keep going": 67.5416486638414,
    "accelerate": 151.88470182817613
  },
  "('Z1', 'Z1', 'low', 'push', 'Z3', 'Z3', 'flat')": {
    "slow down": -66.62531886083778,
    "keep going": -52.074132356826034,
    "accelerate": -65.85731056870266
  },
  "('Z1', 'Z2', 'low', 'push', 'Z3', 'Z3', 'flat')": {
    "slow down": -61.94750371094608,
    "keep going": -142.1805919370779,
    "accelerate": -152.06580748298228
  },
  "('Z2', 'Z2', 'low', 'push', 'Z3', 'Z3', 'flat')": {
    "slow down": -56.77752971372337,
    "keep going": -43.7705625370022,
    "accelerate": -131.559099177364
  },
  "('Z2', 'Z1', 'low', 'push', 'Z3', 'Z3', 'flat')": {
    "slow down": -57.04160858521076,
    "keep going": -143.4707612443658,
    "accelerate": -125.66960110668941
  },
  "('Z2', 'Z3', 'low', 'push', 'Z3', 'Z3', 'flat')": {
    "slow down": -173.91140378686538,
    "keep going": -193.63957808060496,
    "accelerate": -123.98215881907154
  },
  "('Z3', 'Z4', 'low', 'push', 'Z3', 'Z3', 'flat')": {
    "slow down": -181.8049601862918,
    "keep going": -175.88002859563431,
    "accelerate": -112.22591672275286
  },
  "('Z3', 'Z3', 'low', 'push', 'Z3', 'Z3', 'flat')": {
    "slow down": -129.94006645605697,
    "keep going": -201.1440162598099,
    "accelerate": -200.97620404895085
  },
  "('Z3', 'Z2', 'low', 'push', 'Z3', 'Z3', 'flat')": {
    "slow down": -67.46544542782516,
    "keep going": -194.49972324566411,
    "accelerate": -199.31788842085604
  },
  "('Z3', 'Z5', 'low', 'push', 'Z3', 'Z3', 'flat')": {
    "slow down": -122.84646823983013,
    "keep going": -173.53616698758412,
    "accelerate": -189.88405239752046
  },
  "('Z4', 'Z4', 'low', 'push', 'Z3', 'Z3', 'flat')": {
    "slow down": -84.65371597150272,
    "keep going": -199.41466644443176,
    "accelerate": -191.6765277595082
  },
  "('Z4', 'Z5', 'low', 'push', 'Z3', 'Z3', 'flat')": {
    "slow down": -92.39955009630475,
    "keep going": -201.31579960801866,
    "accelerate": -181.91351167000337
  },
  "('Z4', 'Z3', 'low', 'push', 'Z3', 'Z3', 'flat')": {
    "slow down": -79.0893511836916,
    "keep going": -192.34779111971926,
    "accelerate": -196.15953369480897
  },
  "('Z3', 'Z1', 'low', 'push', 'Z3', 'Z3', 'flat')": {
    "slow down": -197.03268255417157,
    "keep going": -49.67430281953688,
    "accelerate": -197.15198050150292
  },
  "('Z2', 'Z2', 'low', 'cooldown', 'Z1', 'Z1', 'flat')": {
    "slow down": 0.0,
    "keep going": 0.0,
    "accelerate": 0.0
  },
  "('Z2', 'Z3', 'low', 'warmup', 'Z1', 'Z1', 'uphill')": {
    "slow down": 102.69459926165334,
    "keep going": 0.0,
    "accelerate": 0.552473127540626
  },
  "('Z2', 'Z2', 'low', 'push', 'Z2', 'Z2', 'uphill')": {
    "slow down": 145.1930073474084,
    "keep going": 100.3012322315262,
    "accelerate": 95.87794053511637
  },
  "('Z2', 'Z3', 'low', 'push', 'Z2', 'Z2', 'uphill')": {
    "slow down": 136.96933796125148,
    "keep going": 25.425114921631383,
    "accelerate": 19.238139841278223
  },
  "('Z2', 'Z4', 'low', 'push', 'Z2', 'Z2', 'uphill')": {
    "slow down": 70.59885425152942,
    "keep going": 8.335940264941595,
    "accelerate": 0.0
  },
  "('Z3', 'Z4', 'low', 'push', 'Z2', 'Z2', 'downhill')": {
    "slow down": 94.80334501791636,
    "keep going": 0.0,
    "accelerate": 0.0
  },
  "('Z3', 'Z3', 'low', 'push', 'Z2', 'Z2', 'flat')": {
    "slow down": 94.64135175481628,
    "keep going": 34.815085035905255,
    "accelerate": 7.395688716171621
  },
  "('Z3', 'Z2', 'low', 'push', 'Z2', 'Z2', 'flat')": {
    "slow down": 111.81059349154752,
    "keep going": -14.411297775318708,
    "accelerate": -44.21133239094701
  },
  "('Z2', 'Z4', 'low', 'push', 'Z3', 'Z3', 'flat')": {
    "slow down": -137.10218815197274,
    "keep going": -176.73100847523546,
    "accelerate": -181.35051649571952
  },
  "('Z4', 'Z2', 'low', 'push', 'Z3', 'Z3', 'flat')": {
    "slow down": -180.20712323994596,
    "keep going": -181.27570569849556,