{
  "('Z1', 'Z1', 'low', 'warmup', 'Z1', 'Z1', 'flat')": {
    "slow down": 50.32140515131607,
    "keep going": 50.75836014524005,
    "accelerate": 48.87796008135061
  },
  "('Z1', 'Z1', 'low', 'warmup', 'Z1', 'Z1', 'downhill')": {
    "slow down": 48.90888380380109,
    "keep going": 50.890778699896025,
    "accelerate": 48.01254528733451
  },
  "('Z1', 'Z2', 'low', 'warmup', 'Z1', 'Z1', 'flat')": {
    "slow down": 50.38056430359785,
    "keep going": 25.746271234450127,
    "accelerate": 0.8385986424597122
  },
  "('Z1', 'Z1', 'low', 'warmup', 'Z1', 'Z1', 'uphill')": {
    "slow down": 50.443462656444716,
    "keep going": 47.16810829971565,
    "accelerate": 46.234296177611164
  },
  "('Z1', 'Z2', 'low', 'warmup', 'Z1', 'Z1', 'downhill')": {
    "slow down": 49.12377292156746,
    "keep going": 6.50509359403596,
    "accelerate": 0.1715311394238983
  },
  "('Z1', 'Z2', 'low', 'warmup', 'Z1', 'Z1', 'uphill')": {
    "slow down": 46.51458694954679,
    "keep going": 3.2904355342251193,
    "accelerate": 0.3013132151879
  },
  "('Z2', 'Z3', 'low', 'warmup', 'Z1', 'Z1', 'downhill')": {
    "slow down": 0.9749190278661345,
    "keep going": 0.0,
    "accelerate": -0.011912583118092695
  },
  "('Z2', 'Z2', 'low', 'warmup', 'Z1', 'Z1', 'flat')": {
    "slow down": 9.187067437253694,
    "keep going": 0.08957734435099327,
    "accelerate": 0.07517740391827674
  },
  "('Z2', 'Z1', 'low', 'warmup', 'Z1', 'Z1', 'downhill')": {
    "slow down": 4.9175023021775415,
    "keep going": 0.0,
    "accelerate": 0.0
  },
  "('Z2', 'Z3', 'low', 'warmup', 'Z1', 'Z1', 'flat')": {
    "slow down": 4.049837231121091,
    "keep going": 0.07348562632316871,
    "accelerate": -0.0835733863989278
  },
  "('Z2', 'Z1', 'low', 'warmup', 'Z1', 'Z1', 'flat')": {
    "slow down": 1.9018558764783422,
    "keep going": 22.939309147602856,
    "accelerate": 0.15834600667965276
  },
  "('Z2', 'Z3', 'low', 'warmup', 'Z1', 'Z1', 'uphill')": {
    "slow down": 0.7511949365225433,
    "keep going": 0.0,
    "accelerate": 0.0
  },
  "('Z2', 'Z2', 'low', 'warmup', 'Z1', 'Z1', 'downhill')": {
    "slow down": 1.0974780694686779,
    "keep going": 0.0,
    "accelerate": 0.034879138962257215
  },
  "('Z1', 'Z1', 'low', 'push', 'Z2', 'Z2', 'flat')": {
    "slow down": 36.08256654937502,
    "keep going": 35.28925650561086,
    "accelerate": 39.53445349183413
  },
  "('Z1', 'Z1', 'low', 'push', 'Z2', 'Z2', 'downhill')": {
    "slow down": 36.43608061569866,
    "keep going": 23.439558762739544,
    "accelerate": 24.632388777680216
  },
  "('Z1', 'Z1', 'low', 'push', 'Z2', 'Z2', 'uphill')": {
    "slow down": 36.46953325365074,
    "keep going": 24.39187169964871,
    "accelerate": 24.09462485002343
  },
  "('Z1', 'Z2', 'low', 'push', 'Z2', 'Z2', 'flat')": {
    "slow down": 36.17731197892875,
    "keep going": 22.242947323192908,
    "accelerate": 19.33807899765063
  },
  "('Z2', 'Z2', 'low', 'push', 'Z2', 'Z2', 'flat')": {
    "slow down": 38.388491885978844,
    "keep going": 34.7795452035443,
    "accelerate": 30.734928975209023
  },
  "('Z1', 'Z2', 'low', 'push', 'Z2', 'Z2', 'uphill')": {
    "slow down": 36.544118584440874,
    "keep going": 14.667402248292136,
    "accelerate": 11.055572195269825
  },
  "('Z1', 'Z2', 'low', 'push', 'Z2', 'Z2', 'downhill')": {
    "slow down": 36.618742411721605,
    "keep going": 12.070935803145948,
    "accelerate": 10.521121438737788
  },
  "('Z2', 'Z3', 'low', 'push', 'Z2', 'Z2', 'downhill')": {
    "slow down": 29.362720729854136,
    "keep going": 5.297276973491164,
    "accelerate": 1.568633798621279
  },
  "('Z2', 'Z1', 'low', 'push', 'Z2', 'Z2', 'flat')": {
    "slow down": 16.462029929932502,
    "keep going": 36.4150718392423,
    "accelerate": 14.318430448936777
  },
  "('Z2', 'Z3', 'low', 'push', 'Z2', 'Z2', 'flat')": {
    "slow down": 36.577327953409615,
    "keep going": 9.247072352065745,
    "accelerate": 6.997880102485431
  },
  "('Z2', 'Z4', 'low', 'push', 'Z2', 'Z2', 'downhill')": {
    "slow down": 5.074945115916983,
    "keep going": 0.005703787403078416,
    "accelerate": -0.02528050550454271
  },
  "('Z2', 'Z1', 'low', 'push', 'Z2', 'Z2', 'uphill')": {
    "slow down": 36.20170794523912,
    "keep going": 19.07372057671406,
    "accelerate": 20.61708013180981
  },
  "('Z2', 'Z2', 'low', 'push', 'Z2', 'Z2', 'uphill')": {
    "slow down": 27.780971042724648,
    "keep going": 37.171895051056836,
    "accelerate": 26.904031613222738
  },
  "('Z2', 'Z3', 'low', 'push', 'Z2', 'Z2', 'uphill')": {
    "slow down": 28.54027447787859,
    "keep going": 5.6251940983082145,
    "accelerate": 3.187370524680306
  },
  "('Z2', 'Z2', 'low', 'push', 'Z2', 'Z2', 'downhill')": {
    "slow down": 27.594099241392318,
    "keep going": 37.154892128363336,
    "accelerate": 26.885919033756185
  },
  "('Z2', 'Z1', 'low', 'push', 'Z2', 'Z2', 'downhill')": {
    "slow down": 21.48135305443245,
    "keep going": 21.107224016798323,
    "accelerate": 37.303880706057065
  },
  "('Z2', 'Z4', 'low', 'push', 'Z2', 'Z2', 'flat')": {
    "slow down": 16.302656450343925,
    "keep going": 0.18652621903730843,
    "accelerate": -0.6089487793676603
  },
  "('Z1', 'Z1', 'low', 'push', 'Z3', 'Z3', 'flat')": {
    "slow down": -9.627711069158545,
    "keep going": -11.00244785794789,
    "accelerate": -13.50261728582334
  },
  "('Z1', 'Z2', 'low', 'push', 'Z3', 'Z3', 'flat')": {
    "slow down": -23.62479208213315,
    "keep going": -12.262227098722482,
    "accelerate": -26.726657146485756
  },
  "('Z2', 'Z2', 'low', 'push', 'Z3', 'Z3', 'flat')": {
    "slow down": -11.965576141281973,
    "keep going": -19.492530873320685,
    "accelerate": -19.49017893085658
  },
  "('Z2', 'Z1', 'low', 'push', 'Z3', 'Z3', 'flat')": {
    "slow down": -25.196431190339283,
    "keep going": -37.14035382342705,
    "accelerate": -37.44511313778444
  },
  "('Z2', 'Z3', 'low', 'push', 'Z3', 'Z3', 'flat')": {
    "slow down": -36.04950794597397,
    "keep going": -36.86634686680886,
    "accelerate": -15.156749825255437
  },
  "('Z3', 'Z4', 'low', 'push', 'Z3', 'Z3', 'flat')": {
    "slow down": -13.70071790778355,
    "keep going": -41.46326272416748,
    "accelerate": -42.50479410474019
  },
  "('Z3', 'Z3', 'low', 'push', 'Z3', 'Z3', 'flat')": {
    "slow down": -22.824133806105444,
    "keep going": -38.29851098747845,
    "accelerate": -39.7273677865665
  },
  "('Z3', 'Z2', 'low', 'push', 'Z3', 'Z3', 'flat')": {
    "slow down": -39.24353833945285,
    "keep going": -38.692694381869224,
    "accelerate": -21.249465247263906
  },
  "('Z3', 'Z5', 'low', 'push', 'Z3', 'Z3', 'flat')": {
    "slow down": -36.11787388822022,
    "keep going": -37.580180900895606,
    "accelerate": -37.609644193316825
  },
  "('Z3', 'Z1', 'low', 'push', 'Z3', 'Z3', 'flat')": {
    "slow down": -36.530785703164995,
    "keep going": -36.524496901395416,
    "accelerate": -36.555295301879795
  },
  "('Z4', 'Z5', 'low', 'push', 'Z3', 'Z3', 'flat')": {
    "slow down": -42.781966146565374,
    "keep going": -42.98932335597586,
    "accelerate": -41.71399523146524
  },
  "('Z4', 'Z4', 'low', 'push', 'Z3', 'Z3', 'flat')": {
    "slow down": -38.8955836820429,
    "keep going": -39.95024769715041,
    "accelerate": -40.03128600759527
  },
  "('Z4', 'Z3', 'low', 'push', 'Z3', 'Z3', 'flat')": {
    "slow down": -34.455056936471905,
    "keep going": -36.79083041683594,
    "accelerate": -36.75341118178518
  },
  "('Z4', 'Z4', 'low', 'cooldown', 'Z1', 'Z1', 'flat')": {
    "slow down": 0.0,
    "keep going": 0.0,
    "accelerate": 0.0
  },
  "('Z2', 'Z2', 'low', 'warmup', 'Z1', 'Z1', 'uphill')": {
    "slow down": 0.0,
    "keep going": 0.02407979413274427,
    "accelerate": 0.2309561193947637
  },
  "('Z3', 'Z4', 'low', 'push', 'Z2', 'Z2', 'downhill')": {
    "slow down": 1.927559845646657,
    "keep going": 0.05536047026162822,
    "accelerate": -0.08254415848191272
  },
  "('Z3', 'Z3', 'low', 'push', 'Z2', 'Z2', 'flat')": {
    "slow down": 10.48536414878353,
    "keep going": 5.756181003256643,