{
  "('Z1', 'Z1', 'low', 'warmup', 'Z1', 'Z1', 'flat')": {
    "slow down": 120.34181456843893,
    "keep going": 123.03096318310527,
    "accelerate": 118.29527181447988
  },
  "('Z1', 'Z1', 'low', 'warmup', 'Z1', 'Z1', 'downhill')": {
    "slow down": 118.90077963373511,
    "keep going": 124.28473318189793,
    "accelerate": 118.37961843026682
  },
  "('Z1', 'Z1', 'low', 'warmup', 'Z1', 'Z1', 'uphill')": {
    "slow down": 120.45513432881559,
    "keep going": 124.19479539606563,
    "accelerate": 119.43463930073409
  },
  "('Z1', 'Z2', 'low', 'warmup', 'Z1', 'Z1', 'downhill')": {
    "slow down": 122.23897273921209,
    "keep going": 0.0,
    "accelerate": 0.2889230754298423
  },
  "('Z1', 'Z2', 'low', 'warmup', 'Z1', 'Z1', 'flat')": {
    "slow down": 123.10878220180722,
    "keep going": 76.99151802085863,
    "accelerate": 2.7991611616485623
  },
  "('Z2', 'Z3', 'low', 'warmup', 'Z1', 'Z1', 'flat')": {
    "slow down": 15.867442009177168,
    "keep going": 0.05652056224889478,
    "accelerate": 0.0
  },
  "('Z2', 'Z2', 'low', 'warmup', 'Z1', 'Z1', 'downhill')": {
    "slow down": 33.798956515659576,
    "keep going": 0.0,
    "accelerate": 0.0
  },
  "('Z2', 'Z1', 'low', 'warmup', 'Z1', 'Z1', 'flat')": {
    "slow down": 63.317026921145555,
    "keep going": 0.0,
    "accelerate": 0.0
  },
  "('Z1', 'Z2', 'low', 'warmup', 'Z1', 'Z1', 'uphill')": {
    "slow down": 123.03867431262684,
    "keep going": 23.279069158810753,
    "accelerate": 0.1700100019466173
  },
  "('Z1', 'Z1', 'low', 'push', 'Z2', 'Z2', 'flat')": {
    "slow down": 86.33477861088173,
    "keep going": 87.4765032635238,
    "accelerate": 97.580442102713
  },
  "('Z1', 'Z1', 'low', 'push', 'Z2', 'Z2', 'downhill')": {
    "slow down": 60.97728916243493,
    "keep going": 89.87446237234468,
    "accelerate": 60.279284287518
  },
  "('Z1', 'Z1', 'low', 'push', 'Z2', 'Z2', 'uphill')": {
    "slow down": 64.36193928464068,
    "keep going": 63.28737461699399,
    "accelerate": 91.25259242657434
  },
  "('Z1', 'Z2', 'low', 'push', 'Z2', 'Z2', 'flat')": {
    "slow down": 91.70570076107185,
    "keep going": 53.44349346356343,
    "accelerate": 14.210343384895307
  },
  "('Z1', 'Z2', 'low', 'push', 'Z2', 'Z2', 'downhill')": {
    "slow down": 86.98761801981232,
    "keep going": 9.341157947479768,
    "accelerate": 8.224641589927508
  },
  "('Z2', 'Z3', 'low', 'push', 'Z2', 'Z2', 'uphill')": {
    "slow down": 68.1258834684766,
    "keep going": -17.587511528036792,
    "accelerate": -17.968324120963597
  },
  "('Z2', 'Z2', 'low', 'push', 'Z2', 'Z2', 'flat')": {
    "slow down": 102.98055549069053,
    "keep going": 81.4305926853143,
    "accelerate": 43.162645654473216
  },
  "('Z2', 'Z1', 'low', 'push', 'Z2', 'Z2', 'flat')": {
    "slow down": 4.018206837172896,
    "keep going": 90.07676822243793,
    "accelerate": 45.662293032188984
  },
  "('Z2', 'Z3', 'low', 'push', 'Z2', 'Z2', 'flat')": {
    "slow down": -59.29868274218353,
    "keep going": -63.660109988890845,
    "accelerate": 44.966269029420545
  },
  "('Z2', 'Z1', 'low', 'push', 'Z2', 'Z2', 'downhill')": {
    "slow down": 83.9929427163947,
    "keep going": -32.03239296427355,
    "accelerate": -40.97229525242985
  },
  "('Z2', 'Z4', 'low', 'push', 'Z2', 'Z2', 'flat')": {
    "slow down": 47.378044611293504,
    "keep going": -41.08208721851686,
    "accelerate": -55.07694085629403
  },
  "('Z2', 'Z1', 'low', 'push', 'Z2', 'Z2', 'uphill')": {
    "slow down": 84.70914662298881,
    "keep going": -21.500752732300263,
    "accelerate": -23.149471604598858
  },
  "('Z1', 'Z2', 'low', 'push', 'Z2', 'Z2', 'uphill')": {
    "slow down": -2.1520055006352674,
    "keep going": 85.68224880031079,
    "accelerate": -2.7466090317881653
  },
  "('Z1', 'Z1', 'low', 'push', 'Z3', 'Z3', 'flat')": {
    "slow down": -15.40513778912147,
    "keep going": -18.462252911641272,
    "accelerate": 4.266957362431688
  },
  "('Z1', 'Z2', 'low', 'push', 'Z3', 'Z3', 'flat')": {
    "slow down": -10.231137006037208,
    "keep going": -86.75085238212951,
    "accelerate": -92.24857100161346
  },
  "('Z2', 'Z2', 'low', 'push', 'Z3', 'Z3', 'flat')": {
    "slow down": 3.6049139869851965,
    "keep going": -10.022012773445708,
    "accelerate": -53.52902673668139
  },
  "('Z2', 'Z3', 'low', 'push', 'Z3', 'Z3', 'flat')": {
    "slow down": -102.96751513082314,
    "keep going": -27.209396459294815,
    "accelerate": -109.16962490233672
  },
  "('Z2', 'Z1', 'low', 'push', 'Z3', 'Z3', 'flat')": {
    "slow down": -3.06368202393697,
    "keep going": -112.20427801815603,
    "accelerate": -97.49762468579803
  },
  "('Z3', 'Z4', 'low', 'push', 'Z3', 'Z3', 'flat')": {
    "slow down": -101.28675380466845,
    "keep going": -110.18351765099779,
    "accelerate": -123.39249087837659
  },
  "('Z3', 'Z3', 'low', 'push', 'Z3', 'Z3', 'flat')": {
    "slow down": -11.248797050515904,
    "keep going": -110.95788777590656,
    "accelerate": -110.99810055143753
  },
  "('Z3', 'Z5', 'low', 'push', 'Z3', 'Z3', 'flat')": {
    "slow down": -114.33895498057109,
    "keep going": -121.45825476678449,
    "accelerate": -121.78987565121723
  },
  "('Z3', 'Z2', 'low', 'push', 'Z3', 'Z3', 'flat')": {
    "slow down": -100.59218126890069,
    "keep going": -117.45321474867335,
    "accelerate": -116.73040456124538
  },
  "('Z3', 'Z1', 'low', 'push', 'Z3', 'Z3', 'flat')": {
    "slow down": -104.30386003589963,
    "keep going": -115.58802744204515,
    "accelerate": -119.60717290928822
  },
  "('Z2', 'Z4', 'low', 'push', 'Z3', 'Z3', 'flat')": {
    "slow down": -96.64966255322527,
    "keep going": -104.11969493023555,
    "accelerate": -104.96479392649178
  },
  "('Z4', 'Z5', 'low', 'push', 'Z3', 'Z3', 'flat')": {
    "slow down": -112.42595895409285,
    "keep going": -125.6052071937767,
    "accelerate": -125.67930682674262
  },
  "('Z4', 'Z4', 'low', 'push', 'Z3', 'Z3', 'flat')": {
    "slow down": -109.84252036002555,
    "keep going": -115.52362261552062,
    "accelerate": -123.00259337055283
  },
  "('Z4', 'Z3', 'low', 'push', 'Z3', 'Z3', 'flat')": {
    "slow down": -121.71210045605186,
    "keep going": -103.48984956604897,
    "accelerate": -121.77178532580623
  },
  "('Z4', 'Z4', 'low', 'cooldown', 'Z1', 'Z1', 'flat')": {
    "slow down": 0.0,
    "keep going": 0.0,
    "accelerate": 0.0
  },
  "('Z2', 'Z3', 'low', 'push', 'Z2', 'Z2', 'downhill')": {
    "slow down": 60.178320579183975,
    "keep going": -22.676311161586614,
    "accelerate": -24.0176072442515
  },
  "('Z5', 'Z5', 'low', 'push', 'Z3', 'Z3', 'flat')": {
    "slow down": -114.90610742162312,
    "keep going": -115.36863053333462,
    "accelerate": -115.19855333554172
  },
  "('Z5', 'Z4', 'low', 'push', 'Z3', 'Z3', 'flat')": {
    "slow down": -109.10790015114198,
    "keep going": -108.67376901156797,
    "accelerate": -108.7416325468281
  },
  "('Z4', 'Z2', 'low', 'push', 'Z3', 'Z3', 'flat')": {
    "slow down": -102.70539228100526,
    "keep going": -102.33072304282591,
    "accelerate": -103.75358703845872
  },
  "('Z2', 'Z1', 'low', 'cooldown', 'Z1', 'Z1', 'flat')": {
    "slow down": 0.0,
    "keep going": 0.0,
    "accelerate": 0.0
  },
  "('Z2', 'Z2', 'low', 'push', 'Z2', 'Z2', 'uphill')": {
    "slow down": 46.609259495214225,
    "keep going": 89.96691435372482,
    "accelerate": -14.623495109723503
  },
  "('Z3', 'Z4', 'low', 'cooldown', 'Z1', 'Z1', 'flat')": {
    "slow down": 0.0,
    "keep going": 0.0,
    "accelerate": 0.0
  },
  "('Z2', 'Z2', 'low', 'push', 'Z2', 'Z2', 'downhill')": {
    "slow down": 89.75517631095931,
    "keep going": 33.25096918732639,
    "accelerate": -16.33295179669137
  },
  "('Z3', 'Z5', 'low', 'cooldown', 'Z1', 'Z1', 'flat')": {
    "slow down": 0.0,
    "keep going": 0.0,
    "accelerate": 0.0
  },
  "('Z3', 'Z4', 'low', 'push', 'Z2', 'Z2', 'flat')": {
    "slow down": 48.46068648119032,
    "keep going": -60.92075556976906,
    "accelerate": -65.72881578580714
  },
  "('Z3', 'Z3', 'low', 'push', 'Z2', 'Z2', 'flat')": {
    "slow down": 57.96315325396051,