{
  "('Z1', 'Z1', 'low', 'warmup', 'Z1', 'Z1', 'flat')": {
    "slow down": 24.88860018677278,
    "keep going": 25.005745803296225,
    "accelerate": 24.418204566709633
  },
  "('Z1', 'Z1', 'low', 'warmup', 'Z1', 'Z1', 'downhill')": {
    "slow down": 25.441920877837287,
    "keep going": 25.735595539625102,
    "accelerate": 24.59677715855814
  },
  "('Z1', 'Z2', 'low', 'warmup', 'Z1', 'Z1', 'flat')": {
    "slow down": 25.368738504958127,
    "keep going": 16.656258845532783,
    "accelerate": 0.1404668062709154
  },
  "('Z1', 'Z1', 'low', 'warmup', 'Z1', 'Z1', 'uphill')": {
    "slow down": 25.412890035530353,
    "keep going": 25.71918524796819,
    "accelerate": 24.50924043481842
  },
  "('Z1', 'Z2', 'low', 'warmup', 'Z1', 'Z1', 'uphill')": {
    "slow down": 25.303955493118142,
    "keep going": 2.370775530310608,
    "accelerate": 0.0
  },
  "('Z1', 'Z2', 'low', 'warmup', 'Z1', 'Z1', 'downhill')": {
    "slow down": 25.411519709834785,
    "keep going": 2.3385953183395607,
    "accelerate": 0.08396643271992163
  },
  "('Z2', 'Z3', 'low', 'warmup', 'Z1', 'Z1', 'flat')": {
    "slow down": 1.548382509017384,
    "keep going": 0.01232310377350995,
    "accelerate": 0.0
  },
  "('Z2', 'Z2', 'low', 'warmup', 'Z1', 'Z1', 'flat')": {
    "slow down": 2.826283904204028,
    "keep going": 0.0,
    "accelerate": 0.04012374387649669
  },
  "('Z2', 'Z1', 'low', 'warmup', 'Z1', 'Z1', 'flat')": {
    "slow down": 10.144949419473686,
    "keep going": 0.0,
    "accelerate": 0.12788839620988154
  },
  "('Z1', 'Z1', 'low', 'push', 'Z2', 'Z2', 'flat')": {
    "slow down": 6.753580998323029,
    "keep going": 10.43771859547797,
    "accelerate": 7.983038846670346
  },
  "('Z1', 'Z1', 'low', 'push', 'Z2', 'Z2', 'downhill')": {
    "slow down": 10.737936414776284,
    "keep going": 10.722694361926365,
    "accelerate": 11.352081186218255
  },
  "('Z1', 'Z1', 'low', 'push', 'Z2', 'Z2', 'uphill')": {
    "slow down": 11.078569420818532,
    "keep going": 11.086585396089342,
    "accelerate": 11.728938342514537
  },
  "('Z1', 'Z2', 'low', 'push', 'Z2', 'Z2', 'flat')": {
    "slow down": 9.990375766549697,
    "keep going": 9.170272721650825,
    "accelerate": 9.056129043127388
  },
  "('Z1', 'Z2', 'low', 'push', 'Z2', 'Z2', 'downhill')": {
    "slow down": 12.787999709490498,
    "keep going": 6.9107372274552725,
    "accelerate": 3.0092169968840365
  },
  "('Z1', 'Z2', 'low', 'push', 'Z2', 'Z2', 'uphill')": {
    "slow down": 14.841587079745757,
    "keep going": 3.6631341309342096,
    "accelerate": 1.4973861848773193
  },
  "('Z1', 'Z1', 'low', 'cooldown', 'Z1', 'Z1', 'downhill')": {
    "slow down": 23.977245885151397,
    "keep going": 23.864174895723025,
    "accelerate": 23.780877135653288
  },
  "('Z1', 'Z1', 'low', 'cooldown', 'Z1', 'Z1', 'flat')": {
    "slow down": 23.687104620320287,
    "keep going": 24.008548666054484,
    "accelerate": 23.642743598197878
  },
  "('Z1', 'Z1', 'low', 'cooldown', 'Z1', 'Z1', 'uphill')": {
    "slow down": 23.86743703272886,
    "keep going": 24.001565015430202,
    "accelerate": 23.799256214262478
  },
  "('Z1', 'Z2', 'low', 'cooldown', 'Z1', 'Z1', 'flat')": {
    "slow down": 25.400044125642935,
    "keep going": 12.701436027682986,
    "accelerate": 0.1349706313273158
  },
  "('Z1', 'Z2', 'low', 'cooldown', 'Z1', 'Z1', 'downhill')": {
    "slow down": 25.48624288930093,
    "keep going": 2.728559959693925,
    "accelerate": 0.0
  },
  "('Z1', 'Z2', 'low', 'cooldown', 'Z1', 'Z1', 'uphill')": {
    "slow down": 25.440646132806485,
    "keep going": 1.1916065141175503,
    "accelerate": 0.06440722180944251
  },
  "('Z2', 'Z3', 'low', 'cooldown', 'Z1', 'Z1', 'flat')": {
    "slow down": 2.7884212221312983,
    "keep going": 0.0,
    "accelerate": -0.0704455223093048
  },
  "('Z2', 'Z2', 'low', 'cooldown', 'Z1', 'Z1', 'uphill')": {
    "slow down": 0.3779039267811418,
    "keep going": 0.0,
    "accelerate": 0.0
  },
  "('Z2', 'Z1', 'low', 'cooldown', 'Z1', 'Z1', 'flat')": {
    "slow down": 0.0,
    "keep going": 22.200155844475592,
    "accelerate": 0.7921107033994776
  },
  "('Z2', 'Z2', 'low', 'warmup', 'Z1', 'Z1', 'uphill')": {
    "slow down": 0.6081819372254289,
    "keep going": 0.0,
    "accelerate": 0.0
  },
  "('Z2', 'Z3', 'low', 'push', 'Z2', 'Z2', 'flat')": {
    "slow down": 3.059512514308787,
    "keep going": 3.1264601980469124,
    "accelerate": 2.5832583215646627
  },
  "('Z2', 'Z2', 'low', 'push', 'Z2', 'Z2', 'flat')": {
    "slow down": 4.699488702695531,
    "keep going": 1.481904158391998,
    "accelerate": 1.5392130816257046
  },
  "('Z2', 'Z1', 'low', 'push', 'Z2', 'Z2', 'flat')": {
    "slow down": 4.494701719933582,
    "keep going": 4.054511553149993,
    "accelerate": 3.962856681301886
  },
  "('Z2', 'Z2', 'low', 'cooldown', 'Z1', 'Z1', 'flat')": {
    "slow down": 15.940309344360259,
    "keep going": 0.045335016314435664,
    "accelerate": 0.0
  },
  "('Z2', 'Z3', 'low', 'push', 'Z2', 'Z2', 'uphill')": {
    "slow down": 12.023007621279596,
    "keep going": 2.6159892528111452,
    "accelerate": 0.23237403807799373
  },
  "('Z2', 'Z2', 'low', 'cooldown', 'Z1', 'Z1', 'downhill')": {
    "slow down": 24.15605158755641,
    "keep going": 1.3186410530629253,
    "accelerate": 0.09372779653300667
  },
  "('Z2', 'Z3', 'low', 'cooldown', 'Z1', 'Z1', 'uphill')": {
    "slow down": 0.053370707558686926,
    "keep going": 0.0,
    "accelerate": 0.0
  },
  "('Z2', 'Z1', 'low', 'cooldown', 'Z1', 'Z1', 'downhill')": {
    "slow down": 13.544451047857812,
    "keep going": 0.0,
    "accelerate": 0.0
  },
  "('Z2', 'Z1', 'low', 'push', 'Z2', 'Z2', 'downhill')": {
    "slow down": 3.3146081652834445,
    "keep going": 6.929026741447739,
    "accelerate": 11.268499685541508
  },
  "('Z2', 'Z2', 'low', 'push', 'Z2', 'Z2', 'downhill')": {
    "slow down": 10.201545087008656,
    "keep going": 10.077565265507571,
    "accelerate": 10.174318448499315
  },
  "('Z2', 'Z2', 'low', 'push', 'Z2', 'Z2', 'uphill')": {
    "slow down": 10.899378008405005,
    "keep going": 10.966779710525099,
    "accelerate": 10.491212542274365
  },
  "('Z2', 'Z2', 'low', 'warmup', 'Z1', 'Z1', 'downhill')": {
    "slow down": 1.498983701416477,
    "keep going": 0.0,
    "accelerate": 0.0
  },
  "('Z2', 'Z4', 'low', 'push', 'Z2', 'Z2', 'flat')": {
    "slow down": 8.962305960864096,
    "keep going": 0.0,
    "accelerate": 0.0
  },
  "('Z2', 'Z1', 'low', 'push', 'Z2', 'Z2', 'uphill')": {
    "slow down": 11.016134724978308,
    "keep going": 5.552744036001597,
    "accelerate": 9.103117598933428
  },
  "('Z2', 'Z3', 'low', 'push', 'Z2', 'Z2', 'downhill')": {
    "slow down": 9.85375139730779,
    "keep going": 0.8809090706801785,
    "accelerate": 0.007623039380219326
  },
  "('Z2', 'Z4', 'low', 'push', 'Z2', 'Z2', 'uphill')": {
    "slow down": 0.8308893246479064,
    "keep going": 0.0,
    "accelerate": 0.0
  },
  "('Z2', 'Z1', 'low', 'warmup', 'Z1', 'Z1', 'downhill')": {
    "slow down": 2.399222438916755,
    "keep going": 0.0,
    "accelerate": 0.0
  },
  "('Z3', 'Z4', 'low', 'push', 'Z2', 'Z2', 'flat')": {
    "slow down": 6.013209221227732,
    "keep going": 0.0,
    "accelerate": 0.0
  },
  "('Z3', 'Z3', 'low', 'push', 'Z2', 'Z2', 'flat')": {
    "slow down": 7.7670059246497285,
    "keep going": 4.73240026313697,
    "accelerate": 0.3990638628866878
  },
  "('Z2', 'Z1', 'low', 'warmup', 'Z1', 'Z1', 'uphill')": {
    "slow down": 1.2347765428724484,
    "keep going": 0.0,
    "accelerate": 0.0
  },
  "('Z3', 'Z2', 'low', 'push', 'Z2', 'Z2', 'uphill')": {
    "slow down": 2.571059375532871,
    "keep going": 0.0,
    "accelerate": 0.0
  },
  "('Z2', 'Z3', 'low', 'warmup', 'Z1', 'Z1', 'downhill')": {
    "slow down": 0.6069273940883401,
    "keep going": 0.0,
    "accelerate": 0.0
  },
  "('Z2', 'Z4', 'low', 'push', 'Z2', 'Z2', 'downhill')": {
    "slow down": 1.5095637474711396,
    "keep going": 0.0,
    "accelerate": 0.0
  },
  "('Z3', 'Z2', 'low', 'push', 'Z2', 'Z2', 'downhill')": {
    "slow down": 1.3539716871024097,