{
  "('Z1', 'Z1', 'low', 'warmup', 'Z1', 'Z1', 'flat')": {
    "slow down": 238.32537074648175,
    "keep going": 235.37982725680865,
    "accelerate": 238.2953286052357
  },
  "('Z1', 'Z1', 'low', 'warmup', 'Z1', 'Z1', 'downhill')": {
    "slow down": 239.25596223457737,
    "keep going": 239.62847828178627,
    "accelerate": 236.9855323164668
  },
  "('Z1', 'Z2', 'low', 'warmup', 'Z1', 'Z1', 'flat')": {
    "slow down": 241.4516789513294,
    "keep going": 233.88818509538646,
    "accelerate": 141.97281969135233
  },
  "('Z1', 'Z1', 'low', 'warmup', 'Z1', 'Z1', 'uphill')": {
    "slow down": 239.17599991127454,
    "keep going": 237.92114924535795,
    "accelerate": 236.7424554672164
  },
  "('Z1', 'Z2', 'low', 'warmup', 'Z1', 'Z1', 'downhill')": {
    "slow down": 89.4226279331431,
    "keep going": 237.70879363159443,
    "accelerate": 58.419528801854995
  },
  "('Z2', 'Z3', 'low', 'warmup', 'Z1', 'Z1', 'flat')": {
    "slow down": 211.0539709021704,
    "keep going": 20.63168155348776,
    "accelerate": 0.08771409748092573
  },
  "('Z2', 'Z2', 'low', 'warmup', 'Z1', 'Z1', 'flat')": {
    "slow down": 229.9406107955814,
    "keep going": 84.98443706300439,
    "accelerate": 45.74882146956922
  },
  "('Z2', 'Z1', 'low', 'warmup', 'Z1', 'Z1', 'uphill')": {
    "slow down": 136.5327707259538,
    "keep going": 0.0,
    "accelerate": 0.0
  },
  "('Z1', 'Z2', 'low', 'warmup', 'Z1', 'Z1', 'uphill')": {
    "slow down": 240.46566994020617,
    "keep going": 136.1558379189574,
    "accelerate": 37.57319262325029
  },
  "('Z1', 'Z1', 'low', 'push', 'Z2', 'Z2', 'flat')": {
    "slow down": 189.64440673810535,
    "keep going": 189.19477915523424,
    "accelerate": 197.03875970929477
  },
  "('Z1', 'Z2', 'low', 'push', 'Z2', 'Z2', 'flat')": {
    "slow down": 180.04272371500002,
    "keep going": 194.5405276301552,
    "accelerate": 178.34028934081368
  },
  "('Z1', 'Z1', 'low', 'push', 'Z2', 'Z2', 'downhill')": {
    "slow down": 184.33080434228205,
    "keep going": 186.1787910017679,
    "accelerate": 195.89520785484527
  },
  "('Z1', 'Z1', 'low', 'push', 'Z2', 'Z2', 'uphill')": {
    "slow down": 186.02801730857428,
    "keep going": 187.17838905536564,
    "accelerate": 195.401637938701
  },
  "('Z1', 'Z2', 'low', 'push', 'Z2', 'Z2', 'downhill')": {
    "slow down": 188.3051156740188,
    "keep going": 90.83712751340252,
    "accelerate": 41.103129966740646
  },
  "('Z1', 'Z2', 'low', 'push', 'Z2', 'Z2', 'uphill')": {
    "slow down": 188.41816823955125,
    "keep going": 81.21371590690069,
    "accelerate": 41.01611664353764
  },
  "('Z2', 'Z3', 'low', 'push', 'Z2', 'Z2', 'uphill')": {
    "slow down": 188.31006034386948,
    "keep going": 46.6972128392295,
    "accelerate": 17.735504878902873
  },
  "('Z2', 'Z2', 'low', 'push', 'Z2', 'Z2', 'flat')": {
    "slow down": 199.6956801524999,
    "keep going": 189.76587952263014,
    "accelerate": 186.6932157687471
  },
  "('Z2', 'Z1', 'low', 'push', 'Z2', 'Z2', 'downhill')": {
    "slow down": 191.83938540013688,
    "keep going": 153.90785915742256,
    "accelerate": 162.99056867780735
  },
  "('Z2', 'Z3', 'low', 'push', 'Z2', 'Z2', 'flat')": {
    "slow down": 191.1269822536928,
    "keep going": 169.78778071972368,
    "accelerate": 108.34334528500058
  },
  "('Z2', 'Z2', 'low', 'push', 'Z2', 'Z2', 'uphill')": {
    "slow down": 185.23915836718692,
    "keep going": 194.3335590361628,
    "accelerate": 184.9189480442926
  },
  "('Z2', 'Z1', 'low', 'push', 'Z2', 'Z2', 'flat')": {
    "slow down": 184.51234322512295,
    "keep going": 183.88891922701902,
    "accelerate": 195.2029107527373
  },
  "('Z2', 'Z2', 'low', 'push', 'Z2', 'Z2', 'downhill')": {
    "slow down": 194.32039594104842,
    "keep going": 186.2460994020568,
    "accelerate": 184.9678952784939
  },
  "('Z1', 'Z1', 'low', 'cooldown', 'Z1', 'Z1', 'downhill')": {
    "slow down": 239.67629997197895,
    "keep going": 239.8454384930239,
    "accelerate": 239.66375198604433
  },
  "('Z1', 'Z1', 'low', 'cooldown', 'Z1', 'Z1', 'flat')": {
    "slow down": 239.72517585101562,
    "keep going": 239.8662931414637,
    "accelerate": 239.63448459798084
  },
  "('Z1', 'Z1', 'low', 'cooldown', 'Z1', 'Z1', 'uphill')": {
    "slow down": 239.65852864845115,
    "keep going": 239.89312655568415,
    "accelerate": 239.63229768461605
  },
  "('Z1', 'Z2', 'low', 'cooldown', 'Z1', 'Z1', 'flat')": {
    "slow down": 241.30678677431393,
    "keep going": 239.23806111111213,
    "accelerate": 192.11630970330157
  },
  "('Z2', 'Z3', 'low', 'cooldown', 'Z1', 'Z1', 'flat')": {
    "slow down": 223.81812144338372,
    "keep going": 75.96985560724838,
    "accelerate": 6.043456590221234
  },
  "('Z2', 'Z2', 'low', 'cooldown', 'Z1', 'Z1', 'flat')": {
    "slow down": 235.09823374931645,
    "keep going": 61.631842144547164,
    "accelerate": 100.63575017527702
  },
  "('Z2', 'Z1', 'low', 'cooldown', 'Z1', 'Z1', 'downhill')": {
    "slow down": 226.44523732832914,
    "keep going": 23.784179854095996,
    "accelerate": 21.69252793740317
  },
  "('Z1', 'Z2', 'low', 'cooldown', 'Z1', 'Z1', 'uphill')": {
    "slow down": 241.21304986236726,
    "keep going": 88.43629378363194,
    "accelerate": 63.67812171406239
  },
  "('Z1', 'Z2', 'low', 'cooldown', 'Z1', 'Z1', 'downhill')": {
    "slow down": 241.0526100813193,
    "keep going": 100.28236525219911,
    "accelerate": 106.02739854788584
  },
  "('Z2', 'Z2', 'low', 'warmup', 'Z1', 'Z1', 'downhill')": {
    "slow down": 215.90551622599077,
    "keep going": 0.0,
    "accelerate": 9.000560862134671
  },
  "('Z2', 'Z3', 'low', 'warmup', 'Z1', 'Z1', 'uphill')": {
    "slow down": 66.391097657556,
    "keep going": 0.0,
    "accelerate": 0.0
  },
  "('Z2', 'Z1', 'low', 'warmup', 'Z1', 'Z1', 'flat')": {
    "slow down": 237.41147973259925,
    "keep going": 45.64091881612387,
    "accelerate": 25.468953086123044
  },
  "('Z2', 'Z2', 'low', 'warmup', 'Z1', 'Z1', 'uphill')": {
    "slow down": 24.217384654512358,
    "keep going": 235.21193146122403,
    "accelerate": 0.0
  },
  "('Z2', 'Z3', 'low', 'push', 'Z2', 'Z2', 'downhill')": {
    "slow down": 185.75246407454168,
    "keep going": 53.47221088978566,
    "accelerate": 32.201273260773846
  },
  "('Z2', 'Z1', 'low', 'push', 'Z2', 'Z2', 'uphill')": {
    "slow down": 140.93660955536623,
    "keep going": 192.16916495195224,
    "accelerate": 110.1549270996249
  },
  "('Z2', 'Z1', 'low', 'cooldown', 'Z1', 'Z1', 'flat')": {
    "slow down": 237.7445530366402,
    "keep going": 53.91366885702377,
    "accelerate": 77.75716920395537
  },
  "('Z2', 'Z1', 'low', 'warmup', 'Z1', 'Z1', 'downhill')": {
    "slow down": 161.19621696953786,
    "keep going": 15.826847916733167,
    "accelerate": 0.0
  },
  "('Z2', 'Z3', 'low', 'warmup', 'Z1', 'Z1', 'downhill')": {
    "slow down": 76.54210041454276,
    "keep going": 0.0,
    "accelerate": 0.0
  },
  "('Z2', 'Z3', 'low', 'cooldown', 'Z1', 'Z1', 'uphill')": {
    "slow down": 115.76837957868972,
    "keep going": 0.0,
    "accelerate": 0.0
  },
  "('Z2', 'Z2', 'low', 'cooldown', 'Z1', 'Z1', 'uphill')": {
    "slow down": 99.673390207393,
    "keep going": 0.0,
    "accelerate": 0.0
  },
  "('Z2', 'Z3', 'low', 'cooldown', 'Z1', 'Z1', 'downhill')": {
    "slow down": 174.62664978249546,
    "keep going": 0.0,
    "accelerate": 0.0
  },
  "('Z2', 'Z1', 'low', 'cooldown', 'Z1', 'Z1', 'uphill')": {
    "slow down": 170.3965005158669,
    "keep going": 0.0,
    "accelerate": 0.0
  },
  "('Z2', 'Z2', 'low', 'cooldown', 'Z1', 'Z1', 'downhill')": {
    "slow down": 238.98703131000713,
    "keep going": 51.663526635101064,
    "accelerate": 41.38804077802435
  },
  "('Z2', 'Z4', 'low', 'cooldown', 'Z1', 'Z1', 'flat')": {
    "slow down": 60.3090114478045,
    "keep going": -0.21679003162520147,
    "accelerate": 0.0
  },
  "('Z3', 'Z4', 'low', 'cooldown', 'Z1', 'Z1', 'downhill')": {
    "slow down": -0.04764698910082166,
    "keep going": 0.0,
    "accelerate": 0.0
  },