{
  "('Z1', 'Z1', 'low', 'warmup', 'Z1', 'Z1', 'flat')": {
    "slow down": 50.44289440939586,
    "keep going": 50.40917032174466,
    "accelerate": 49.06376264800974
  },
  "('Z1', 'Z1', 'low', 'warmup', 'Z1', 'Z1', 'downhill')": {
    "slow down": 50.034526265261036,
    "keep going": 51.587166287205406,
    "accelerate": 49.584934920095996
  },
  "('Z1', 'Z2', 'low', 'warmup', 'Z1', 'Z1', 'flat')": {
    "slow down": 50.785264528539926,
    "keep going": 46.40372433685325,
    "accelerate": 41.220243314707695
  },
  "('Z1', 'Z1', 'low', 'warmup', 'Z1', 'Z1', 'uphill')": {
    "slow down": 50.16042373087858,
    "keep going": 51.60266562405866,
    "accelerate": 49.51209943583375
  },
  "('Z1', 'Z2', 'low', 'warmup', 'Z1', 'Z1', 'uphill')": {
    "slow down": 50.50111137132204,
    "keep going": 41.74126863379534,
    "accelerate": 24.661977337335372
  },
  "('Z2', 'Z3', 'low', 'warmup', 'Z1', 'Z1', 'flat')": {
    "slow down": 46.57173094423605,
    "keep going": 27.636289720693775,
    "accelerate": 11.674874964918185
  },
  "('Z2', 'Z4', 'low', 'warmup', 'Z1', 'Z1', 'flat')": {
    "slow down": 27.264626890897624,
    "keep going": 0.30651328651264614,
    "accelerate": -0.6506822578983265
  },
  "('Z2', 'Z2', 'low', 'warmup', 'Z1', 'Z1', 'downhill')": {
    "slow down": 46.045076001620885,
    "keep going": 15.480005604856547,
    "accelerate": 5.291588304853899
  },
  "('Z2', 'Z1', 'low', 'warmup', 'Z1', 'Z1', 'flat')": {
    "slow down": 48.42310712527136,
    "keep going": 43.76610723505025,
    "accelerate": 39.250919697250126
  },
  "('Z2', 'Z2', 'low', 'warmup', 'Z1', 'Z1', 'flat')": {
    "slow down": 47.34613368877808,
    "keep going": 35.88775731120779,
    "accelerate": 28.010814451409146
  },
  "('Z2', 'Z1', 'low', 'warmup', 'Z1', 'Z1', 'uphill')": {
    "slow down": 9.192010625527079,
    "keep going": 45.32140931895832,
    "accelerate": 11.6710195167534
  },
  "('Z1', 'Z2', 'low', 'warmup', 'Z1', 'Z1', 'downhill')": {
    "slow down": 50.31673147535466,
    "keep going": 45.95372996931067,
    "accelerate": 26.01794572935112
  },
  "('Z2', 'Z2', 'low', 'warmup', 'Z1', 'Z1', 'uphill')": {
    "slow down": 44.206479085995056,
    "keep going": 5.776753055749503,
    "accelerate": 9.954965508402752
  },
  "('Z1', 'Z1', 'low', 'push', 'Z2', 'Z2', 'flat')": {
    "slow down": 35.457168695297376,
    "keep going": 36.933124394233715,
    "accelerate": 41.078326649004495
  },
  "('Z1', 'Z2', 'low', 'push', 'Z2', 'Z2', 'flat')": {
    "slow down": 27.875239758677335,
    "keep going": 38.309825143021015,
    "accelerate": 26.92346066361036
  },
  "('Z1', 'Z2', 'low', 'push', 'Z2', 'Z2', 'downhill')": {
    "slow down": 32.934097159738485,
    "keep going": 11.455891062053512,
    "accelerate": 18.34402047477512
  },
  "('Z2', 'Z3', 'low', 'push', 'Z2', 'Z2', 'flat')": {
    "slow down": 36.48402985914206,
    "keep going": 20.375476016026486,
    "accelerate": 15.23469966625008
  },
  "('Z2', 'Z2', 'low', 'push', 'Z2', 'Z2', 'flat')": {
    "slow down": 39.214873101886184,
    "keep going": 35.02750130742554,
    "accelerate": 33.07945415801576
  },
  "('Z2', 'Z3', 'low', 'push', 'Z2', 'Z2', 'uphill')": {
    "slow down": 34.358660143845626,
    "keep going": 25.879515868535215,
    "accelerate": 24.232929133346662
  },
  "('Z2', 'Z2', 'low', 'push', 'Z2', 'Z2', 'downhill')": {
    "slow down": 38.535216044652174,
    "keep going": 30.489091940389002,
    "accelerate": 29.775013569441732
  },
  "('Z3', 'Z4', 'low', 'push', 'Z2', 'Z2', 'flat')": {
    "slow down": 22.12602258162635,
    "keep going": 15.024823945231896,
    "accelerate": 11.575872794159595
  },
  "('Z3', 'Z3', 'low', 'push', 'Z2', 'Z2', 'flat')": {
    "slow down": 32.943725948766726,
    "keep going": 14.42174194897408,
    "accelerate": 15.422407780560698
  },
  "('Z3', 'Z2', 'low', 'push', 'Z2', 'Z2', 'flat')": {
    "slow down": 30.272680322034546,
    "keep going": 15.875293939509108,
    "accelerate": 15.268871156370905
  },
  "('Z2', 'Z1', 'low', 'push', 'Z2', 'Z2', 'flat')": {
    "slow down": 27.983602293110547,
    "keep going": 36.3971437158205,
    "accelerate": 28.160438286300124
  },
  "('Z2', 'Z1', 'low', 'push', 'Z2', 'Z2', 'uphill')": {
    "slow down": 24.147044403920223,
    "keep going": 33.28550706376333,
    "accelerate": 24.56919035537861
  },
  "('Z2', 'Z2', 'low', 'push', 'Z2', 'Z2', 'uphill')": {
    "slow down": 38.03378719673671,
    "keep going": 32.95634926617388,
    "accelerate": 32.9942931899429
  },
  "('Z1', 'Z1', 'low', 'push', 'Z2', 'Z2', 'uphill')": {
    "slow down": 31.915362421773764,
    "keep going": 31.02655821451837,
    "accelerate": 38.792963681283844
  },
  "('Z1', 'Z1', 'low', 'push', 'Z2', 'Z2', 'downhill')": {
    "slow down": 32.7970704439125,
    "keep going": 31.199420281017375,
    "accelerate": 39.30720138093079
  },
  "('Z2', 'Z3', 'low', 'push', 'Z2', 'Z2', 'downhill')": {
    "slow down": 24.22018755180333,
    "keep going": 32.652639376279616,
    "accelerate": 23.740677839868464
  },
  "('Z3', 'Z2', 'low', 'push', 'Z2', 'Z2', 'uphill')": {
    "slow down": 4.072706399471274,
    "keep going": 8.771645483153792,
    "accelerate": 25.99814670144177
  },
  "('Z2', 'Z1', 'low', 'push', 'Z2', 'Z2', 'downhill')": {
    "slow down": 25.928774385240285,
    "keep going": 28.973863744601655,
    "accelerate": 34.47076668363836
  },
  "('Z2', 'Z4', 'low', 'push', 'Z2', 'Z2', 'flat')": {
    "slow down": 20.31086431301979,
    "keep going": 16.17564212369028,
    "accelerate": 10.280593087024746
  },
  "('Z1', 'Z2', 'low', 'push', 'Z2', 'Z2', 'uphill')": {
    "slow down": 11.702549572889328,
    "keep going": 36.52724047553788,
    "accelerate": 12.412814199819103
  },
  "('Z3', 'Z3', 'low', 'push', 'Z2', 'Z2', 'uphill')": {
    "slow down": 33.14623768209994,
    "keep going": 18.293441982005618,
    "accelerate": 16.916521129727474
  },
  "('Z2', 'Z4', 'low', 'push', 'Z2', 'Z2', 'downhill')": {
    "slow down": 22.45660905039099,
    "keep going": 1.0412418251697522,
    "accelerate": 1.526502554630271
  },
  "('Z2', 'Z4', 'low', 'push', 'Z2', 'Z2', 'uphill')": {
    "slow down": 22.75369443532961,
    "keep going": 0.0,
    "accelerate": 0.7134019210705005
  },
  "('Z3', 'Z3', 'low', 'push', 'Z2', 'Z2', 'downhill')": {
    "slow down": 15.717883678809462,
    "keep going": 31.848437801553466,
    "accelerate": 5.826974482956526
  },
  "('Z3', 'Z4', 'low', 'push', 'Z2', 'Z2', 'uphill')": {
    "slow down": 7.482835832899498,
    "keep going": 22.313025400598153,
    "accelerate": 5.519619511194941
  },
  "('Z3', 'Z1', 'low', 'push', 'Z2', 'Z2', 'flat')": {
    "slow down": 31.160736427151907,
    "keep going": 7.828604445648636,
    "accelerate": 16.399235820694948
  },
  "('Z3', 'Z5', 'low', 'push', 'Z2', 'Z2', 'uphill')": {
    "slow down": 0.3753971196249848,
    "keep going": 3.8837444246990875,
    "accelerate": 0.0
  },
  "('Z3', 'Z4', 'low', 'cooldown', 'Z1', 'Z1', 'downhill')": {
    "slow down": -0.03767722728643721,
    "keep going": -0.07741629221846369,
    "accelerate": 0.0
  },
  "('Z3', 'Z3', 'low', 'cooldown', 'Z1', 'Z1', 'flat')": {
    "slow down": 8.499245106745244,
    "keep going": 0.9520365799405038,
    "accelerate": -0.31640078804948923
  },
  "('Z3', 'Z4', 'low', 'cooldown', 'Z1', 'Z1', 'flat')": {
    "slow down": 3.719247561638694,
    "keep going": -0.47368585646960937,
    "accelerate": -0.2707272541575368
  },
  "('Z3', 'Z2', 'low', 'cooldown', 'Z1', 'Z1', 'uphill')": {
    "slow down": 2.148168672635007,
    "keep going": 0.0,
    "accelerate": 0.0
  },
  "('Z2', 'Z1', 'low', 'cooldown', 'Z1', 'Z1', 'flat')": {
    "slow down": 47.342211095584254,
    "keep going": 43.548505794399695,
    "accelerate": 42.34866448599098
  },
  "('Z2', 'Z1', 'low', 'cooldown', 'Z1', 'Z1', 'downhill')": {
    "slow down": 46.553953649285766,
    "keep going": 14.848194634328525,
    "accelerate": 19.654595948229538
  },