{
  "('Z1', 'Z1', 'low', 'warmup', 'Z1', 'Z1', 'flat')": {
    "slow down": 458.39802912227424,
    "keep going": 461.77412696995066,
    "accelerate": 457.157371757374
  },
  "('Z1', 'Z2', 'low', 'warmup', 'Z1', 'Z1', 'downhill')": {
    "slow down": 462.8175030559662,
    "keep going": 22.100361636609023,
    "accelerate": 0.028049919202483363
  },
  "('Z1', 'Z1', 'low', 'warmup', 'Z1', 'Z1', 'downhill')": {
    "slow down": 461.918931139463,
    "keep going": 467.0522926947117,
    "accelerate": 459.6266881454637
  },
  "('Z1', 'Z1', 'low', 'warmup', 'Z1', 'Z1', 'uphill')": {
    "slow down": 466.4394899337803,
    "keep going": 457.62403200725663,
    "accelerate": 455.9001854871619
  },
  "('Z1', 'Z2', 'low', 'warmup', 'Z1', 'Z1', 'flat')": {
    "slow down": 463.16385189605063,
    "keep going": 108.3084904723522,
    "accelerate": -0.0007071078258877733
  },
  "('Z1', 'Z1', 'low', 'push', 'Z2', 'Z2', 'flat')": {
    "slow down": 352.2391190036983,
    "keep going": 350.64763184722847,
    "accelerate": 355.18804154829445
  },
  "('Z1', 'Z1', 'low', 'push', 'Z2', 'Z2', 'downhill')": {
    "slow down": 271.85208146173824,
    "keep going": 284.1344220012763,
    "accelerate": 358.21191355725057
  },
  "('Z1', 'Z1', 'low', 'push', 'Z2', 'Z2', 'uphill')": {
    "slow down": 291.29722671855916,
    "keep going": 282.83254831365804,
    "accelerate": 358.0236169613902
  },
  "('Z1', 'Z2', 'low', 'push', 'Z2', 'Z2', 'flat')": {
    "slow down": 255.01251158705952,
    "keep going": 359.7258375613131,
    "accelerate": 261.0861228437838
  },
  "('Z1', 'Z2', 'low', 'push', 'Z2', 'Z2', 'uphill')": {
    "slow down": 302.08273639935544,
    "keep going": 144.58881198946847,
    "accelerate": 225.06965955088558
  },
  "('Z2', 'Z3', 'low', 'push', 'Z2', 'Z2', 'flat')": {
    "slow down": 354.5354688778571,
    "keep going": 217.66529241683867,
    "accelerate": 198.65338796474975
  },
  "('Z2', 'Z2', 'low', 'push', 'Z2', 'Z2', 'flat')": {
    "slow down": 370.8152832723344,
    "keep going": 354.94106712515764,
    "accelerate": 341.90562109411064
  },
  "('Z2', 'Z1', 'low', 'push', 'Z2', 'Z2', 'flat')": {
    "slow down": 359.9509699931698,
    "keep going": 284.11710421940165,
    "accelerate": 283.5052334406937
  },
  "('Z1', 'Z2', 'low', 'push', 'Z2', 'Z2', 'downhill')": {
    "slow down": 311.49494573078954,
    "keep going": 158.13408079336403,
    "accelerate": 157.79840845322514
  },
  "('Z1', 'Z1', 'low', 'push', 'Z3', 'Z3', 'flat')": {
    "slow down": -33.47241541236972,
    "keep going": -38.53505383541179,
    "accelerate": 28.56295762731973
  },
  "('Z1', 'Z2', 'low', 'push', 'Z3', 'Z3', 'flat')": {
    "slow down": -26.6729003042343,
    "keep going": -114.14446298708337,
    "accelerate": -140.74671609757954
  },
  "('Z2', 'Z2', 'low', 'push', 'Z3', 'Z3', 'flat')": {
    "slow down": -29.625735149614005,
    "keep going": -31.4592499325781,
    "accelerate": 29.423568392402608
  },
  "('Z2', 'Z1', 'low', 'push', 'Z3', 'Z3', 'flat')": {
    "slow down": 24.765222900757777,
    "keep going": -54.297059052006745,
    "accelerate": -61.54866795875014
  },
  "('Z2', 'Z3', 'low', 'push', 'Z3', 'Z3', 'flat')": {
    "slow down": -106.11333239040292,
    "keep going": -130.12629005397267,
    "accelerate": 25.300337641496085
  },
  "('Z3', 'Z4', 'low', 'push', 'Z3', 'Z3', 'flat')": {
    "slow down": 28.390352322516783,
    "keep going": -146.7076509061999,
    "accelerate": -166.20317961942
  },
  "('Z3', 'Z3', 'low', 'push', 'Z3', 'Z3', 'flat')": {
    "slow down": 27.329534043962212,
    "keep going": -93.74989885440162,
    "accelerate": -157.61233249415636
  },
  "('Z3', 'Z2', 'low', 'push', 'Z3', 'Z3', 'flat')": {
    "slow down": 23.88675434991125,
    "keep going": -131.7496247958698,
    "accelerate": -96.93835181035604
  },
  "('Z3', 'Z5', 'low', 'push', 'Z3', 'Z3', 'flat')": {
    "slow down": -117.72154677284296,
    "keep going": -167.61306359812252,
    "accelerate": -167.57693407376368
  },
  "('Z3', 'Z1', 'low', 'push', 'Z3', 'Z3', 'flat')": {
    "slow down": -126.15787222336583,
    "keep going": -165.26629617595694,
    "accelerate": -165.4825056052999
  },
  "('Z2', 'Z4', 'low', 'push', 'Z3', 'Z3', 'flat')": {
    "slow down": 26.615424758738854,
    "keep going": -115.74635427583775,
    "accelerate": -151.4882542727786
  },
  "('Z4', 'Z5', 'low', 'push', 'Z3', 'Z3', 'flat')": {
    "slow down": -175.12144576296626,
    "keep going": -175.05691473160343,
    "accelerate": -171.44675783447764
  },
  "('Z4', 'Z4', 'low', 'push', 'Z3', 'Z3', 'flat')": {
    "slow down": -173.5291894107332,
    "keep going": -173.5522412016148,
    "accelerate": -169.75176533704948
  },
  "('Z4', 'Z3', 'low', 'push', 'Z3', 'Z3', 'flat')": {
    "slow down": -168.7357602102807,
    "keep going": -171.71127320135318,
    "accelerate": -171.88802482257512
  },
  "('Z5', 'Z5', 'low', 'push', 'Z3', 'Z3', 'flat')": {
    "slow down": -158.99855666369643,
    "keep going": -159.78483457103897,
    "accelerate": -159.4741102267391
  },
  "('Z4', 'Z2', 'low', 'push', 'Z3', 'Z3', 'flat')": {
    "slow down": -147.30980599662783,
    "keep going": -147.45809849169476,
    "accelerate": -148.24157292304454
  },
  "('Z2', 'Z2', 'low', 'cooldown', 'Z1', 'Z1', 'flat')": {
    "slow down": 0.0,
    "keep going": 0.0,
    "accelerate": 0.0
  },
  "('Z1', 'Z2', 'low', 'warmup', 'Z1', 'Z1', 'uphill')": {
    "slow down": 459.93670317070683,
    "keep going": 22.603975020648416,
    "accelerate": 0.0
  },
  "('Z2', 'Z3', 'low', 'push', 'Z2', 'Z2', 'downhill')": {
    "slow down": 308.321645425101,
    "keep going": 24.069676574506097,
    "accelerate": 20.408519528249375
  },
  "('Z5', 'Z4', 'low', 'push', 'Z3', 'Z3', 'flat')": {
    "slow down": -149.3357071336278,
    "keep going": -148.4114745111482,
    "accelerate": -148.24381234212242
  },
  "('Z4', 'Z3', 'low', 'cooldown', 'Z1', 'Z1', 'flat')": {
    "slow down": 0.0,
    "keep going": 0.0,
    "accelerate": 0.0
  },
  "('Z2', 'Z1', 'low', 'push', 'Z2', 'Z2', 'downhill')": {
    "slow down": 348.97699320326217,
    "keep going": 189.51503255169158,
    "accelerate": 164.315031974783
  },
  "('Z3', 'Z3', 'low', 'cooldown', 'Z1', 'Z1', 'flat')": {
    "slow down": 0.0,
    "keep going": 0.0,
    "accelerate": 0.0
  },
  "('Z2', 'Z3', 'low', 'warmup', 'Z1', 'Z1', 'uphill')": {
    "slow down": 0.1278086128649276,
    "keep going": 0.0,
    "accelerate": 0.0
  },
  "('Z2', 'Z2', 'low', 'warmup', 'Z1', 'Z1', 'flat')": {
    "slow down": 13.690376782707135,
    "keep going": 0.0,
    "accelerate": 0.0
  },
  "('Z2', 'Z1', 'low', 'warmup', 'Z1', 'Z1', 'flat')": {
    "slow down": 109.44567245030177,
    "keep going": 0.0,
    "accelerate": 0.0
  },
  "('Z2', 'Z2', 'low', 'push', 'Z2', 'Z2', 'downhill')": {
    "slow down": 289.161901664358,
    "keep going": 357.25297970900704,
    "accelerate": 291.7217813859983
  },
  "('Z2', 'Z1', 'low', 'cooldown', 'Z1', 'Z1', 'flat')": {
    "slow down": 0.0,
    "keep going": 0.0,
    "accelerate": 0.0
  },
  "('Z2', 'Z2', 'low', 'push', 'Z2', 'Z2', 'uphill')": {
    "slow down": 294.5390153451336,
    "keep going": 357.1154078322033,
    "accelerate": 284.08622394031596
  },
  "('Z4', 'Z4', 'low', 'cooldown', 'Z1', 'Z1', 'flat')": {
    "slow down": 0.0,
    "keep going": 0.0,
    "accelerate": 0.0
  },
  "('Z2', 'Z3', 'low', 'cooldown', 'Z1', 'Z1', 'flat')": {
    "slow down": 0.0,
    "keep going": 0.0,
    "accelerate": 0.0
  },
  "('Z4', 'Z2', 'low', 'cooldown', 'Z1', 'Z1', 'flat')": {
    "slow down": 0.0,
    "keep going": 0.0,
    "accelerate": 0.0
  },
  "('Z2', 'Z1', 'low', 'push', 'Z2', 'Z2', 'uphill')": {
    "slow down": 352.34557763852183,
    "keep going": 177.0971558929661,
    "accelerate": 202.81568025118918
  },
  "('Z2', 'Z3', 'low', 'push', 'Z2', 'Z2', 'uphill')": {
    "slow down": 29.074631384729642,
    "keep going": 15.966435700793312,
    "accelerate": 284.12699086889444
  },