{
  "('Z1', 'Z1', 'low', 'warmup', 'Z1', 'Z1', 'flat')": {
    "slow down": 476.69336905311724,
    "keep going": 479.65949507443406,
    "accelerate": 482.02141609404384
  },
  "('Z1', 'Z1', 'low', 'warmup', 'Z1', 'Z1', 'downhill')": {
    "slow down": 483.3988726494316,
    "keep going": 485.8197092954359,
    "accelerate": 483.16313881234714
  },
  "('Z1', 'Z1', 'low', 'warmup', 'Z1', 'Z1', 'uphill')": {
    "slow down": 483.58764599439894,
    "keep going": 485.7096982394866,
    "accelerate": 482.20004647450855
  },
  "('Z1', 'Z2', 'low', 'warmup', 'Z1', 'Z1', 'flat')": {
    "slow down": 484.7095700552694,
    "keep going": 411.126046836329,
    "accelerate": 175.29072757340714
  },
  "('Z2', 'Z3', 'low', 'warmup', 'Z1', 'Z1', 'flat')": {
    "slow down": 284.96074481969936,
    "keep going": 30.312104194671537,
    "accelerate": 0.14029033160612647
  },
  "('Z2', 'Z2', 'low', 'warmup', 'Z1', 'Z1', 'flat')": {
    "slow down": 402.14851125290176,
    "keep going": 85.94524237916313,
    "accelerate": 39.34925555372614
  },
  "('Z2', 'Z1', 'low', 'warmup', 'Z1', 'Z1', 'flat')": {
    "slow down": 430.8629520526629,
    "keep going": 108.27632071342299,
    "accelerate": 65.19950868285045
  },
  "('Z1', 'Z2', 'low', 'warmup', 'Z1', 'Z1', 'downhill')": {
    "slow down": 485.08788720954794,
    "keep going": 219.05323963699726,
    "accelerate": 105.81162124621594
  },
  "('Z1', 'Z2', 'low', 'warmup', 'Z1', 'Z1', 'uphill')": {
    "slow down": 485.01291202065056,
    "keep going": 170.9508901822017,
    "accelerate": 52.859466684401454
  },
  "('Z2', 'Z3', 'low', 'warmup', 'Z1', 'Z1', 'downhill')": {
    "slow down": 109.2754454506707,
    "keep going": 0.5590412973471179,
    "accelerate": 1.2085693911983868
  },
  "('Z2', 'Z2', 'low', 'warmup', 'Z1', 'Z1', 'uphill')": {
    "slow down": 465.59324904517985,
    "keep going": 77.33294118418473,
    "accelerate": 0.0
  },
  "('Z2', 'Z1', 'low', 'warmup', 'Z1', 'Z1', 'uphill')": {
    "slow down": 223.206226127895,
    "keep going": 22.25851203139929,
    "accelerate": 0.0
  },
  "('Z2', 'Z3', 'low', 'warmup', 'Z1', 'Z1', 'uphill')": {
    "slow down": 79.17675500635004,
    "keep going": 0.0,
    "accelerate": 0.0
  },
  "('Z2', 'Z2', 'low', 'warmup', 'Z1', 'Z1', 'downhill')": {
    "slow down": 165.12585647498312,
    "keep going": 16.19046165643242,
    "accelerate": 0.0
  },
  "('Z1', 'Z1', 'low', 'push', 'Z2', 'Z2', 'flat')": {
    "slow down": 396.99322783107556,
    "keep going": 397.2947878385052,
    "accelerate": 406.66116375265847
  },
  "('Z1', 'Z2', 'low', 'push', 'Z2', 'Z2', 'flat')": {
    "slow down": 396.90177471800683,
    "keep going": 394.34400483634306,
    "accelerate": 399.1380417061168
  },
  "('Z2', 'Z3', 'low', 'push', 'Z2', 'Z2', 'flat')": {
    "slow down": 400.1380278863206,
    "keep going": 396.0934368879007,
    "accelerate": 346.6277278975963
  },
  "('Z2', 'Z2', 'low', 'push', 'Z2', 'Z2', 'flat')": {
    "slow down": 399.29694918945165,
    "keep going": 396.720704011045,
    "accelerate": 396.3137351314915
  },
  "('Z2', 'Z2', 'low', 'push', 'Z2', 'Z2', 'downhill')": {
    "slow down": 394.5524517568348,
    "keep going": 399.26499733165184,
    "accelerate": 396.78677052670514
  },
  "('Z2', 'Z1', 'low', 'push', 'Z2', 'Z2', 'flat')": {
    "slow down": 397.1518552373011,
    "keep going": 396.47178497911796,
    "accelerate": 400.83669561979247
  },
  "('Z2', 'Z2', 'low', 'push', 'Z2', 'Z2', 'uphill')": {
    "slow down": 397.30425257386514,
    "keep going": 398.97219013863906,
    "accelerate": 397.6775436192078
  },
  "('Z2', 'Z1', 'low', 'push', 'Z2', 'Z2', 'downhill')": {
    "slow down": 398.8536175663423,
    "keep going": 367.7290343472335,
    "accelerate": 339.05626852778465
  },
  "('Z1', 'Z1', 'low', 'push', 'Z2', 'Z2', 'downhill')": {
    "slow down": 398.59835002963905,
    "keep going": 389.8595910206411,
    "accelerate": 384.2150376894522
  },
  "('Z2', 'Z1', 'low', 'push', 'Z2', 'Z2', 'uphill')": {
    "slow down": 398.3235262568401,
    "keep going": 326.0569352313223,
    "accelerate": 354.8007265402611
  },
  "('Z2', 'Z3', 'low', 'push', 'Z2', 'Z2', 'uphill')": {
    "slow down": 399.2894707984455,
    "keep going": 224.9330488446323,
    "accelerate": 155.43581436717815
  },
  "('Z2', 'Z3', 'low', 'push', 'Z2', 'Z2', 'downhill')": {
    "slow down": 261.10695626940446,
    "keep going": 400.1466970459176,
    "accelerate": 208.87399299152824
  },
  "('Z3', 'Z4', 'low', 'push', 'Z2', 'Z2', 'flat')": {
    "slow down": 300.3524108286822,
    "keep going": 48.49173077181777,
    "accelerate": 19.705752147479817
  },
  "('Z3', 'Z3', 'low', 'push', 'Z2', 'Z2', 'flat')": {
    "slow down": 388.0746179077615,
    "keep going": 156.30338171444018,
    "accelerate": 129.02416200521458
  },
  "('Z3', 'Z2', 'low', 'push', 'Z2', 'Z2', 'flat')": {
    "slow down": 325.40518899335706,
    "keep going": 71.74923294876743,
    "accelerate": 131.95383558887895
  },
  "('Z3', 'Z4', 'low', 'push', 'Z2', 'Z2', 'downhill')": {
    "slow down": 167.13848598886406,
    "keep going": 0.0,
    "accelerate": 0.8605337519515679
  },
  "('Z1', 'Z1', 'low', 'push', 'Z2', 'Z2', 'uphill')": {
    "slow down": 398.69318518156047,
    "keep going": 375.30214910923326,
    "accelerate": 364.2089545794866
  },
  "('Z1', 'Z2', 'low', 'push', 'Z2', 'Z2', 'uphill')": {
    "slow down": 151.80285996016153,
    "keep going": 399.9877831114343,
    "accelerate": 63.411578917821956
  },
  "('Z2', 'Z2', 'low', 'cooldown', 'Z1', 'Z1', 'downhill')": {
    "slow down": 162.49639479698538,
    "keep going": 477.2277863729929,
    "accelerate": 94.30240280990354
  },
  "('Z2', 'Z1', 'low', 'cooldown', 'Z1', 'Z1', 'flat')": {
    "slow down": 480.74354424814925,
    "keep going": 356.33196038172844,
    "accelerate": 318.9317906794463
  },
  "('Z1', 'Z1', 'low', 'cooldown', 'Z1', 'Z1', 'flat')": {
    "slow down": 479.7240036610275,
    "keep going": 479.77546408870865,
    "accelerate": 479.25000845447795
  },
  "('Z1', 'Z1', 'low', 'cooldown', 'Z1', 'Z1', 'uphill')": {
    "slow down": 479.5109269434048,
    "keep going": 479.8165427358994,
    "accelerate": 479.492297918762
  },
  "('Z1', 'Z1', 'low', 'cooldown', 'Z1', 'Z1', 'downhill')": {
    "slow down": 479.81598044163246,
    "keep going": 479.58393403912686,
    "accelerate": 479.4401297612906
  },
  "('Z1', 'Z2', 'low', 'cooldown', 'Z1', 'Z1', 'flat')": {
    "slow down": 481.2494332971561,
    "keep going": 472.8458435244623,
    "accelerate": 382.00794275362614
  },
  "('Z2', 'Z3', 'low', 'cooldown', 'Z1', 'Z1', 'downhill')": {
    "slow down": 378.8695638791255,
    "keep going": 15.509809597682331,
    "accelerate": 0.0
  },
  "('Z2', 'Z2', 'low', 'cooldown', 'Z1', 'Z1', 'flat')": {
    "slow down": 479.38306000357835,
    "keep going": 230.32642313629182,
    "accelerate": 209.04199756243585
  },
  "('Z1', 'Z2', 'low', 'cooldown', 'Z1', 'Z1', 'downhill')": {
    "slow down": 150.44888045951075,
    "keep going": 479.9997646306256,
    "accelerate": 128.9611208220175
  },
  "('Z1', 'Z2', 'low', 'cooldown', 'Z1', 'Z1', 'uphill')": {
    "slow down": 481.1854968319881,
    "keep going": 240.4430082296463,
    "accelerate": 186.3890574540881
  },
  "('Z2', 'Z3', 'low', 'cooldown', 'Z1', 'Z1', 'flat')": {
    "slow down": 443.11085417927586,
    "keep going": 75.9408231284635,
    "accelerate": 28.286472299045137
  },
  "('Z2', 'Z3', 'low', 'cooldown', 'Z1', 'Z1', 'uphill')": {
    "slow down": 233.11891078146553,
    "keep going": 28.751425524703482,
    "accelerate": 0.0
  },
  "('Z2', 'Z4', 'low', 'cooldown', 'Z1', 'Z1', 'flat')": {
    "slow down": 135.05118190108143,
    "keep going": -0.08145319562419687,
    "accelerate": -0.22185341843089487
  },
  "('Z2', 'Z1', 'low', 'cooldown', 'Z1', 'Z1', 'uphill')": {
    "slow down": 423.7717622043335,
    "keep going": 37.647815317597626,
    "accelerate": 0.0
  },
  "('Z2', 'Z1', 'low', 'cooldown', 'Z1', 'Z1', 'downhill')": {
    "slow down": 478.8775261293907,