{
  "('Z1', 'Z1', 'low', 'warmup', 'Z1', 'Z1', 'flat')": {
    "slow down": 49.97343141185132,
    "keep going": 50.477398929090796,
    "accelerate": 49.287466071151066
  },
  "('Z1', 'Z1', 'low', 'warmup', 'Z1', 'Z1', 'downhill')": {
    "slow down": 50.44194277631452,
    "keep going": 51.62484561188015,
    "accelerate": 49.418578441799276
  },
  "('Z1', 'Z1', 'low', 'warmup', 'Z1', 'Z1', 'uphill')": {
    "slow down": 50.49365796246764,
    "keep going": 51.58274442463725,
    "accelerate": 49.60944766213908
  },
  "('Z1', 'Z2', 'low', 'warmup', 'Z1', 'Z1', 'flat')": {
    "slow down": 50.61433567797988,
    "keep going": 46.71121276303706,
    "accelerate": 41.4350007295071
  },
  "('Z1', 'Z2', 'low', 'warmup', 'Z1', 'Z1', 'uphill')": {
    "slow down": 50.41205931929379,
    "keep going": 20.644462318534405,
    "accelerate": 21.210529473469716
  },
  "('Z1', 'Z2', 'low', 'warmup', 'Z1', 'Z1', 'downhill')": {
    "slow down": 40.79473406000811,
    "keep going": 48.97306781403864,
    "accelerate": 29.574594366923176
  },
  "('Z2', 'Z2', 'low', 'warmup', 'Z1', 'Z1', 'flat')": {
    "slow down": 48.71212189871918,
    "keep going": 16.664007639798005,
    "accelerate": 18.64587349679349
  },
  "('Z2', 'Z3', 'low', 'warmup', 'Z1', 'Z1', 'flat')": {
    "slow down": 46.35267153716655,
    "keep going": 10.787098124364727,
    "accelerate": 0.14959581503443803
  },
  "('Z2', 'Z1', 'low', 'warmup', 'Z1', 'Z1', 'flat')": {
    "slow down": 48.77298346762031,
    "keep going": 26.40421915217645,
    "accelerate": 14.177492573802983
  },
  "('Z1', 'Z1', 'low', 'push', 'Z2', 'Z2', 'flat')": {
    "slow down": 34.89495407089988,
    "keep going": 35.95251455703413,
    "accelerate": 41.163818890132134
  },
  "('Z1', 'Z1', 'low', 'push', 'Z2', 'Z2', 'downhill')": {
    "slow down": 32.417755809684856,
    "keep going": 32.92109323031573,
    "accelerate": 39.9534674739226
  },
  "('Z1', 'Z1', 'low', 'push', 'Z2', 'Z2', 'uphill')": {
    "slow down": 32.6945501745093,
    "keep going": 34.10954965941841,
    "accelerate": 39.48257213510156
  },
  "('Z1', 'Z2', 'low', 'push', 'Z2', 'Z2', 'uphill')": {
    "slow down": 13.600227350827385,
    "keep going": 36.3377928337148,
    "accelerate": 19.911025240363625
  },
  "('Z2', 'Z3', 'low', 'push', 'Z2', 'Z2', 'flat')": {
    "slow down": 36.653881069064276,
    "keep going": 32.2340128288586,
    "accelerate": 18.059415017548254
  },
  "('Z2', 'Z2', 'low', 'push', 'Z2', 'Z2', 'flat')": {
    "slow down": 40.29073135659258,
    "keep going": 35.90426255691584,
    "accelerate": 33.7117127672136
  },
  "('Z2', 'Z1', 'low', 'push', 'Z2', 'Z2', 'flat')": {
    "slow down": 33.79796296367571,
    "keep going": 33.060678366050844,
    "accelerate": 39.906573895000164
  },
  "('Z2', 'Z2', 'low', 'push', 'Z2', 'Z2', 'uphill')": {
    "slow down": 38.35234256471632,
    "keep going": 33.45457333576197,
    "accelerate": 32.52350743703634
  },
  "('Z1', 'Z2', 'low', 'push', 'Z2', 'Z2', 'flat')": {
    "slow down": 26.99850593688231,
    "keep going": 37.545468098929064,
    "accelerate": 23.613316790049993
  },
  "('Z2', 'Z3', 'low', 'push', 'Z2', 'Z2', 'downhill')": {
    "slow down": 34.83567505741386,
    "keep going": 21.248101110930666,
    "accelerate": 19.58585078583041
  },
  "('Z2', 'Z3', 'low', 'push', 'Z2', 'Z2', 'uphill')": {
    "slow down": 19.522822062399925,
    "keep going": 34.796879560755656,
    "accelerate": 17.337738550486304
  },
  "('Z1', 'Z2', 'low', 'push', 'Z2', 'Z2', 'downhill')": {
    "slow down": 34.83770749307153,
    "keep going": 13.355542253656552,
    "accelerate": 10.928803436260287
  },
  "('Z1', 'Z1', 'low', 'cooldown', 'Z1', 'Z1', 'downhill')": {
    "slow down": 48.02092160003017,
    "keep going": 47.84981759957266,
    "accelerate": 47.77630183697595
  },
  "('Z1', 'Z1', 'low', 'cooldown', 'Z1', 'Z1', 'flat')": {
    "slow down": 47.82783318655787,
    "keep going": 48.05524406570714,
    "accelerate": 47.73441311597602
  },
  "('Z1', 'Z1', 'low', 'cooldown', 'Z1', 'Z1', 'uphill')": {
    "slow down": 47.817449584217734,
    "keep going": 48.04860880267382,
    "accelerate": 47.79979246956812
  },
  "('Z1', 'Z2', 'low', 'cooldown', 'Z1', 'Z1', 'flat')": {
    "slow down": 49.4379053136058,
    "keep going": 47.86836578039928,
    "accelerate": 39.237960731172855
  },
  "('Z1', 'Z2', 'low', 'cooldown', 'Z1', 'Z1', 'uphill')": {
    "slow down": 39.17110955362013,
    "keep going": 47.930910754844845,
    "accelerate": 20.3172292720456
  },
  "('Z2', 'Z3', 'low', 'cooldown', 'Z1', 'Z1', 'flat')": {
    "slow down": 44.25275683559639,
    "keep going": 15.101729212828888,
    "accelerate": 4.732412254550397
  },
  "('Z2', 'Z2', 'low', 'cooldown', 'Z1', 'Z1', 'uphill')": {
    "slow down": 5.0333844429490595,
    "keep going": 40.77680670668046,
    "accelerate": 7.070546329352609
  },
  "('Z2', 'Z1', 'low', 'cooldown', 'Z1', 'Z1', 'flat')": {
    "slow down": 47.99509213126661,
    "keep going": 31.029908570896165,
    "accelerate": 35.26071866887964
  },
  "('Z1', 'Z2', 'low', 'cooldown', 'Z1', 'Z1', 'downhill')": {
    "slow down": 49.39865649396426,
    "keep going": 34.184790766602646,
    "accelerate": 34.034781551529875
  },
  "('Z2', 'Z2', 'low', 'cooldown', 'Z1', 'Z1', 'flat')": {
    "slow down": 46.27593822892958,
    "keep going": 29.907209808925376,
    "accelerate": 23.66717269344423
  },
  "('Z2', 'Z1', 'low', 'cooldown', 'Z1', 'Z1', 'downhill')": {
    "slow down": 6.8908228732390295,
    "keep going": 46.13395865218686,
    "accelerate": 4.507248010580727
  },
  "('Z2', 'Z2', 'low', 'push', 'Z2', 'Z2', 'downhill')": {
    "slow down": 30.324584430532795,
    "keep going": 38.99582718702165,
    "accelerate": 33.147191433859504
  },
  "('Z2', 'Z1', 'low', 'push', 'Z2', 'Z2', 'uphill')": {
    "slow down": 27.931407879121238,
    "keep going": 36.88562223994529,
    "accelerate": 21.059235188115437
  },
  "('Z2', 'Z2', 'low', 'cooldown', 'Z1', 'Z1', 'downhill')": {
    "slow down": 48.249875909811905,
    "keep going": 22.85635394883466,
    "accelerate": 8.065210463236209
  },
  "('Z2', 'Z3', 'low', 'cooldown', 'Z1', 'Z1', 'downhill')": {
    "slow down": 42.38220329040642,
    "keep going": 4.294391844684298,
    "accelerate": -0.023633457959628512
  },
  "('Z2', 'Z1', 'low', 'warmup', 'Z1', 'Z1', 'downhill')": {
    "slow down": 46.831849395933084,
    "keep going": 0.0,
    "accelerate": 0.0
  },
  "('Z2', 'Z2', 'low', 'warmup', 'Z1', 'Z1', 'downhill')": {
    "slow down": 49.380929338126435,
    "keep going": 8.350695225298807,
    "accelerate": 3.51163720943618
  },
  "('Z2', 'Z3', 'low', 'warmup', 'Z1', 'Z1', 'uphill')": {
    "slow down": 36.99267133207124,
    "keep going": 0.0,
    "accelerate": 0.0
  },
  "('Z2', 'Z3', 'low', 'warmup', 'Z1', 'Z1', 'downhill')": {
    "slow down": 37.90316237198228,
    "keep going": 2.460583883995748,
    "accelerate": 0.0
  },
  "('Z2', 'Z1', 'low', 'push', 'Z2', 'Z2', 'downhill')": {
    "slow down": 23.45396188548822,
    "keep going": 36.175685130241924,
    "accelerate": 21.770648240917488
  },
  "('Z2', 'Z1', 'low', 'cooldown', 'Z1', 'Z1', 'uphill')": {
    "slow down": 48.0427499761474,
    "keep going": 8.459894058182574,
    "accelerate": 0.0
  },
  "('Z2', 'Z1', 'low', 'warmup', 'Z1', 'Z1', 'uphill')": {
    "slow down": 39.569030659394656,
    "keep going": 0.0,
    "accelerate": 0.0
  },
  "('Z2', 'Z4', 'low', 'push', 'Z2', 'Z2', 'flat')": {
    "slow down": 29.69289712229295,
    "keep going": 14.148098241376047,
    "accelerate": 4.213016262256067
  },
  "('Z3', 'Z4', 'low', 'push', 'Z2', 'Z2', 'flat')": {
    "slow down": 21.417330251023312,
    "keep going": 6.8587258505079856,
    "accelerate": 6.764578097218677
  },
  "('Z3', 'Z3', 'low', 'push', 'Z2', 'Z2', 'flat')": {
    "slow down": 33.61266149621106,
    "keep going": 10.87212972384454,
    "accelerate": 8.714369667811457
  },
  "('Z3', 'Z2', 'low', 'push', 'Z2', 'Z2', 'flat')": {
    "slow down": 8.202679104148503,