{
  "('Z1', 'Z1', 'low', 'warmup', 'Z1', 'Z1', 'flat')": {
    "slow down": 437.21539977889546,
    "keep going": 441.009116442962,
    "accelerate": 432.63081369845156
  },
  "('Z1', 'Z1', 'low', 'warmup', 'Z1', 'Z1', 'downhill')": {
    "slow down": 441.9203267234454,
    "keep going": 450.96728123978124,
    "accelerate": 438.47430559483155
  },
  "('Z1', 'Z2', 'low', 'warmup', 'Z1', 'Z1', 'downhill')": {
    "slow down": 449.1940469847539,
    "keep going": 269.2889756809734,
    "accelerate": 142.46285073719176
  },
  "('Z1', 'Z2', 'low', 'warmup', 'Z1', 'Z1', 'flat')": {
    "slow down": 410.96289998683415,
    "keep going": 440.9772411175109,
    "accelerate": 246.32776557693504
  },
  "('Z1', 'Z1', 'low', 'warmup', 'Z1', 'Z1', 'uphill')": {
    "slow down": 442.8701926773531,
    "keep going": 450.7863099864335,
    "accelerate": 434.5623211950287
  },
  "('Z2', 'Z3', 'low', 'warmup', 'Z1', 'Z1', 'flat')": {
    "slow down": 411.72929312187193,
    "keep going": 40.99415830651413,
    "accelerate": 1.0395876939400392
  },
  "('Z2', 'Z2', 'low', 'warmup', 'Z1', 'Z1', 'flat')": {
    "slow down": 441.98264136068144,
    "keep going": 314.0773827907,
    "accelerate": 185.38307866141633
  },
  "('Z2', 'Z1', 'low', 'warmup', 'Z1', 'Z1', 'flat')": {
    "slow down": 435.06290381228985,
    "keep going": 191.818400214692,
    "accelerate": 51.923609109143754
  },
  "('Z2', 'Z4', 'low', 'warmup', 'Z1', 'Z1', 'flat')": {
    "slow down": 37.305613672025956,
    "keep going": 0.0,
    "accelerate": 0.0
  },
  "('Z3', 'Z4', 'low', 'warmup', 'Z1', 'Z1', 'flat')": {
    "slow down": -0.06426982367856661,
    "keep going": 0.0,
    "accelerate": -0.18843024134128275
  },
  "('Z3', 'Z5', 'low', 'warmup', 'Z1', 'Z1', 'downhill')": {
    "slow down": -0.11052607680027286,
    "keep going": 0.0,
    "accelerate": 0.0
  },
  "('Z3', 'Z3', 'low', 'warmup', 'Z1', 'Z1', 'flat')": {
    "slow down": -0.010712314641887788,
    "keep going": 0.0,
    "accelerate": 0.0
  },
  "('Z3', 'Z2', 'low', 'warmup', 'Z1', 'Z1', 'flat')": {
    "slow down": -0.008079297672835642,
    "keep going": 0.0,
    "accelerate": 0.0
  },
  "('Z3', 'Z1', 'low', 'warmup', 'Z1', 'Z1', 'flat')": {
    "slow down": 0.26268703738388377,
    "keep going": 0.0,
    "accelerate": 0.0
  },
  "('Z1', 'Z2', 'low', 'warmup', 'Z1', 'Z1', 'uphill')": {
    "slow down": 450.52200593059774,
    "keep going": 127.96532235765656,
    "accelerate": 33.5953644220104
  },
  "('Z1', 'Z1', 'low', 'push', 'Z2', 'Z2', 'flat')": {
    "slow down": 310.7920285805256,
    "keep going": 314.24413739409897,
    "accelerate": 324.7170650020812
  },
  "('Z1', 'Z2', 'low', 'push', 'Z2', 'Z2', 'flat')": {
    "slow down": 171.84752662087763,
    "keep going": 328.55615260445944,
    "accelerate": 170.06775548115206
  },
  "('Z2', 'Z2', 'low', 'push', 'Z2', 'Z2', 'downhill')": {
    "slow down": 207.8355739420271,
    "keep going": 329.5909729766751,
    "accelerate": 177.58199486157707
  },
  "('Z2', 'Z2', 'low', 'push', 'Z2', 'Z2', 'flat')": {
    "slow down": 353.8622249703795,
    "keep going": 318.3614493278238,
    "accelerate": 230.48707542040168
  },
  "('Z1', 'Z1', 'low', 'push', 'Z2', 'Z2', 'uphill')": {
    "slow down": 207.55463040712095,
    "keep going": 191.69502877222243,
    "accelerate": 330.47225256124455
  },
  "('Z1', 'Z1', 'low', 'push', 'Z2', 'Z2', 'downhill')": {
    "slow down": 181.6899667446181,
    "keep going": 184.0999153999297,
    "accelerate": 330.7210184517531
  },
  "('Z2', 'Z3', 'low', 'push', 'Z2', 'Z2', 'flat')": {
    "slow down": 155.96840025156985,
    "keep going": 260.2341446578663,
    "accelerate": 148.75739608998353
  },
  "('Z2', 'Z1', 'low', 'push', 'Z2', 'Z2', 'flat')": {
    "slow down": 202.20096174485457,
    "keep going": 335.70900200398853,
    "accelerate": 202.4044510853694
  },
  "('Z2', 'Z2', 'low', 'push', 'Z2', 'Z2', 'uphill')": {
    "slow down": 189.51198705578977,
    "keep going": 329.21666898194246,
    "accelerate": 180.64027249419803
  },
  "('Z1', 'Z2', 'low', 'push', 'Z2', 'Z2', 'downhill')": {
    "slow down": 232.3937752671077,
    "keep going": 208.44473726403353,
    "accelerate": 214.94542634379968
  },
  "('Z1', 'Z2', 'low', 'push', 'Z2', 'Z2', 'uphill')": {
    "slow down": 215.69992083686594,
    "keep going": 208.012603191667,
    "accelerate": 198.0301671457153
  },
  "('Z2', 'Z3', 'low', 'push', 'Z2', 'Z2', 'uphill')": {
    "slow down": 264.7237552638934,
    "keep going": 140.73591723816446,
    "accelerate": 87.30355158796644
  },
  "('Z2', 'Z1', 'low', 'push', 'Z2', 'Z2', 'downhill')": {
    "slow down": 200.04101963822262,
    "keep going": 199.94934927520634,
    "accelerate": 309.9019476490929
  },
  "('Z3', 'Z4', 'low', 'push', 'Z2', 'Z2', 'flat')": {
    "slow down": 149.76692531836954,
    "keep going": 131.65127145303228,
    "accelerate": 98.75840337983225
  },
  "('Z3', 'Z4', 'low', 'push', 'Z2', 'Z2', 'uphill')": {
    "slow down": 233.29468516796615,
    "keep going": 0.0,
    "accelerate": 6.547040359517905
  },
  "('Z3', 'Z3', 'low', 'push', 'Z2', 'Z2', 'flat')": {
    "slow down": 309.00084026305706,
    "keep going": 144.0760194033638,
    "accelerate": 125.25452309820263
  },
  "('Z3', 'Z2', 'low', 'push', 'Z2', 'Z2', 'flat')": {
    "slow down": 146.60661892964643,
    "keep going": 164.31621528257057,
    "accelerate": 126.87820216236598
  },
  "('Z2', 'Z1', 'low', 'push', 'Z2', 'Z2', 'uphill')": {
    "slow down": 196.5051556941138,
    "keep going": 212.1326738333663,
    "accelerate": 319.38832095145756
  },
  "('Z2', 'Z3', 'low', 'push', 'Z2', 'Z2', 'downhill')": {
    "slow down": 235.94564630777293,
    "keep going": 141.41502212566894,
    "accelerate": 93.95313630086305
  },
  "('Z2', 'Z4', 'low', 'push', 'Z2', 'Z2', 'flat')": {
    "slow down": 152.04832485175461,
    "keep going": 139.64002466743514,
    "accelerate": 114.39625162404158
  },
  "('Z2', 'Z4', 'low', 'push', 'Z2', 'Z2', 'uphill')": {
    "slow down": 234.3776858398949,
    "keep going": 0.0,
    "accelerate": 19.09401332627341
  },
  "('Z3', 'Z2', 'low', 'push', 'Z2', 'Z2', 'downhill')": {
    "slow down": 32.674267630576516,
    "keep going": 21.17438842058399,
    "accelerate": 219.47200610885199
  },
  "('Z3', 'Z1', 'low', 'push', 'Z2', 'Z2', 'flat')": {
    "slow down": 119.38613147365604,
    "keep going": 12.220678990835939,
    "accelerate": 7.549396664680928
  },
  "('Z3', 'Z3', 'low', 'push', 'Z2', 'Z2', 'uphill')": {
    "slow down": 187.62114565487767,
    "keep going": 60.96683210189549,
    "accelerate": 95.22094364889834
  },
  "('Z2', 'Z4', 'low', 'push', 'Z2', 'Z2', 'downhill')": {
    "slow down": 246.5971834828103,
    "keep going": 0.0844805539955805,
    "accelerate": 0.0
  },
  "('Z3', 'Z5', 'low', 'push', 'Z2', 'Z2', 'uphill')": {
    "slow down": 11.08638047248311,
    "keep going": 0.0,
    "accelerate": 0.0
  },
  "('Z3', 'Z3', 'low', 'push', 'Z2', 'Z2', 'downhill')": {
    "slow down": 181.42130160985243,
    "keep going": 80.63918830384956,
    "accelerate": 44.62621417081933
  },
  "('Z1', 'Z1', 'low', 'push', 'Z3', 'Z3', 'flat')": {
    "slow down": -76.86033426337306,
    "keep going": -78.64036072258229,
    "accelerate": -19.96759626093097
  },
  "('Z1', 'Z2', 'low', 'push', 'Z3', 'Z3', 'flat')": {
    "slow down": -53.55512234711982,
    "keep going": -162.48103718596212,
    "accelerate": -162.0850972431721
  },
  "('Z2', 'Z3', 'low', 'push', 'Z3', 'Z3', 'flat')": {
    "slow down": -72.99920709513172,
    "keep going": -191.31911969865328,
    "accelerate": -191.95690227434798
  },
  "('Z2', 'Z2', 'low', 'push', 'Z3', 'Z3', 'flat')": {
    "slow down": -22.43675309359971,
    "keep going": -66.85027658959105,
    "accelerate": -118.39918116926846
  },
  "('Z2', 'Z1', 'low', 'push', 'Z3', 'Z3', 'flat')": {
    "slow down": -195.1118473011843,
    "keep going": -46.6875167947469,
    "accelerate": -195.12143788442765
  },
  "('Z2', 'Z4', 'low', 'push', 'Z3', 'Z3', 'flat')": {
    "slow down": -179.19657812949342,