{
  "('Z1', 'Z1', 'low', 'warmup', 'Z1', 'Z1', 'flat')": {
    "slow down": 25.025094018415018,
    "keep going": 23.723146963157074,
    "accelerate": 23.941961307367595
  },
  "('Z1', 'Z1', 'low', 'warmup', 'Z1', 'Z1', 'downhill')": {
    "slow down": 24.887165196358335,
    "keep going": 25.880552483671142,
    "accelerate": 24.33023163185313
  },
  "('Z1', 'Z1', 'low', 'warmup', 'Z1', 'Z1', 'uphill')": {
    "slow down": 24.790467275979697,
    "keep going": 25.866741407247705,
    "accelerate": 24.315819993706423
  },
  "('Z1', 'Z2', 'low', 'warmup', 'Z1', 'Z1', 'flat')": {
    "slow down": 25.245380622866207,
    "keep going": 14.184457249631077,
    "accelerate": 0.3973142409913776
  },
  "('Z1', 'Z2', 'low', 'warmup', 'Z1', 'Z1', 'downhill')": {
    "slow down": 25.012528441045628,
    "keep going": 4.260533467151364,
    "accelerate": 0.015518586270196578
  },
  "('Z2', 'Z3', 'low', 'warmup', 'Z1', 'Z1', 'downhill')": {
    "slow down": 1.0615530782963578,
    "keep going": 0.0,
    "accelerate": 0.0
  },
  "('Z2', 'Z2', 'low', 'warmup', 'Z1', 'Z1', 'downhill')": {
    "slow down": 1.5290770976158758,
    "keep going": 0.0,
    "accelerate": 0.0
  },
  "('Z2', 'Z1', 'low', 'warmup', 'Z1', 'Z1', 'flat')": {
    "slow down": 11.907184257666886,
    "keep going": 1.2251324071340912,
    "accelerate": 0.0
  },
  "('Z1', 'Z2', 'low', 'warmup', 'Z1', 'Z1', 'uphill')": {
    "slow down": 24.975862399079066,
    "keep going": 3.2972057218089437,
    "accelerate": 0.12813485510212763
  },
  "('Z1', 'Z1', 'low', 'push', 'Z2', 'Z2', 'flat')": {
    "slow down": 5.832845835898503,
    "keep going": -12.134370887471368,
    "accelerate": -17.320976464811423
  },
  "('Z1', 'Z1', 'low', 'push', 'Z2', 'Z2', 'downhill')": {
    "slow down": 5.381275718314091,
    "keep going": -6.464078252819325,
    "accelerate": -7.436980812468146
  },
  "('Z1', 'Z1', 'low', 'push', 'Z2', 'Z2', 'uphill')": {
    "slow down": 5.387863384582559,
    "keep going": -4.432043114930978,
    "accelerate": -4.408119882376317
  },
  "('Z1', 'Z2', 'low', 'push', 'Z2', 'Z2', 'flat')": {
    "slow down": -10.49852672118372,
    "keep going": -16.738886433764545,
    "accelerate": -16.65671129658921
  },
  "('Z2', 'Z3', 'low', 'push', 'Z2', 'Z2', 'flat')": {
    "slow down": -22.46240558344596,
    "keep going": -25.89511653561517,
    "accelerate": -29.229074638756718
  },
  "('Z2', 'Z2', 'low', 'push', 'Z2', 'Z2', 'uphill')": {
    "slow down": -12.316731613367885,
    "keep going": -12.350976455141152,
    "accelerate": -12.660626067936139
  },
  "('Z2', 'Z1', 'low', 'push', 'Z2', 'Z2', 'flat')": {
    "slow down": -22.64800419354879,
    "keep going": -22.57169982816641,
    "accelerate": -20.115856629491432
  },
  "('Z2', 'Z2', 'low', 'push', 'Z2', 'Z2', 'downhill')": {
    "slow down": -11.170910704090176,
    "keep going": -11.282085869614065,
    "accelerate": -11.491965164639492
  },
  "('Z2', 'Z2', 'low', 'push', 'Z2', 'Z2', 'flat')": {
    "slow down": -21.17110902667912,
    "keep going": -24.31628915954329,
    "accelerate": -23.87993704711446
  },
  "('Z1', 'Z2', 'low', 'push', 'Z2', 'Z2', 'downhill')": {
    "slow down": 2.2873853756887863,
    "keep going": 7.662024076309771,
    "accelerate": -0.46614550514900116
  },
  "('Z2', 'Z3', 'low', 'push', 'Z2', 'Z2', 'uphill')": {
    "slow down": -15.807618700293492,
    "keep going": -5.587445397093743,
    "accelerate": -19.00505603261987
  },
  "('Z2', 'Z1', 'low', 'push', 'Z2', 'Z2', 'downhill')": {
    "slow down": -10.427277795333696,
    "keep going": -10.920243444961278,
    "accelerate": 1.3569776775258346
  },
  "('Z2', 'Z1', 'low', 'push', 'Z2', 'Z2', 'uphill')": {
    "slow down": 6.7895584588175435,
    "keep going": -6.997238477436406,
    "accelerate": -7.765883242818601
  },
  "('Z1', 'Z2', 'low', 'push', 'Z2', 'Z2', 'uphill')": {
    "slow down": -2.61597778573167,
    "keep going": 10.983699792665547,
    "accelerate": -1.7580845265719733
  },
  "('Z2', 'Z3', 'low', 'push', 'Z2', 'Z2', 'downhill')": {
    "slow down": -4.473938174015736,
    "keep going": -18.093472687616575,
    "accelerate": -18.27957877800684
  },
  "('Z2', 'Z4', 'low', 'push', 'Z2', 'Z2', 'flat')": {
    "slow down": -20.95708533388268,
    "keep going": -27.85057485498178,
    "accelerate": -32.14160819811628
  },
  "('Z2', 'Z2', 'low', 'push', 'Z3', 'Z3', 'flat')": {
    "slow down": -23.616563712544934,
    "keep going": -23.33205532259894,
    "accelerate": -4.491989747208652
  },
  "('Z1', 'Z1', 'low', 'push', 'Z3', 'Z3', 'flat')": {
    "slow down": -18.14052736548374,
    "keep going": -18.005220998308445,
    "accelerate": -15.608781456283813
  },
  "('Z1', 'Z2', 'low', 'push', 'Z3', 'Z3', 'flat')": {
    "slow down": -28.30947689313446,
    "keep going": -30.030274855154293,
    "accelerate": -19.516697407745376
  },
  "('Z2', 'Z3', 'low', 'push', 'Z3', 'Z3', 'flat')": {
    "slow down": -14.049224522355887,
    "keep going": -34.84423308517656,
    "accelerate": -39.17823986216587
  },
  "('Z2', 'Z1', 'low', 'push', 'Z3', 'Z3', 'flat')": {
    "slow down": -23.41095083188576,
    "keep going": -34.350382017955006,
    "accelerate": -34.38754418065937
  },
  "('Z3', 'Z3', 'low', 'push', 'Z3', 'Z3', 'flat')": {
    "slow down": -3.9881716349402954,
    "keep going": -29.534553615340116,
    "accelerate": -36.19144436479678
  },
  "('Z3', 'Z2', 'low', 'push', 'Z3', 'Z3', 'flat')": {
    "slow down": -42.87999457879998,
    "keep going": -25.37023643510401,
    "accelerate": -45.13888205481181
  },
  "('Z3', 'Z4', 'low', 'push', 'Z3', 'Z3', 'flat')": {
    "slow down": -26.96025801992845,
    "keep going": -44.331300322852954,
    "accelerate": -45.97572195367385
  },
  "('Z2', 'Z2', 'low', 'cooldown', 'Z1', 'Z1', 'flat')": {
    "slow down": 0.0,
    "keep going": 0.0,
    "accelerate": 0.0
  },
  "('Z3', 'Z3', 'low', 'push', 'Z2', 'Z2', 'flat')": {
    "slow down": -22.648898867459984,
    "keep going": -23.226902316244356,
    "accelerate": -30.382850617789018
  },
  "('Z3', 'Z4', 'low', 'push', 'Z2', 'Z2', 'flat')": {
    "slow down": -21.73983056238074,
    "keep going": -37.45112912123154,
    "accelerate": -37.66873149668474
  },
  "('Z3', 'Z2', 'low', 'push', 'Z2', 'Z2', 'flat')": {
    "slow down": -10.053323023549975,
    "keep going": -36.30265619204279,
    "accelerate": -34.970156004888274
  },
  "('Z3', 'Z5', 'low', 'push', 'Z2', 'Z2', 'flat')": {
    "slow down": -32.765972302575626,
    "keep going": -35.40164650550594,
    "accelerate": -35.53508345162185
  },
  "('Z4', 'Z5', 'low', 'push', 'Z2', 'Z2', 'flat')": {
    "slow down": -36.37381154803046,
    "keep going": -36.350819283386166,
    "accelerate": -36.58474665337649
  },
  "('Z4', 'Z4', 'low', 'push', 'Z2', 'Z2', 'flat')": {
    "slow down": -32.69648486026172,
    "keep going": -33.98159968061561,
    "accelerate": -33.57418354067736
  },
  "('Z4', 'Z3', 'low', 'push', 'Z2', 'Z2', 'flat')": {
    "slow down": -27.600855736044906,
    "keep going": -30.23434739567539,
    "accelerate": -31.53894320110065
  },
  "('Z3', 'Z1', 'low', 'push', 'Z2', 'Z2', 'flat')": {
    "slow down": -31.31829991812551,
    "keep going": -30.58437138771343,
    "accelerate": -24.676379097793156
  },
  "('Z5', 'Z5', 'low', 'push', 'Z2', 'Z2', 'flat')": {
    "slow down": -29.222584807220787,
    "keep going": -29.643636712266126,
    "accelerate": -29.953921723247248
  },
  "('Z4', 'Z2', 'low', 'push', 'Z2', 'Z2', 'flat')": {
    "slow down": -18.17019195722927,
    "keep going": -18.618241951384434,
    "accelerate": -18.685774688876442
  },
  "('Z5', 'Z4', 'low', 'push', 'Z2', 'Z2', 'flat')": {
    "slow down": -19.39730771261705,
    "keep going": -20.271495485502154,
    "accelerate": -19.419139128109403
  },
  "('Z4', 'Z5', 'low', 'push', 'Z3', 'Z3', 'flat')": {
    "slow down": -47.02995699638497,
    "keep going": -44.37943154465322,
    "accelerate": -47.068856167150074
  },
  "('Z4', 'Z4', 'low', 'push', 'Z3', 'Z3', 'flat')": {
    "slow down": -37.00689306912252,