{
  "('Z1', 'Z1', 'low', 'warmup', 'Z1', 'Z1', 'flat')": {
    "slow down": 461.1329566603305,
    "keep going": 464.9385474677814,
    "accelerate": 462.0548649933208
  },
  "('Z1', 'Z2', 'low', 'warmup', 'Z1', 'Z1', 'downhill')": {
    "slow down": 466.68417804934734,
    "keep going": 70.43680164470902,
    "accelerate": 13.889870972773362
  },
  "('Z1', 'Z1', 'low', 'warmup', 'Z1', 'Z1', 'downhill')": {
    "slow down": 465.1826339662003,
    "keep going": 468.14250818755346,
    "accelerate": 464.15385700464066
  },
  "('Z1', 'Z2', 'low', 'warmup', 'Z1', 'Z1', 'flat')": {
    "slow down": 469.4519427583791,
    "keep going": 335.44479595135186,
    "accelerate": 54.9623874862778
  },
  "('Z1', 'Z1', 'low', 'warmup', 'Z1', 'Z1', 'uphill')": {
    "slow down": 464.3664019959036,
    "keep going": 468.23114284105975,
    "accelerate": 461.4056024975308
  },
  "('Z1', 'Z2', 'low', 'warmup', 'Z1', 'Z1', 'uphill')": {
    "slow down": 459.800126220634,
    "keep going": 98.23993868976316,
    "accelerate": 5.947330946701911
  },
  "('Z2', 'Z3', 'low', 'warmup', 'Z1', 'Z1', 'flat')": {
    "slow down": 127.60457704525056,
    "keep going": 0.2403836060867546,
    "accelerate": -0.13420440912400333
  },
  "('Z2', 'Z2', 'low', 'warmup', 'Z1', 'Z1', 'flat')": {
    "slow down": 343.0271240322339,
    "keep going": 15.010062388320653,
    "accelerate": 4.905092041087026
  },
  "('Z2', 'Z1', 'low', 'warmup', 'Z1', 'Z1', 'flat')": {
    "slow down": 79.22483433308159,
    "keep going": 340.0908683953014,
    "accelerate": 2.165472439735616
  },
  "('Z2', 'Z2', 'low', 'warmup', 'Z1', 'Z1', 'uphill')": {
    "slow down": 0.0,
    "keep going": 174.2058880110528,
    "accelerate": 0.0
  },
  "('Z1', 'Z1', 'low', 'push', 'Z2', 'Z2', 'flat')": {
    "slow down": 337.189918222281,
    "keep going": 337.04937362444025,
    "accelerate": 341.61314641985393
  },
  "('Z1', 'Z1', 'low', 'push', 'Z2', 'Z2', 'downhill')": {
    "slow down": 275.28540590142586,
    "keep going": 338.2697701203236,
    "accelerate": 269.4906758315906
  },
  "('Z1', 'Z1', 'low', 'push', 'Z2', 'Z2', 'uphill')": {
    "slow down": 338.41846703982554,
    "keep going": 272.2051940033301,
    "accelerate": 271.4421222960092
  },
  "('Z1', 'Z2', 'low', 'push', 'Z2', 'Z2', 'downhill')": {
    "slow down": 337.10216785439405,
    "keep going": 227.2195302582106,
    "accelerate": 213.2156091249057
  },
  "('Z1', 'Z2', 'low', 'push', 'Z2', 'Z2', 'flat')": {
    "slow down": 339.72087073998813,
    "keep going": 285.88208608225614,
    "accelerate": 276.63586560372175
  },
  "('Z2', 'Z3', 'low', 'push', 'Z2', 'Z2', 'flat')": {
    "slow down": 336.7654872953515,
    "keep going": 228.56150280858418,
    "accelerate": 228.433371631052
  },
  "('Z2', 'Z2', 'low', 'push', 'Z2', 'Z2', 'downhill')": {
    "slow down": 262.2952278873675,
    "keep going": 338.816384345047,
    "accelerate": 256.3613363109128
  },
  "('Z2', 'Z1', 'low', 'push', 'Z2', 'Z2', 'flat')": {
    "slow down": 340.019000322119,
    "keep going": 242.52729389490372,
    "accelerate": 237.73699238943615
  },
  "('Z2', 'Z2', 'low', 'push', 'Z2', 'Z2', 'flat')": {
    "slow down": 354.6487335562815,
    "keep going": 338.5276146622881,
    "accelerate": 325.28225721720236
  },
  "('Z2', 'Z1', 'low', 'push', 'Z2', 'Z2', 'downhill')": {
    "slow down": 326.2114696979908,
    "keep going": 250.01438979108096,
    "accelerate": 243.158276479597
  },
  "('Z2', 'Z1', 'low', 'push', 'Z2', 'Z2', 'uphill')": {
    "slow down": 266.7763578612994,
    "keep going": 255.8440039644116,
    "accelerate": 306.070111354563
  },
  "('Z2', 'Z2', 'low', 'push', 'Z2', 'Z2', 'uphill')": {
    "slow down": 338.11564075977236,
    "keep going": 274.6260592834114,
    "accelerate": 261.16921465585847
  },
  "('Z1', 'Z2', 'low', 'push', 'Z2', 'Z2', 'uphill')": {
    "slow down": 336.8246806702348,
    "keep going": 239.02659381857416,
    "accelerate": 234.00392880834625
  },
  "('Z2', 'Z3', 'low', 'push', 'Z2', 'Z2', 'uphill')": {
    "slow down": 276.34559769470604,
    "keep going": 156.55762502730445,
    "accelerate": 77.25931336599399
  },
  "('Z2', 'Z4', 'low', 'push', 'Z2', 'Z2', 'flat')": {
    "slow down": 254.58550413838785,
    "keep going": 68.06269509001471,
    "accelerate": 13.972703272003718
  },
  "('Z3', 'Z3', 'low', 'push', 'Z2', 'Z2', 'flat')": {
    "slow down": 228.16449294270208,
    "keep going": 222.78865965677923,
    "accelerate": 193.351512656588
  },
  "('Z2', 'Z3', 'low', 'push', 'Z2', 'Z2', 'downhill')": {
    "slow down": 286.84217977034825,
    "keep going": 139.02016206296807,
    "accelerate": 104.95952922861942
  },
  "('Z3', 'Z4', 'low', 'push', 'Z2', 'Z2', 'flat')": {
    "slow down": 248.50519524013652,
    "keep going": 73.98455717802634,
    "accelerate": 15.07353476847827
  },
  "('Z3', 'Z2', 'low', 'push', 'Z2', 'Z2', 'flat')": {
    "slow down": 254.13112697515564,
    "keep going": 78.29501313814596,
    "accelerate": 102.01447610652752
  },
  "('Z3', 'Z5', 'low', 'push', 'Z2', 'Z2', 'flat')": {
    "slow down": 99.61343873021448,
    "keep going": -0.023079337427631935,
    "accelerate": -0.2194190204144678
  },
  "('Z4', 'Z5', 'low', 'push', 'Z2', 'Z2', 'uphill')": {
    "slow down": -0.032110100132367494,
    "keep going": 0.0,
    "accelerate": 0.0
  },
  "('Z4', 'Z4', 'low', 'push', 'Z2', 'Z2', 'flat')": {
    "slow down": -0.7595365593987015,
    "keep going": -1.108572322089691,
    "accelerate": -1.0345408449040019
  },
  "('Z4', 'Z5', 'low', 'push', 'Z2', 'Z2', 'flat')": {
    "slow down": -1.2177484680305037,
    "keep going": -1.3464394443377985,
    "accelerate": -1.3792262811129774
  },
  "('Z4', 'Z3', 'low', 'push', 'Z2', 'Z2', 'uphill')": {
    "slow down": 0.11673121051660712,
    "keep going": 0.0,
    "accelerate": -0.39914438568220034
  },
  "('Z3', 'Z1', 'low', 'push', 'Z2', 'Z2', 'flat')": {
    "slow down": 9.630567445335263,
    "keep going": 6.790384087024666,
    "accelerate": 95.93384737678406
  },
  "('Z2', 'Z4', 'low', 'push', 'Z2', 'Z2', 'downhill')": {
    "slow down": 113.08854023336644,
    "keep going": 0.0,
    "accelerate": 0.0
  },
  "('Z1', 'Z1', 'low', 'push', 'Z3', 'Z3', 'flat')": {
    "slow down": -69.51863463566345,
    "keep going": -64.42324108039563,
    "accelerate": 52.150350796240794
  },
  "('Z1', 'Z2', 'low', 'push', 'Z3', 'Z3', 'flat')": {
    "slow down": -120.31995050514512,
    "keep going": -63.20491243828176,
    "accelerate": -105.00614156978605
  },
  "('Z2', 'Z2', 'low', 'push', 'Z3', 'Z3', 'flat')": {
    "slow down": -36.93658917814444,
    "keep going": 19.213022656175763,
    "accelerate": 57.38048508633986
  },
  "('Z2', 'Z1', 'low', 'push', 'Z3', 'Z3', 'flat')": {
    "slow down": -98.8205138626089,
    "keep going": 17.1327810273157,
    "accelerate": -114.65679194461052
  },
  "('Z2', 'Z3', 'low', 'push', 'Z3', 'Z3', 'flat')": {
    "slow down": 67.33759831264341,
    "keep going": -113.10124428159602,
    "accelerate": -177.2386585494561
  },
  "('Z3', 'Z4', 'low', 'push', 'Z3', 'Z3', 'flat')": {
    "slow down": -7.697567877299775,
    "keep going": -203.5755863386662,
    "accelerate": -205.23317744477868
  },
  "('Z3', 'Z3', 'low', 'push', 'Z3', 'Z3', 'flat')": {
    "slow down": 59.23709160985099,
    "keep going": -19.057356057267107,
    "accelerate": -80.57765825415201
  },
  "('Z3', 'Z2', 'low', 'push', 'Z3', 'Z3', 'flat')": {
    "slow down": -31.259020178194966,
    "keep going": -206.4909970604721,
    "accelerate": -187.59548620339706
  },
  "('Z3', 'Z1', 'low', 'push', 'Z3', 'Z3', 'flat')": {
    "slow down": -200.65169059423894,
    "keep going": -94.96734397535225,
    "accelerate": -197.99806080882195
  },
  "('Z3', 'Z5', 'low', 'push', 'Z3', 'Z3', 'flat')": {
    "slow down": -199.44952928157056,
    "keep going": -199.33374992111916,
    "accelerate": -199.31103161895444
  },
  "('Z4', 'Z5', 'low', 'push', 'Z3', 'Z3', 'flat')": {
    "slow down": -206.47640795380102,
    "keep going": -206.46918035893208,