{
  "('Z1', 'Z1', 'low', 'warmup', 'Z1', 'Z1', 'flat')": {
    "slow down": 46.664527905927486,
    "keep going": 47.03851131096197,
    "accelerate": 45.3156373061154
  },
  "('Z1', 'Z1', 'low', 'warmup', 'Z1', 'Z1', 'downhill')": {
    "slow down": 43.831251711345836,
    "keep going": 44.54603970219699,
    "accelerate": 46.021578923778925
  },
  "('Z1', 'Z2', 'low', 'warmup', 'Z1', 'Z1', 'downhill')": {
    "slow down": 46.37203353856221,
    "keep going": 16.554842350436747,
    "accelerate": 6.979878976493176
  },
  "('Z1', 'Z2', 'low', 'warmup', 'Z1', 'Z1', 'flat')": {
    "slow down": 46.660460865093924,
    "keep going": 43.508709445880775,
    "accelerate": 28.953796423824354
  },
  "('Z1', 'Z1', 'low', 'warmup', 'Z1', 'Z1', 'uphill')": {
    "slow down": 41.381495330382094,
    "keep going": 42.66458873331315,
    "accelerate": 46.08173641912632
  },
  "('Z2', 'Z3', 'low', 'warmup', 'Z1', 'Z1', 'flat')": {
    "slow down": 38.260701892468425,
    "keep going": 1.800808014938651,
    "accelerate": -0.24848057786287556
  },
  "('Z2', 'Z2', 'low', 'warmup', 'Z1', 'Z1', 'flat')": {
    "slow down": 44.825634713207805,
    "keep going": 7.323390577879774,
    "accelerate": 3.1908303802010267
  },
  "('Z2', 'Z1', 'low', 'warmup', 'Z1', 'Z1', 'flat')": {
    "slow down": 44.43101329476955,
    "keep going": 9.62619801663642,
    "accelerate": 3.8252219435169517
  },
  "('Z2', 'Z2', 'low', 'warmup', 'Z1', 'Z1', 'downhill')": {
    "slow down": 46.30849066209721,
    "keep going": 1.8447420431182802,
    "accelerate": 0.5836129458748245
  },
  "('Z2', 'Z3', 'low', 'warmup', 'Z1', 'Z1', 'uphill')": {
    "slow down": 13.014389956464408,
    "keep going": 0.36542870267053396,
    "accelerate": 0.0
  },
  "('Z2', 'Z3', 'low', 'warmup', 'Z1', 'Z1', 'downhill')": {
    "slow down": 1.121099221801334,
    "keep going": 12.866399882819529,
    "accelerate": -0.035467204491707045
  },
  "('Z2', 'Z1', 'low', 'warmup', 'Z1', 'Z1', 'downhill')": {
    "slow down": 2.0402970899135155,
    "keep going": 31.114192666471702,
    "accelerate": 0.7091998209841885
  },
  "('Z1', 'Z2', 'low', 'warmup', 'Z1', 'Z1', 'uphill')": {
    "slow down": 41.658396677714556,
    "keep going": 2.5151073816732676,
    "accelerate": 1.4146016130668166
  },
  "('Z1', 'Z1', 'low', 'push', 'Z2', 'Z2', 'flat')": {
    "slow down": 33.682657040482994,
    "keep going": 33.68656154790548,
    "accelerate": 34.09228215021727
  },
  "('Z1', 'Z1', 'low', 'push', 'Z2', 'Z2', 'downhill')": {
    "slow down": 33.2810408477433,
    "keep going": 25.97832414454158,
    "accelerate": 28.0579877972256
  },
  "('Z1', 'Z1', 'low', 'push', 'Z2', 'Z2', 'uphill')": {
    "slow down": 33.55643372284564,
    "keep going": 26.73637545061548,
    "accelerate": 28.487693240565704
  },
  "('Z1', 'Z2', 'low', 'push', 'Z2', 'Z2', 'flat')": {
    "slow down": 33.130900130002196,
    "keep going": 32.465313857844265,
    "accelerate": 27.349021489902672
  },
  "('Z1', 'Z2', 'low', 'push', 'Z2', 'Z2', 'uphill')": {
    "slow down": 5.744136483820145,
    "keep going": 36.243033868695576,
    "accelerate": 5.560944774997873
  },
  "('Z2', 'Z3', 'low', 'push', 'Z2', 'Z2', 'flat')": {
    "slow down": 34.82363884239365,
    "keep going": 4.8618259371299555,
    "accelerate": 0.0999882244836682
  },
  "('Z2', 'Z2', 'low', 'push', 'Z2', 'Z2', 'flat')": {
    "slow down": 32.31462417020267,
    "keep going": 32.41570593432746,
    "accelerate": 32.26605904778839
  },
  "('Z2', 'Z1', 'low', 'push', 'Z2', 'Z2', 'flat')": {
    "slow down": 28.222082029261653,
    "keep going": 32.24528278919889,
    "accelerate": 30.539716740589018
  },
  "('Z1', 'Z2', 'low', 'push', 'Z2', 'Z2', 'downhill')": {
    "slow down": 5.9406303134158325,
    "keep going": 34.51915930770401,
    "accelerate": 4.384652119166104
  },
  "('Z2', 'Z1', 'low', 'push', 'Z2', 'Z2', 'downhill')": {
    "slow down": 33.29706613849387,
    "keep going": 3.7011839548451917,
    "accelerate": 3.6049329808448736
  },
  "('Z2', 'Z2', 'low', 'push', 'Z2', 'Z2', 'uphill')": {
    "slow down": 32.64631115125895,
    "keep going": 24.70816598667092,
    "accelerate": 23.055315928219933
  },
  "('Z2', 'Z3', 'low', 'push', 'Z2', 'Z2', 'uphill')": {
    "slow down": 26.446822471513027,
    "keep going": 0.3615951598262588,
    "accelerate": 0.01737792020567623
  },
  "('Z1', 'Z1', 'low', 'cooldown', 'Z1', 'Z1', 'downhill')": {
    "slow down": 47.789395410762566,
    "keep going": 46.98533661036558,
    "accelerate": 46.573935031469425
  },
  "('Z1', 'Z1', 'low', 'cooldown', 'Z1', 'Z1', 'flat')": {
    "slow down": 47.74749908260647,
    "keep going": 47.807575268188295,
    "accelerate": 47.4569733996532
  },
  "('Z1', 'Z1', 'low', 'cooldown', 'Z1', 'Z1', 'uphill')": {
    "slow down": 47.74977088531653,
    "keep going": 47.17144401088014,
    "accelerate": 46.604264685732375
  },
  "('Z1', 'Z2', 'low', 'cooldown', 'Z1', 'Z1', 'flat')": {
    "slow down": 49.27508276736587,
    "keep going": 32.40372363548579,
    "accelerate": 2.046845628505126
  },
  "('Z2', 'Z3', 'low', 'cooldown', 'Z1', 'Z1', 'flat')": {
    "slow down": 8.252688441201164,
    "keep going": 0.12190884953132017,
    "accelerate": -0.12032943234690772
  },
  "('Z2', 'Z2', 'low', 'cooldown', 'Z1', 'Z1', 'flat')": {
    "slow down": 21.111310237166638,
    "keep going": 0.4893891320955468,
    "accelerate": 0.014058338075633886
  },
  "('Z2', 'Z1', 'low', 'cooldown', 'Z1', 'Z1', 'uphill')": {
    "slow down": 5.681090761741892,
    "keep going": 0.40887857708038833,
    "accelerate": 0.0
  },
  "('Z1', 'Z2', 'low', 'cooldown', 'Z1', 'Z1', 'downhill')": {
    "slow down": 48.27387193860519,
    "keep going": 5.842512679350612,
    "accelerate": 0.2605508823969466
  },
  "('Z1', 'Z2', 'low', 'cooldown', 'Z1', 'Z1', 'uphill')": {
    "slow down": 48.46664393976968,
    "keep going": 1.071141292840166,
    "accelerate": 0.24645364292647948
  },
  "('Z2', 'Z1', 'low', 'cooldown', 'Z1', 'Z1', 'flat')": {
    "slow down": 45.909809634558094,
    "keep going": 5.6048323678072975,
    "accelerate": 0.6236911700370891
  },
  "('Z2', 'Z2', 'low', 'cooldown', 'Z1', 'Z1', 'uphill')": {
    "slow down": 2.195173433622344,
    "keep going": 0.15076865415711685,
    "accelerate": 0.003545734420189202
  },
  "('Z2', 'Z1', 'low', 'warmup', 'Z1', 'Z1', 'uphill')": {
    "slow down": 18.434493684998642,
    "keep going": 1.0051294416289804,
    "accelerate": 0.2389125437175485
  },
  "('Z2', 'Z2', 'low', 'push', 'Z2', 'Z2', 'downhill')": {
    "slow down": 32.15948768371779,
    "keep going": 23.001543001576064,
    "accelerate": 21.556854378845824
  },
  "('Z2', 'Z3', 'low', 'cooldown', 'Z1', 'Z1', 'uphill')": {
    "slow down": 1.5641349319799445,
    "keep going": 0.011384887789401832,
    "accelerate": 0.0
  },
  "('Z2', 'Z4', 'low', 'cooldown', 'Z1', 'Z1', 'flat')": {
    "slow down": 0.06168029013999666,
    "keep going": 0.0,
    "accelerate": -0.02737651847468725
  },
  "('Z3', 'Z5', 'low', 'cooldown', 'Z1', 'Z1', 'flat')": {
    "slow down": -0.009908791605646745,
    "keep going": 0.0,
    "accelerate": 0.0
  },
  "('Z3', 'Z4', 'low', 'cooldown', 'Z1', 'Z1', 'flat')": {
    "slow down": -0.004526747745087601,
    "keep going": 0.0,
    "accelerate": 0.0
  },
  "('Z3', 'Z3', 'low', 'cooldown', 'Z1', 'Z1', 'flat')": {
    "slow down": 0.01999527793756046,
    "keep going": 0.0,
    "accelerate": 0.0
  },
  "('Z3', 'Z2', 'low', 'cooldown', 'Z1', 'Z1', 'flat')": {
    "slow down": 0.01708713737039241,
    "keep going": 0.0,
    "accelerate": 0.0
  },
  "('Z2', 'Z4', 'low', 'warmup', 'Z1', 'Z1', 'flat')": {
    "slow down": 1.6831343189621792,
    "keep going": -0.009280380070190483,
    "accelerate": -0.046135345266765576
  },
  "('Z2', 'Z2', 'low', 'warmup', 'Z1', 'Z1', 'uphill')": {
    "slow down": 19.1124486369945,
    "keep going": 0.08889383084408113,
    "accelerate": 0.1818620485329321
  },
  "('Z2', 'Z1', 'low', 'cooldown', 'Z1', 'Z1', 'downhill')": {
    "slow down": 1.2109624925984646,