{
  "('Z1', 'Z1', 'low', 'warmup', 'Z1', 'Z1', 'flat')": {
    "slow down": 238.02347968291178,
    "keep going": 238.91876022502717,
    "accelerate": 238.34857967293397
  },
  "('Z1', 'Z2', 'low', 'warmup', 'Z1', 'Z1', 'downhill')": {
    "slow down": 239.7052993937331,
    "keep going": 167.98746089038863,
    "accelerate": 110.11159751131322
  },
  "('Z1', 'Z1', 'low', 'warmup', 'Z1', 'Z1', 'downhill')": {
    "slow down": 239.11310108350574,
    "keep going": 240.98830380035827,
    "accelerate": 238.13350855947144
  },
  "('Z1', 'Z1', 'low', 'warmup', 'Z1', 'Z1', 'uphill')": {
    "slow down": 238.60675369822536,
    "keep going": 240.90771412571777,
    "accelerate": 238.15878279079482
  },
  "('Z1', 'Z2', 'low', 'warmup', 'Z1', 'Z1', 'flat')": {
    "slow down": 239.88277679580264,
    "keep going": 235.2044841539682,
    "accelerate": 179.22000600171086
  },
  "('Z2', 'Z3', 'low', 'warmup', 'Z1', 'Z1', 'flat')": {
    "slow down": 205.30876977212907,
    "keep going": 35.99240697237919,
    "accelerate": 1.9581932276476433
  },
  "('Z2', 'Z2', 'low', 'warmup', 'Z1', 'Z1', 'flat')": {
    "slow down": 226.7766800557093,
    "keep going": 78.67795330849727,
    "accelerate": 43.38850910763552
  },
  "('Z2', 'Z1', 'low', 'warmup', 'Z1', 'Z1', 'flat')": {
    "slow down": 236.8876923194891,
    "keep going": 81.32715357016443,
    "accelerate": 50.19989209851163
  },
  "('Z2', 'Z1', 'low', 'warmup', 'Z1', 'Z1', 'downhill')": {
    "slow down": 184.22316771978578,
    "keep going": 26.35490342167592,
    "accelerate": 15.372907870488149
  },
  "('Z2', 'Z2', 'low', 'warmup', 'Z1', 'Z1', 'downhill')": {
    "slow down": 173.4612753809269,
    "keep going": 18.61856570076712,
    "accelerate": 3.9020380830612313
  },
  "('Z1', 'Z2', 'low', 'warmup', 'Z1', 'Z1', 'uphill')": {
    "slow down": 239.4292133612802,
    "keep going": 113.39860772924747,
    "accelerate": 98.86435389641257
  },
  "('Z2', 'Z3', 'low', 'warmup', 'Z1', 'Z1', 'uphill')": {
    "slow down": 114.62552573926139,
    "keep going": 0.0,
    "accelerate": 0.3233244269086867
  },
  "('Z2', 'Z1', 'low', 'warmup', 'Z1', 'Z1', 'uphill')": {
    "slow down": 171.4179740977674,
    "keep going": 0.0,
    "accelerate": 0.0
  },
  "('Z1', 'Z1', 'low', 'push', 'Z2', 'Z2', 'flat')": {
    "slow down": 156.72902756698446,
    "keep going": 156.993828658528,
    "accelerate": 167.81644654985104
  },
  "('Z1', 'Z1', 'low', 'push', 'Z2', 'Z2', 'downhill')": {
    "slow down": 123.1214625611993,
    "keep going": 124.71025417660135,
    "accelerate": 158.13242458782113
  },
  "('Z1', 'Z2', 'low', 'push', 'Z2', 'Z2', 'flat')": {
    "slow down": 160.09022894037332,
    "keep going": 110.1197567637376,
    "accelerate": 109.58440171384079
  },
  "('Z1', 'Z1', 'low', 'push', 'Z2', 'Z2', 'uphill')": {
    "slow down": 120.01949383648426,
    "keep going": 121.51014791701253,
    "accelerate": 157.9773450240046
  },
  "('Z2', 'Z3', 'low', 'push', 'Z2', 'Z2', 'flat')": {
    "slow down": 158.34901344994623,
    "keep going": 101.75046863014737,
    "accelerate": 99.29555187075835
  },
  "('Z2', 'Z2', 'low', 'push', 'Z2', 'Z2', 'flat')": {
    "slow down": 160.02364434857316,
    "keep going": 156.16602437399334,
    "accelerate": 151.10159053762337
  },
  "('Z2', 'Z1', 'low', 'push', 'Z2', 'Z2', 'flat')": {
    "slow down": 120.295882718772,
    "keep going": 159.71357902519821,
    "accelerate": 120.42503051417312
  },
  "('Z2', 'Z2', 'low', 'push', 'Z2', 'Z2', 'downhill')": {
    "slow down": 131.78515118469286,
    "keep going": 157.49212183045643,
    "accelerate": 126.03434574839298
  },
  "('Z2', 'Z1', 'low', 'push', 'Z2', 'Z2', 'downhill')": {
    "slow down": 129.40518386823535,
    "keep going": 128.68934961123068,
    "accelerate": 146.65932191321104
  },
  "('Z1', 'Z2', 'low', 'push', 'Z2', 'Z2', 'uphill')": {
    "slow down": 127.02599712014397,
    "keep going": 139.58757357280345,
    "accelerate": 120.01280804942901
  },
  "('Z2', 'Z4', 'low', 'push', 'Z2', 'Z2', 'flat')": {
    "slow down": 110.33284046143999,
    "keep going": 78.80253868260691,
    "accelerate": 62.750451952521395
  },
  "('Z1', 'Z2', 'low', 'push', 'Z2', 'Z2', 'downhill')": {
    "slow down": 137.7067526691987,
    "keep going": 132.43979698336244,
    "accelerate": 126.64502309772922
  },
  "('Z2', 'Z1', 'low', 'push', 'Z2', 'Z2', 'uphill')": {
    "slow down": 148.9073912053523,
    "keep going": 133.58209113369597,
    "accelerate": 131.85079482239192
  },
  "('Z2', 'Z2', 'low', 'push', 'Z2', 'Z2', 'uphill')": {
    "slow down": 131.26244797468956,
    "keep going": 157.22300624828733,
    "accelerate": 125.27348722643505
  },
  "('Z2', 'Z3', 'low', 'push', 'Z2', 'Z2', 'downhill')": {
    "slow down": 136.16534455099801,
    "keep going": 107.630361982366,
    "accelerate": 87.40226881393569
  },
  "('Z2', 'Z3', 'low', 'push', 'Z2', 'Z2', 'uphill')": {
    "slow down": 134.63196970242097,
    "keep going": 114.93831454581216,
    "accelerate": 85.05482806896623
  },
  "('Z1', 'Z1', 'low', 'push', 'Z3', 'Z3', 'flat')": {
    "slow down": -47.064517071286545,
    "keep going": -54.96700699610565,
    "accelerate": -59.98998810957484
  },
  "('Z1', 'Z2', 'low', 'push', 'Z3', 'Z3', 'flat')": {
    "slow down": -53.29479533675915,
    "keep going": -98.23506854188228,
    "accelerate": -103.50385787552655
  },
  "('Z2', 'Z2', 'low', 'push', 'Z3', 'Z3', 'flat')": {
    "slow down": -90.2600570824029,
    "keep going": -108.68379587425943,
    "accelerate": -109.0525620458577
  },
  "('Z2', 'Z1', 'low', 'push', 'Z3', 'Z3', 'flat')": {
    "slow down": -109.25807653390687,
    "keep going": -109.64333559041485,
    "accelerate": -100.12510994725163
  },
  "('Z2', 'Z3', 'low', 'push', 'Z3', 'Z3', 'flat')": {
    "slow down": -108.29958456367518,
    "keep going": -104.82514277616708,
    "accelerate": -108.28878776202546
  },
  "('Z3', 'Z3', 'low', 'push', 'Z3', 'Z3', 'flat')": {
    "slow down": -105.05263287233352,
    "keep going": -108.92479317427187,
    "accelerate": -109.3558180852425
  },
  "('Z3', 'Z4', 'low', 'push', 'Z3', 'Z3', 'flat')": {
    "slow down": -107.66654338641305,
    "keep going": -146.1604692527718,
    "accelerate": -177.25566216863916
  },
  "('Z3', 'Z2', 'low', 'push', 'Z3', 'Z3', 'flat')": {
    "slow down": -104.19647766137385,
    "keep going": -134.26146731247863,
    "accelerate": -140.17673365630637
  },
  "('Z4', 'Z5', 'low', 'push', 'Z3', 'Z3', 'flat')": {
    "slow down": -192.69936090743855,
    "keep going": -192.83086885388457,
    "accelerate": -191.59831105877194
  },
  "('Z4', 'Z4', 'low', 'push', 'Z3', 'Z3', 'flat')": {
    "slow down": -124.90285205410572,
    "keep going": -189.22104879351588,
    "accelerate": -190.78414833321693
  },
  "('Z4', 'Z3', 'low', 'push', 'Z3', 'Z3', 'flat')": {
    "slow down": -181.24141372801512,
    "keep going": -188.070021697759,
    "accelerate": -188.2703582901581
  },
  "('Z4', 'Z2', 'low', 'push', 'Z3', 'Z3', 'flat')": {
    "slow down": -160.52292950683866,
    "keep going": -169.91642361185643,
    "accelerate": -169.57601878044096
  },
  "('Z3', 'Z1', 'low', 'push', 'Z3', 'Z3', 'flat')": {
    "slow down": -184.0239599427917,
    "keep going": -107.39734777207433,
    "accelerate": -183.03540878417706
  },
  "('Z5', 'Z5', 'low', 'push', 'Z3', 'Z3', 'flat')": {
    "slow down": -171.30534352675278,
    "keep going": -175.24013751452546,
    "accelerate": -175.27415760181714
  },
  "('Z3', 'Z5', 'low', 'push', 'Z3', 'Z3', 'flat')": {
    "slow down": -130.87241507716706,
    "keep going": -188.42837895808717,
    "accelerate": -188.75928817181688
  },
  "('Z2', 'Z4', 'low', 'push', 'Z3', 'Z3', 'flat')": {
    "slow down": -105.0156663559878,
    "keep going": -164.79202400047512,
    "accelerate": -175.1079971055787
  },
  "('Z5', 'Z4', 'low', 'push', 'Z3', 'Z3', 'flat')": {
    "slow down": -166.1646897484097,
    "keep going": -165.6526352507462,
    "accelerate": -164.97195555273424
  },