{
  "('Z1', 'Z1', 'low', 'warmup', 'Z1', 'Z1', 'flat')": {
    "slow down": 24.994406964120433,
    "keep going": 25.317115278870507,
    "accelerate": 24.21043621727853
  },
  "('Z1', 'Z1', 'low', 'warmup', 'Z1', 'Z1', 'downhill')": {
    "slow down": 24.790996034550655,
    "keep going": 25.96275207917243,
    "accelerate": 23.95394852618546
  },
  "('Z1', 'Z2', 'low', 'warmup', 'Z1', 'Z1', 'flat')": {
    "slow down": 25.253215349080723,
    "keep going": 22.40323415410306,
    "accelerate": 11.184688249031376
  },
  "('Z1', 'Z1', 'low', 'warmup', 'Z1', 'Z1', 'uphill')": {
    "slow down": 24.526706717674674,
    "keep going": 25.979586713525496,
    "accelerate": 23.94375613638576
  },
  "('Z2', 'Z3', 'low', 'warmup', 'Z1', 'Z1', 'flat')": {
    "slow down": 17.119164630980954,
    "keep going": 0.0,
    "accelerate": -0.43246823189067396
  },
  "('Z2', 'Z2', 'low', 'warmup', 'Z1', 'Z1', 'uphill')": {
    "slow down": 11.077552400233289,
    "keep going": 1.3903768797845883,
    "accelerate": 0.0
  },
  "('Z2', 'Z1', 'low', 'warmup', 'Z1', 'Z1', 'flat')": {
    "slow down": 24.692408459929354,
    "keep going": 9.962773724889118,
    "accelerate": 0.6661790378823766
  },
  "('Z1', 'Z2', 'low', 'warmup', 'Z1', 'Z1', 'downhill')": {
    "slow down": 24.869537192788407,
    "keep going": 14.463159372081565,
    "accelerate": 2.7889672228447573
  },
  "('Z2', 'Z3', 'low', 'warmup', 'Z1', 'Z1', 'downhill')": {
    "slow down": 11.242456192937835,
    "keep going": 0.0,
    "accelerate": -0.1064491725075961
  },
  "('Z2', 'Z2', 'low', 'warmup', 'Z1', 'Z1', 'flat')": {
    "slow down": 23.055477054549403,
    "keep going": 4.144439282172448,
    "accelerate": 2.405062869211006
  },
  "('Z2', 'Z2', 'low', 'warmup', 'Z1', 'Z1', 'downhill')": {
    "slow down": 17.03623258388869,
    "keep going": 0.0,
    "accelerate": 0.0
  },
  "('Z2', 'Z4', 'low', 'warmup', 'Z1', 'Z1', 'flat')": {
    "slow down": 1.209779420008228,
    "keep going": 0.0,
    "accelerate": -0.23272617533773668
  },
  "('Z3', 'Z5', 'low', 'warmup', 'Z1', 'Z1', 'flat')": {
    "slow down": -0.1415505342834225,
    "keep going": -0.2676537299036888,
    "accelerate": 0.0
  },
  "('Z3', 'Z4', 'low', 'warmup', 'Z1', 'Z1', 'flat')": {
    "slow down": -0.21472768288655314,
    "keep going": -0.11515097771975427,
    "accelerate": -0.23628784127782376
  },
  "('Z3', 'Z3', 'low', 'warmup', 'Z1', 'Z1', 'flat')": {
    "slow down": -0.014338376285650442,
    "keep going": 0.0,
    "accelerate": 0.0
  },
  "('Z3', 'Z2', 'low', 'warmup', 'Z1', 'Z1', 'flat')": {
    "slow down": 2.507222197822248,
    "keep going": 0.0,
    "accelerate": 0.0
  },
  "('Z1', 'Z2', 'low', 'warmup', 'Z1', 'Z1', 'uphill')": {
    "slow down": 24.792595947143205,
    "keep going": 11.286248001918487,
    "accelerate": 4.808739862810211
  },
  "('Z1', 'Z1', 'low', 'push', 'Z2', 'Z2', 'flat')": {
    "slow down": 16.53495472156733,
    "keep going": 16.650171790324976,
    "accelerate": 20.008227945993376
  },
  "('Z1', 'Z2', 'low', 'push', 'Z2', 'Z2', 'flat')": {
    "slow down": 18.37324246812002,
    "keep going": 12.671540002528042,
    "accelerate": 3.9156141713438024
  },
  "('Z1', 'Z2', 'low', 'push', 'Z2', 'Z2', 'downhill')": {
    "slow down": 6.437227192318224,
    "keep going": 19.020908771516346,
    "accelerate": 6.193028118118268
  },
  "('Z1', 'Z1', 'low', 'push', 'Z2', 'Z2', 'uphill')": {
    "slow down": 8.80828402294868,
    "keep going": 18.404966476611435,
    "accelerate": 9.49449393940215
  },
  "('Z1', 'Z1', 'low', 'push', 'Z2', 'Z2', 'downhill')": {
    "slow down": 18.52124478403845,
    "keep going": 8.396285364286772,
    "accelerate": 8.356193594812048
  },
  "('Z2', 'Z3', 'low', 'push', 'Z2', 'Z2', 'flat')": {
    "slow down": -12.129814624486837,
    "keep going": -11.34917357490785,
    "accelerate": 8.955044644208275
  },
  "('Z2', 'Z2', 'low', 'push', 'Z2', 'Z2', 'flat')": {
    "slow down": 18.549002674998814,
    "keep going": 17.233391746486536,
    "accelerate": 8.175047964683783
  },
  "('Z2', 'Z1', 'low', 'push', 'Z2', 'Z2', 'flat')": {
    "slow down": 8.586984462269948,
    "keep going": 8.187311710848729,
    "accelerate": 20.43564388545911
  },
  "('Z2', 'Z2', 'low', 'push', 'Z2', 'Z2', 'uphill')": {
    "slow down": 7.869052267337949,
    "keep going": 18.685535291651714,
    "accelerate": 3.455029472648618
  },
  "('Z2', 'Z2', 'low', 'push', 'Z2', 'Z2', 'downhill')": {
    "slow down": 7.935259391317764,
    "keep going": 19.003474770216055,
    "accelerate": 1.6979782657808427
  },
  "('Z2', 'Z3', 'low', 'push', 'Z2', 'Z2', 'uphill')": {
    "slow down": 12.675051176117057,
    "keep going": 1.7747213660311523,
    "accelerate": 1.0278155810576792
  },
  "('Z2', 'Z1', 'low', 'push', 'Z2', 'Z2', 'uphill')": {
    "slow down": 1.9026955489930297,
    "keep going": 1.8054784415255898,
    "accelerate": 19.4004483218575
  },
  "('Z2', 'Z1', 'low', 'push', 'Z2', 'Z2', 'downhill')": {
    "slow down": 0.12273796271566662,
    "keep going": 18.171610971813546,
    "accelerate": 0.11401733365418165
  },
  "('Z1', 'Z2', 'low', 'push', 'Z2', 'Z2', 'uphill')": {
    "slow down": 18.184185352925244,
    "keep going": 8.441228765628887,
    "accelerate": 6.952473256790022
  },
  "('Z2', 'Z4', 'low', 'push', 'Z2', 'Z2', 'flat')": {
    "slow down": -4.717520786359122,
    "keep going": 10.8360401943528,
    "accelerate": -4.7061013357251555
  },
  "('Z2', 'Z2', 'low', 'cooldown', 'Z1', 'Z1', 'downhill')": {
    "slow down": 23.34804312848169,
    "keep going": 10.226838489853982,
    "accelerate": 5.83624533844747
  },
  "('Z1', 'Z1', 'low', 'cooldown', 'Z1', 'Z1', 'flat')": {
    "slow down": 23.834395921642873,
    "keep going": 23.983893729034087,
    "accelerate": 23.627692646318337
  },
  "('Z1', 'Z1', 'low', 'cooldown', 'Z1', 'Z1', 'uphill')": {
    "slow down": 23.73025238270364,
    "keep going": 23.960546282396116,
    "accelerate": 23.59440829209693
  },
  "('Z1', 'Z2', 'low', 'cooldown', 'Z1', 'Z1', 'flat')": {
    "slow down": 25.496486695811605,
    "keep going": 24.142045747352203,
    "accelerate": 16.125763503228775
  },
  "('Z2', 'Z3', 'low', 'cooldown', 'Z1', 'Z1', 'downhill')": {
    "slow down": 17.435288290773542,
    "keep going": 0.0,
    "accelerate": 0.34465806354029976
  },
  "('Z2', 'Z2', 'low', 'cooldown', 'Z1', 'Z1', 'flat')": {
    "slow down": 20.587987557553543,
    "keep going": 11.31184613368649,
    "accelerate": 8.85060772535217
  },
  "('Z2', 'Z1', 'low', 'cooldown', 'Z1', 'Z1', 'flat')": {
    "slow down": 22.054280320823448,
    "keep going": 16.699311003205764,
    "accelerate": 15.203985973504201
  },
  "('Z1', 'Z1', 'low', 'cooldown', 'Z1', 'Z1', 'downhill')": {
    "slow down": 24.00626987978678,
    "keep going": 23.64738076767302,
    "accelerate": 23.636107765269948
  },
  "('Z1', 'Z2', 'low', 'cooldown', 'Z1', 'Z1', 'uphill')": {
    "slow down": 25.243216574745283,
    "keep going": 15.29098413568213,
    "accelerate": 8.991462698115205
  },
  "('Z1', 'Z2', 'low', 'cooldown', 'Z1', 'Z1', 'downhill')": {
    "slow down": 25.409149903027817,
    "keep going": 12.524204727847064,
    "accelerate": 8.7822953171984
  },
  "('Z2', 'Z3', 'low', 'cooldown', 'Z1', 'Z1', 'flat')": {
    "slow down": 20.23567364758675,
    "keep going": 7.9215887898044235,
    "accelerate": 1.5315533080010122
  },
  "('Z2', 'Z3', 'low', 'cooldown', 'Z1', 'Z1', 'uphill')": {
    "slow down": 0.11729960178056408,
    "keep going": 13.14351468060414,
    "accelerate": 0.0
  },
  "('Z2', 'Z4', 'low', 'cooldown', 'Z1', 'Z1', 'flat')": {
    "slow down": 9.452686818097112,
    "keep going": 0.0,
    "accelerate": 0.0
  },
  "('Z2', 'Z1', 'low', 'cooldown', 'Z1', 'Z1', 'downhill')": {
    "slow down": 22.437007192608924,
    "keep going": 0.0,
    "accelerate": 3.154162014383288
  },
  "('Z2', 'Z2', 'low', 'cooldown', 'Z1', 'Z1', 'uphill')": {
    "slow down": 18.720657010821714,
    "keep going": 1.9824646983642442,
    "accelerate": 1.6312885961442678
  },