{
  "('Z1', 'Z1', 'low', 'warmup', 'Z1', 'Z1')": {
    "slow down": 31.657296998677065,
    "keep going": 30.25078344884974,
    "accelerate": 27.986690396680487
  },
  "('Z1', 'Z1', 'low', 'push', 'Z2', 'Z2')": {
    "slow down": 9.599604699320299,
    "keep going": 12.333534723209162,
    "accelerate": 30.970023824066946
  },
  "('Z2', 'Z2', 'low', 'push', 'Z2', 'Z2')": {
    "slow down": 26.717549645393447,
    "keep going": 30.4974326127966,
    "accelerate": 22.7772049254425
  },
  "('Z3', 'Z3', 'low', 'push', 'Z2', 'Z2')": {
    "slow down": 28.623202440277442,
    "keep going": 3.5843908196812957,
    "accelerate": -0.5085320126727884
  },
  "('Z2', 'Z2', 'medium', 'push', 'Z2', 'Z2')": {
    "slow down": 20.693056413777914,
    "keep going": 27.189734492617255,
    "accelerate": 15.665453028139105
  },
  "('Z1', 'Z1', 'medium', 'push', 'Z2', 'Z2')": {
    "slow down": 0.8668928493410829,
    "keep going": 0.5542309841665863,
    "accelerate": 22.927629101865257
  },
  "('Z1', 'Z1', 'medium', 'cooldown', 'Z1', 'Z1')": {
    "slow down": 29.999999248166812,
    "keep going": 26.340161119420994,
    "accelerate": 19.883550046069445
  },
  "('Z2', 'Z2', 'medium', 'cooldown', 'Z1', 'Z1')": {
    "slow down": 29.999997842327343,
    "keep going": 11.948989154175099,
    "accelerate": -1.8643104224941975
  },
  "('Z2', 'Z2', 'low', 'warmup', 'Z1', 'Z1')": {
    "slow down": 31.369525499055786,
    "keep going": 0.13748110405758326,
    "accelerate": 0.0
  },
  "('Z3', 'Z3', 'medium', 'push', 'Z2', 'Z2')": {
    "slow down": 21.896273223565508,
    "keep going": 1.4469697567563629,
    "accelerate": -0.4179908012990982
  },
  "('Z2', 'Z2', 'high', 'push', 'Z2', 'Z2')": {
    "slow down": 2.384083203553341,
    "keep going": 0.0,
    "accelerate": -0.30000000000000004
  },
  "('Z1', 'Z1', 'high', 'cooldown', 'Z1', 'Z1')": {
    "slow down": 12.324056160226963,
    "keep going": 3.672077452357495,
    "accelerate": -0.6371193951476756
  },
  "('Z2', 'Z2', 'high', 'cooldown', 'Z1', 'Z1')": {
    "slow down": 10.071748179216247,
    "keep going": -0.751749572895979,
    "accelerate": -1.8725978440533029
  },
  "('Z3', 'Z3', 'high', 'cooldown', 'Z1', 'Z1')": {
    "slow down": 4.376170720507705,
    "keep going": -1.47477393788151,
    "accelerate": -1.44525
  },
  "('Z3', 'Z3', 'medium', 'cooldown', 'Z1', 'Z1')": {
    "slow down": 6.683295331983684,
    "keep going": -0.35000000000000003,
    "accelerate": -0.5947625000000001
  },
  "('Z4', 'Z4', 'high', 'cooldown', 'Z1', 'Z1')": {
    "slow down": -1.5360434746238936,
    "keep going": -1.4925125000000001,
    "accelerate": -1.4024999999999999
  },
  "('Z5', 'Z5', 'high', 'cooldown', 'Z1', 'Z1')": {
    "slow down": -1.2833441871295008,
    "keep going": -0.9975,
    "accelerate": -1.9161294383631944
  },
  "('Z4', 'Z4', 'medium', 'push', 'Z2', 'Z2')": {
    "slow down": 2.093121121727486,
    "keep going": 0.0,
    "accelerate": 0.0
  },
  "('Z3', 'Z3', 'high', 'push', 'Z2', 'Z2')": {
    "slow down": 0.495639179201815,
    "keep going": -0.30000000000000004,
    "accelerate": -0.89275
  },
  "('Z4', 'Z4', 'low', 'push', 'Z2', 'Z2')": {
    "slow down": 0.7833643814608466,
    "keep going": 0.0,
    "accelerate": 0.0
  },
  "('Z4', 'Z4', 'high', 'push', 'Z2', 'Z2')": {
    "slow down": -0.30000000000000004,
    "keep going": 0.0,
    "accelerate": 0.0
  },
  "('Z1', 'Z1', 'high', 'push', 'Z2', 'Z2')": {
    "slow down": 1.7159728288027276,
    "keep going": -0.30000000000000004,
    "accelerate": 0.0
  }
}