{
  "('Z1', 'Z1', 'low', 'warmup', 'Z1', 'Z1', 'flat')": {
    "slow down": 51.32076694705833,
    "keep going": 51.25636491608617,
    "accelerate": 50.164641138557776
  },
  "('Z1', 'Z1', 'low', 'warmup', 'Z1', 'Z1', 'downhill')": {
    "slow down": 51.42453410526772,
    "keep going": 51.87611739985334,
    "accelerate": 50.194096619549036
  },
  "('Z1', 'Z1', 'low', 'warmup', 'Z1', 'Z1', 'uphill')": {
    "slow down": 51.417083262459585,
    "keep going": 51.86608786542394,
    "accelerate": 50.202511867678446
  },
  "('Z1', 'Z2', 'low', 'warmup', 'Z1', 'Z1', 'flat')": {
    "slow down": 51.42842121661729,
    "keep going": 50.25005685626804,
    "accelerate": 37.07692985247431
  },
  "('Z1', 'Z2', 'low', 'warmup', 'Z1', 'Z1', 'downhill')": {
    "slow down": 51.39571744883117,
    "keep going": 39.431983200489626,
    "accelerate": 19.75592362807912
  },
  "('Z2', 'Z3', 'low', 'warmup', 'Z1', 'Z1', 'downhill')": {
    "slow down": 32.67195280942367,
    "keep going": 0.0,
    "accelerate": -0.11946305639047655
  },
  "('Z2', 'Z2', 'low', 'warmup', 'Z1', 'Z1', 'flat')": {
    "slow down": 42.78804212182841,
    "keep going": 9.900166394933834,
    "accelerate": 4.880498546187166
  },
  "('Z2', 'Z1', 'low', 'warmup', 'Z1', 'Z1', 'downhill')": {
    "slow down": 36.39189319676423,
    "keep going": 5.273759007617014,
    "accelerate": 3.188005164714353
  },
  "('Z1', 'Z2', 'low', 'warmup', 'Z1', 'Z1', 'uphill')": {
    "slow down": 51.41699795981019,
    "keep going": 39.90758175168697,
    "accelerate": 13.353097417809145
  },
  "('Z2', 'Z4', 'low', 'warmup', 'Z1', 'Z1', 'flat')": {
    "slow down": 7.502236432463935,
    "keep going": -0.13390482141008747,
    "accelerate": -0.25241817150029483
  },
  "('Z3', 'Z5', 'low', 'warmup', 'Z1', 'Z1', 'flat')": {
    "slow down": -0.17650215699314162,
    "keep going": 0.0,
    "accelerate": 0.0
  },
  "('Z3', 'Z4', 'low', 'warmup', 'Z1', 'Z1', 'flat')": {
    "slow down": -0.07370517160004769,
    "keep going": 0.0,
    "accelerate": 0.0
  },
  "('Z3', 'Z3', 'low', 'warmup', 'Z1', 'Z1', 'flat')": {
    "slow down": -0.060994484715876665,
    "keep going": -0.046972758020104394,
    "accelerate": 0.0
  },
  "('Z3', 'Z2', 'low', 'warmup', 'Z1', 'Z1', 'flat')": {
    "slow down": 0.2700362407974559,
    "keep going": 0.0,
    "accelerate": 0.0
  },
  "('Z2', 'Z3', 'low', 'warmup', 'Z1', 'Z1', 'flat')": {
    "slow down": 42.21949201459158,
    "keep going": 3.2665224271263322,
    "accelerate": 0.13422127565059297
  },
  "('Z2', 'Z2', 'low', 'warmup', 'Z1', 'Z1', 'downhill')": {
    "slow down": 28.33156747469137,
    "keep going": 0.0,
    "accelerate": 0.0
  },
  "('Z2', 'Z1', 'low', 'warmup', 'Z1', 'Z1', 'flat')": {
    "slow down": 51.30419512362591,
    "keep going": 12.754889115243174,
    "accelerate": 9.00641007075073
  },
  "('Z2', 'Z2', 'low', 'warmup', 'Z1', 'Z1', 'uphill')": {
    "slow down": 39.45697952148511,
    "keep going": 6.70458729943361,
    "accelerate": 0.0
  },
  "('Z1', 'Z1', 'low', 'push', 'Z2', 'Z2', 'flat')": {
    "slow down": 44.474883474736814,
    "keep going": 44.498445987782446,
    "accelerate": 47.07557905380745
  },
  "('Z1', 'Z2', 'low', 'push', 'Z2', 'Z2', 'flat')": {
    "slow down": 44.28224365118363,
    "keep going": 43.064156278171744,
    "accelerate": 47.81541052021379
  },
  "('Z2', 'Z3', 'low', 'push', 'Z2', 'Z2', 'flat')": {
    "slow down": 48.89061609532447,
    "keep going": 47.213230712584775,
    "accelerate": 44.27206857961751
  },
  "('Z2', 'Z2', 'low', 'push', 'Z2', 'Z2', 'flat')": {
    "slow down": 47.319367644973504,
    "keep going": 47.38190323711302,
    "accelerate": 47.157618911966225
  },
  "('Z2', 'Z1', 'low', 'push', 'Z2', 'Z2', 'flat')": {
    "slow down": 47.24999914751869,
    "keep going": 47.29891180019261,
    "accelerate": 49.0365863169043
  },
  "('Z2', 'Z2', 'low', 'push', 'Z2', 'Z2', 'downhill')": {
    "slow down": 47.295954328435535,
    "keep going": 47.95727564638377,
    "accelerate": 47.2938898583118
  },
  "('Z2', 'Z2', 'low', 'push', 'Z2', 'Z2', 'uphill')": {
    "slow down": 47.303918351687685,
    "keep going": 47.95685162498981,
    "accelerate": 47.17324198916732
  },
  "('Z2', 'Z1', 'low', 'push', 'Z2', 'Z2', 'downhill')": {
    "slow down": 47.145716043614954,
    "keep going": 47.035647360275306,
    "accelerate": 48.43967710284622
  },
  "('Z1', 'Z1', 'low', 'push', 'Z2', 'Z2', 'uphill')": {
    "slow down": 5.766970811241545,
    "keep going": 45.69132203653698,
    "accelerate": 15.391183283494803
  },
  "('Z1', 'Z1', 'low', 'push', 'Z2', 'Z2', 'downhill')": {
    "slow down": 44.19327833218766,
    "keep going": 15.589149364365692,
    "accelerate": 11.704901565973218
  },
  "('Z1', 'Z2', 'low', 'push', 'Z2', 'Z2', 'downhill')": {
    "slow down": 33.26296612053905,
    "keep going": 6.86831348979235,
    "accelerate": 13.827440277825065
  },
  "('Z2', 'Z4', 'low', 'push', 'Z2', 'Z2', 'flat')": {
    "slow down": 48.62930733109354,
    "keep going": 16.6565718221306,
    "accelerate": 15.920793593887563
  },
  "('Z3', 'Z3', 'low', 'push', 'Z2', 'Z2', 'flat')": {
    "slow down": 47.44452864105478,
    "keep going": 44.587675544151956,
    "accelerate": 43.2433496852977
  },
  "('Z2', 'Z1', 'low', 'push', 'Z2', 'Z2', 'uphill')": {
    "slow down": 47.17630695850724,
    "keep going": 47.02162259478522,
    "accelerate": 48.53699106739619
  },
  "('Z2', 'Z3', 'low', 'push', 'Z2', 'Z2', 'uphill')": {
    "slow down": 48.552854554470684,
    "keep going": 46.84906115034518,
    "accelerate": 43.86790627122787
  },
  "('Z2', 'Z3', 'low', 'push', 'Z2', 'Z2', 'downhill')": {
    "slow down": 48.20147648553932,
    "keep going": 47.16164457571973,
    "accelerate": 43.13584975052994
  },
  "('Z1', 'Z2', 'low', 'push', 'Z2', 'Z2', 'uphill')": {
    "slow down": 29.722531129020105,
    "keep going": 4.782119502651714,
    "accelerate": 0.0
  },
  "('Z3', 'Z4', 'low', 'push', 'Z2', 'Z2', 'flat')": {
    "slow down": 46.8641829659665,
    "keep going": 42.22648282959197,
    "accelerate": 30.58220780164087
  },
  "('Z3', 'Z2', 'low', 'push', 'Z2', 'Z2', 'flat')": {
    "slow down": 45.797623325996746,
    "keep going": 48.824693816193445,
    "accelerate": 42.45563079921415
  },
  "('Z3', 'Z2', 'low', 'push', 'Z2', 'Z2', 'uphill')": {
    "slow down": 14.382903663708001,
    "keep going": 48.022583661100846,
    "accelerate": 7.446353142421689
  },
  "('Z3', 'Z4', 'low', 'push', 'Z2', 'Z2', 'uphill')": {
    "slow down": 46.70744791844827,
    "keep going": 14.608653403960343,
    "accelerate": 6.32488275662757
  },
  "('Z3', 'Z1', 'low', 'push', 'Z2', 'Z2', 'downhill')": {
    "slow down": 11.253152684047162,
    "keep going": 0.0,
    "accelerate": 0.0
  },
  "('Z3', 'Z3', 'low', 'push', 'Z2', 'Z2', 'uphill')": {
    "slow down": 47.55111684812548,
    "keep going": 15.154604795850823,
    "accelerate": 19.160152866390675
  },
  "('Z3', 'Z2', 'low', 'push', 'Z2', 'Z2', 'downhill')": {
    "slow down": 9.808230237273829,
    "keep going": 47.52584529595174,
    "accelerate": 4.334008278249224
  },
  "('Z2', 'Z2', 'low', 'push', 'Z3', 'Z3', 'flat')": {
    "slow down": 41.464308768132284,
    "keep going": 41.57917916228765,
    "accelerate": 44.25302084543625
  },
  "('Z2', 'Z1', 'low', 'push', 'Z3', 'Z3', 'flat')": {
    "slow down": 39.69440717846005,
    "keep going": 36.135006964900526,
    "accelerate": 44.67082934136968
  },
  "('Z2', 'Z3', 'low', 'push', 'Z3', 'Z3', 'flat')": {
    "slow down": 42.70823742392662,
    "keep going": 44.23937723090735,
    "accelerate": 43.31217282163319
  },
  "('Z3', 'Z4', 'low', 'push', 'Z3', 'Z3', 'flat')": {
    "slow down": 47.72887813062873,
    "keep going": 41.769173439196095,
    "accelerate": 41.36613461052555
  },
  "('Z3', 'Z3', 'low', 'push', 'Z3', 'Z3', 'flat')": {
    "slow down": 43.614281280640704,
    "keep going": 43.03780168588878,
    "accelerate": 42.77096771420327
  },
  "('Z3', 'Z2', 'low', 'push', 'Z3', 'Z3', 'flat')": {
    "slow down": 40.46344765435488,