{
  "('Z1', 'Z1', 'low', 'warmup', 'Z1', 'Z1', 'flat')": {
    "slow down": 253.915477615676,
    "keep going": 254.05328959229627,
    "accelerate": 253.31250497258773
  },
  "('Z1', 'Z1', 'low', 'warmup', 'Z1', 'Z1', 'downhill')": {
    "slow down": 254.15241987060827,
    "keep going": 255.88246179208127,
    "accelerate": 253.43932560614698
  },
  "('Z1', 'Z2', 'low', 'warmup', 'Z1', 'Z1', 'flat')": {
    "slow down": 254.44870075272067,
    "keep going": 246.97925155190384,
    "accelerate": 142.6887187241943
  },
  "('Z2', 'Z3', 'low', 'warmup', 'Z1', 'Z1', 'flat')": {
    "slow down": 198.22975465864357,
    "keep going": 11.600928416718965,
    "accelerate": 0.2977041933580509
  },
  "('Z2', 'Z2', 'low', 'warmup', 'Z1', 'Z1', 'downhill')": {
    "slow down": 16.530357446020727,
    "keep going": 175.51428201919714,
    "accelerate": 7.014291578237244
  },
  "('Z2', 'Z2', 'low', 'warmup', 'Z1', 'Z1', 'flat')": {
    "slow down": 243.79818853977758,
    "keep going": 61.45155200854031,
    "accelerate": 62.115837503028644
  },
  "('Z2', 'Z1', 'low', 'warmup', 'Z1', 'Z1', 'flat')": {
    "slow down": 248.64546837427127,
    "keep going": 78.30196965497342,
    "accelerate": 38.679527100138024
  },
  "('Z1', 'Z1', 'low', 'warmup', 'Z1', 'Z1', 'uphill')": {
    "slow down": 254.25840113165742,
    "keep going": 255.87503147285372,
    "accelerate": 253.21230222402644
  },
  "('Z2', 'Z3', 'low', 'warmup', 'Z1', 'Z1', 'downhill')": {
    "slow down": 104.69210187560849,
    "keep going": 0.9555349944906868,
    "accelerate": 0.0
  },
  "('Z1', 'Z2', 'low', 'warmup', 'Z1', 'Z1', 'downhill')": {
    "slow down": 254.2553527779199,
    "keep going": 175.56819288012855,
    "accelerate": 75.8752681392455
  },
  "('Z2', 'Z1', 'low', 'warmup', 'Z1', 'Z1', 'downhill')": {
    "slow down": 29.399293602746503,
    "keep going": 167.4353539187383,
    "accelerate": 4.4741615783484425
  },
  "('Z1', 'Z2', 'low', 'warmup', 'Z1', 'Z1', 'uphill')": {
    "slow down": 254.58987518913568,
    "keep going": 87.74032148309027,
    "accelerate": 48.78410165029488
  },
  "('Z1', 'Z1', 'low', 'push', 'Z2', 'Z2', 'flat')": {
    "slow down": 189.53593977941247,
    "keep going": 167.00989126106901,
    "accelerate": 238.09000291618966
  },
  "('Z1', 'Z2', 'low', 'push', 'Z2', 'Z2', 'flat')": {
    "slow down": 161.85195890193978,
    "keep going": 159.73069767964546,
    "accelerate": 239.01205102496078
  },
  "('Z2', 'Z2', 'low', 'push', 'Z2', 'Z2', 'flat')": {
    "slow down": 238.81343604878563,
    "keep going": 239.29985970275666,
    "accelerate": 238.79344479446692
  },
  "('Z2', 'Z3', 'low', 'push', 'Z2', 'Z2', 'flat')": {
    "slow down": 240.05468063339043,
    "keep going": 237.8324435168685,
    "accelerate": 196.74644585142286
  },
  "('Z2', 'Z4', 'low', 'push', 'Z2', 'Z2', 'flat')": {
    "slow down": 211.04677977029058,
    "keep going": 12.281058675912051,
    "accelerate": 2.0952060484201294
  },
  "('Z3', 'Z3', 'low', 'push', 'Z2', 'Z2', 'flat')": {
    "slow down": 224.95843602983763,
    "keep going": 140.99880242893832,
    "accelerate": 122.59482047801905
  },
  "('Z2', 'Z2', 'low', 'push', 'Z2', 'Z2', 'downhill')": {
    "slow down": 238.86692182274717,
    "keep going": 239.82112760483926,
    "accelerate": 238.69130731931762
  },
  "('Z3', 'Z3', 'low', 'push', 'Z2', 'Z2', 'uphill')": {
    "slow down": 207.97528160268803,
    "keep going": 32.86008307960283,
    "accelerate": 13.702467989911424
  },
  "('Z3', 'Z2', 'low', 'push', 'Z2', 'Z2', 'uphill')": {
    "slow down": 208.43136332483277,
    "keep going": 42.403825546229285,
    "accelerate": 0.0
  },
  "('Z2', 'Z1', 'low', 'push', 'Z2', 'Z2', 'flat')": {
    "slow down": 238.19147567530342,
    "keep going": 237.83020284797976,
    "accelerate": 240.34565533600167
  },
  "('Z2', 'Z2', 'low', 'push', 'Z2', 'Z2', 'uphill')": {
    "slow down": 238.9496328722472,
    "keep going": 239.83924893804917,
    "accelerate": 238.70309065702776
  },
  "('Z2', 'Z3', 'low', 'push', 'Z2', 'Z2', 'uphill')": {
    "slow down": 239.96666176421255,
    "keep going": 173.05805787183627,
    "accelerate": 86.76925711821062
  },
  "('Z3', 'Z4', 'low', 'push', 'Z2', 'Z2', 'flat')": {
    "slow down": 219.23245256218914,
    "keep going": 61.0976445220835,
    "accelerate": 21.206034590262362
  },
  "('Z3', 'Z2', 'low', 'push', 'Z2', 'Z2', 'downhill')": {
    "slow down": 202.39330217643757,
    "keep going": 15.551279955851207,
    "accelerate": 18.37938147105125
  },
  "('Z2', 'Z3', 'low', 'push', 'Z2', 'Z2', 'downhill')": {
    "slow down": 240.01895993900914,
    "keep going": 106.0598218871604,
    "accelerate": 66.95154442819862
  },
  "('Z3', 'Z3', 'low', 'push', 'Z2', 'Z2', 'downhill')": {
    "slow down": 197.87615116058635,
    "keep going": 22.646529431617747,
    "accelerate": 0.8936925813428469
  },
  "('Z3', 'Z2', 'low', 'push', 'Z2', 'Z2', 'flat')": {
    "slow down": 126.83546041467264,
    "keep going": 113.45892087943825,
    "accelerate": 217.1254392074165
  },
  "('Z2', 'Z1', 'low', 'push', 'Z2', 'Z2', 'uphill')": {
    "slow down": 238.8597120629715,
    "keep going": 122.08449607443151,
    "accelerate": 96.77511467195605
  },
  "('Z3', 'Z4', 'low', 'push', 'Z2', 'Z2', 'downhill')": {
    "slow down": 130.33696745579752,
    "keep going": 0.0,
    "accelerate": -0.12896873871871734
  },
  "('Z3', 'Z1', 'low', 'push', 'Z2', 'Z2', 'flat')": {
    "slow down": 42.48290554400926,
    "keep going": 0.0,
    "accelerate": 0.0
  },
  "('Z3', 'Z4', 'low', 'push', 'Z2', 'Z2', 'uphill')": {
    "slow down": 171.97853256658638,
    "keep going": 0.0,
    "accelerate": 3.9621359030293095
  },
  "('Z3', 'Z5', 'low', 'push', 'Z2', 'Z2', 'flat')": {
    "slow down": 91.0045443010852,
    "keep going": 1.410304282641172,
    "accelerate": 0.030360381433696543
  },
  "('Z4', 'Z5', 'low', 'push', 'Z2', 'Z2', 'flat')": {
    "slow down": -0.08020229851409315,
    "keep going": -0.1513638106928339,
    "accelerate": -0.15125187038202195
  },
  "('Z4', 'Z4', 'low', 'push', 'Z2', 'Z2', 'flat')": {
    "slow down": 16.01385479014164,
    "keep going": 0.1042678622282146,
    "accelerate": -0.16103130283431524
  },
  "('Z4', 'Z3', 'low', 'push', 'Z2', 'Z2', 'flat')": {
    "slow down": 2.8450570724519615,
    "keep going": 0.0,
    "accelerate": 0.0
  },
  "('Z2', 'Z1', 'low', 'push', 'Z2', 'Z2', 'downhill')": {
    "slow down": 238.84634318625388,
    "keep going": 183.27204193591714,
    "accelerate": 207.99594213093374
  },
  "('Z4', 'Z2', 'low', 'push', 'Z2', 'Z2', 'downhill')": {
    "slow down": 0.03522592527201165,
    "keep going": 0.0,
    "accelerate": 0.0
  },
  "('Z2', 'Z3', 'low', 'cooldown', 'Z1', 'Z1', 'downhill')": {
    "slow down": 164.3256708167113,
    "keep going": 20.511045577427424,
    "accelerate": 0.0
  },
  "('Z2', 'Z2', 'low', 'cooldown', 'Z1', 'Z1', 'flat')": {
    "slow down": 237.9430051032924,
    "keep going": 176.70841290510032,
    "accelerate": 129.59624123804358
  },
  "('Z3', 'Z3', 'low', 'cooldown', 'Z1', 'Z1', 'flat')": {
    "slow down": 0.07393849330956623,
    "keep going": 0.0,
    "accelerate": 0.0
  },
  "('Z2', 'Z1', 'low', 'cooldown', 'Z1', 'Z1', 'flat')": {
    "slow down": 239.25552685192008,
    "keep going": 231.93397109718973,
    "accelerate": 198.91229776425308
  },
  "('Z2', 'Z1', 'low', 'cooldown', 'Z1', 'Z1', 'uphill')": {
    "slow down": 239.3878717032712,
    "keep going": 0.0,
    "accelerate": 3.7936148124389244
  },
  "('Z2', 'Z1', 'low', 'cooldown', 'Z1', 'Z1', 'downhill')": {
    "slow down": 213.9948287298944,
    "keep going": 0.0,
    "accelerate": 0.0
  },
  "('Z1', 'Z1', 'low', 'cooldown', 'Z1', 'Z1', 'flat')": {
    "slow down": 240.00407511260448,
    "keep going": 240.01529366810354,
    "accelerate": 239.59356444229704
  },
  "('Z1', 'Z1', 'low', 'cooldown', 'Z1', 'Z1', 'uphill')": {
    "slow down": 240.027125317271,
    "keep going": 239.93305434172657,
    "accelerate": 239.5260396888278
  },