{
  "('Z1', 'Z1', 'low', 'warmup', 'Z1', 'Z1', 'flat')": {
    "slow down": 51.24493322704779,
    "keep going": 51.27072559050009,
    "accelerate": 50.01254911537393
  },
  "('Z1', 'Z2', 'low', 'warmup', 'Z1', 'Z1', 'flat')": {
    "slow down": 51.10414453462779,
    "keep going": 50.35407754958995,
    "accelerate": 37.055722127686984
  },
  "('Z1', 'Z1', 'low', 'warmup', 'Z1', 'Z1', 'downhill')": {
    "slow down": 51.44798039236302,
    "keep going": 51.94006519376264,
    "accelerate": 50.15997132052073
  },
  "('Z2', 'Z3', 'low', 'warmup', 'Z1', 'Z1', 'downhill')": {
    "slow down": 35.40499083048728,
    "keep going": 0.0,
    "accelerate": -0.05796471136184447
  },
  "('Z2', 'Z2', 'low', 'warmup', 'Z1', 'Z1', 'flat')": {
    "slow down": 47.85440787704755,
    "keep going": 14.584690882445404,
    "accelerate": 12.080217730937639
  },
  "('Z2', 'Z1', 'low', 'warmup', 'Z1', 'Z1', 'flat')": {
    "slow down": 25.96899735002402,
    "keep going": 49.477632943776584,
    "accelerate": 20.443617561178236
  },
  "('Z1', 'Z1', 'low', 'warmup', 'Z1', 'Z1', 'uphill')": {
    "slow down": 51.32637379996608,
    "keep going": 51.913149565083,
    "accelerate": 50.1932888639196
  },
  "('Z2', 'Z2', 'low', 'warmup', 'Z1', 'Z1', 'uphill')": {
    "slow down": 35.38555996475678,
    "keep going": 8.422048530815179,
    "accelerate": 0.0644736323644625
  },
  "('Z1', 'Z2', 'low', 'warmup', 'Z1', 'Z1', 'downhill')": {
    "slow down": 51.39052124149296,
    "keep going": 40.199460577807145,
    "accelerate": 23.392111070165026
  },
  "('Z1', 'Z2', 'low', 'warmup', 'Z1', 'Z1', 'uphill')": {
    "slow down": 51.44757193077071,
    "keep going": 39.28672553702596,
    "accelerate": 28.237481634258618
  },
  "('Z2', 'Z3', 'low', 'warmup', 'Z1', 'Z1', 'flat')": {
    "slow down": 45.839383123289025,
    "keep going": 9.259257619507494,
    "accelerate": 0.6780209538076885
  },
  "('Z2', 'Z1', 'low', 'warmup', 'Z1', 'Z1', 'uphill')": {
    "slow down": 0.3645190812394402,
    "keep going": 4.83936774348911,
    "accelerate": 28.55753773481539
  },
  "('Z2', 'Z2', 'low', 'warmup', 'Z1', 'Z1', 'downhill')": {
    "slow down": 37.37713210206223,
    "keep going": 6.961835996346591,
    "accelerate": 0.14593847676385457
  },
  "('Z2', 'Z3', 'low', 'warmup', 'Z1', 'Z1', 'uphill')": {
    "slow down": 0.6186867583825383,
    "keep going": 25.456009999996013,
    "accelerate": 0.0
  },
  "('Z2', 'Z1', 'low', 'warmup', 'Z1', 'Z1', 'downhill')": {
    "slow down": 40.03676045609643,
    "keep going": 0.0,
    "accelerate": 1.3425767221880733
  },
  "('Z1', 'Z1', 'low', 'push', 'Z2', 'Z2', 'flat')": {
    "slow down": 43.65217527416938,
    "keep going": 43.71970871307843,
    "accelerate": 46.603713239628384
  },
  "('Z1', 'Z2', 'low', 'push', 'Z2', 'Z2', 'flat')": {
    "slow down": 44.14781014212699,
    "keep going": 45.659521219403395,
    "accelerate": 47.44238369714093
  },
  "('Z1', 'Z1', 'low', 'push', 'Z2', 'Z2', 'downhill')": {
    "slow down": 23.31385263626478,
    "keep going": 37.55449035551731,
    "accelerate": 26.025740527089553
  },
  "('Z1', 'Z1', 'low', 'push', 'Z2', 'Z2', 'uphill')": {
    "slow down": 33.480934558323476,
    "keep going": 23.055216660317775,
    "accelerate": 21.57035163566174
  },
  "('Z2', 'Z3', 'low', 'push', 'Z2', 'Z2', 'uphill')": {
    "slow down": 48.58877506124022,
    "keep going": 30.463131933416285,
    "accelerate": 31.030703167012405
  },
  "('Z2', 'Z2', 'low', 'push', 'Z2', 'Z2', 'flat')": {
    "slow down": 47.29296490301086,
    "keep going": 47.59462118692467,
    "accelerate": 47.103830826447705
  },
  "('Z2', 'Z1', 'low', 'push', 'Z2', 'Z2', 'flat')": {
    "slow down": 46.890156655691584,
    "keep going": 46.704803827365325,
    "accelerate": 48.54269653364366
  },
  "('Z1', 'Z2', 'low', 'push', 'Z2', 'Z2', 'uphill')": {
    "slow down": 25.0573015007325,
    "keep going": 15.026701799729965,
    "accelerate": 7.374983771025238
  },
  "('Z2', 'Z3', 'low', 'push', 'Z2', 'Z2', 'flat')": {
    "slow down": 48.69086046820794,
    "keep going": 47.11331052630642,
    "accelerate": 40.6212220027564
  },
  "('Z2', 'Z4', 'low', 'push', 'Z2', 'Z2', 'flat')": {
    "slow down": 41.098794380873585,
    "keep going": 3.334350680774777,
    "accelerate": -0.10106204347531475
  },
  "('Z3', 'Z4', 'low', 'push', 'Z2', 'Z2', 'flat')": {
    "slow down": 42.69217928362095,
    "keep going": 16.745350790042306,
    "accelerate": 1.1622494052137533
  },
  "('Z3', 'Z3', 'low', 'push', 'Z2', 'Z2', 'flat')": {
    "slow down": 44.099243251355475,
    "keep going": 26.80905929895397,
    "accelerate": 26.55398746801073
  },
  "('Z3', 'Z2', 'low', 'push', 'Z2', 'Z2', 'flat')": {
    "slow down": 46.9918047351688,
    "keep going": 30.763480325361435,
    "accelerate": 10.72340307426182
  },
  "('Z2', 'Z1', 'low', 'push', 'Z2', 'Z2', 'uphill')": {
    "slow down": 47.11434475992183,
    "keep going": 42.96024222411184,
    "accelerate": 42.241982712624946
  },
  "('Z1', 'Z2', 'low', 'push', 'Z2', 'Z2', 'downhill')": {
    "slow down": 26.116687258276112,
    "keep going": 7.035452431750285,
    "accelerate": 4.697923496795292
  },
  "('Z2', 'Z3', 'low', 'push', 'Z2', 'Z2', 'downhill')": {
    "slow down": 48.43154499940278,
    "keep going": 41.62006448155893,
    "accelerate": 33.395996041634724
  },
  "('Z2', 'Z1', 'low', 'push', 'Z2', 'Z2', 'downhill')": {
    "slow down": 47.06468466788003,
    "keep going": 36.072836893725245,
    "accelerate": 38.48616091733908
  },
  "('Z1', 'Z2', 'low', 'cooldown', 'Z1', 'Z1', 'downhill')": {
    "slow down": 49.49540895813722,
    "keep going": 34.36420517140424,
    "accelerate": 34.43823860673981
  },
  "('Z2', 'Z3', 'low', 'cooldown', 'Z1', 'Z1', 'flat')": {
    "slow down": 43.9101641966579,
    "keep going": 13.41524461011537,
    "accelerate": 5.208710543603251
  },
  "('Z2', 'Z2', 'low', 'cooldown', 'Z1', 'Z1', 'flat')": {
    "slow down": 45.81084462105353,
    "keep going": 21.934875534319207,
    "accelerate": 22.559831782488395
  },
  "('Z2', 'Z1', 'low', 'cooldown', 'Z1', 'Z1', 'flat')": {
    "slow down": 47.12322930444072,
    "keep going": 45.732604862287715,
    "accelerate": 43.45388005107886
  },
  "('Z1', 'Z1', 'low', 'cooldown', 'Z1', 'Z1', 'flat')": {
    "slow down": 47.97672762088114,
    "keep going": 47.92281582533554,
    "accelerate": 47.45564144543873
  },
  "('Z1', 'Z1', 'low', 'cooldown', 'Z1', 'Z1', 'uphill')": {
    "slow down": 47.9389076078804,
    "keep going": 47.96539219852187,
    "accelerate": 47.50333162238876
  },
  "('Z1', 'Z1', 'low', 'cooldown', 'Z1', 'Z1', 'downhill')": {
    "slow down": 47.95388928115694,
    "keep going": 47.93136170599287,
    "accelerate": 47.48043272276498
  },
  "('Z1', 'Z2', 'low', 'cooldown', 'Z1', 'Z1', 'flat')": {
    "slow down": 49.49311515083271,
    "keep going": 47.87430788479812,
    "accelerate": 40.56768543647624
  },
  "('Z1', 'Z2', 'low', 'cooldown', 'Z1', 'Z1', 'uphill')": {
    "slow down": 49.49882188741291,
    "keep going": 35.017024087974754,
    "accelerate": 25.888523189712892
  },
  "('Z2', 'Z1', 'low', 'cooldown', 'Z1', 'Z1', 'uphill')": {
    "slow down": 4.959481546408649,
    "keep going": 47.92271198243755,
    "accelerate": 10.999419803333385
  },
  "('Z2', 'Z2', 'low', 'cooldown', 'Z1', 'Z1', 'uphill')": {
    "slow down": 39.809021698692774,
    "keep going": 9.101681188846449,
    "accelerate": 1.0048626255151354
  },
  "('Z2', 'Z2', 'low', 'push', 'Z2', 'Z2', 'uphill')": {
    "slow down": 47.102586704941785,
    "keep going": 47.988665568283665,
    "accelerate": 47.14201044770815
  },
  "('Z2', 'Z2', 'low', 'push', 'Z2', 'Z2', 'downhill')": {
    "slow down": 47.143492716495615,
    "keep going": 48.001968918045044,
    "accelerate": 46.95475419133895
  },
  "('Z2', 'Z3', 'low', 'cooldown', 'Z1', 'Z1', 'uphill')": {
    "slow down": 33.55118930112283,
    "keep going": 3.7830516080007897,
    "accelerate": 0.0
  },