{
  "('Z1', 'Z1', 'low', 'warmup', 'Z1', 'Z1', 'flat')": {
    "slow down": 254.57422178918995,
    "keep going": 254.5181726968363,
    "accelerate": 253.8632209079024
  },
  "('Z1', 'Z1', 'low', 'warmup', 'Z1', 'Z1', 'downhill')": {
    "slow down": 255.35078075327576,
    "keep going": 256.3815502569676,
    "accelerate": 254.20460938100976
  },
  "('Z1', 'Z1', 'low', 'warmup', 'Z1', 'Z1', 'uphill')": {
    "slow down": 255.47542026438242,
    "keep going": 256.4039577449035,
    "accelerate": 254.1291053973965
  },
  "('Z1', 'Z2', 'low', 'warmup', 'Z1', 'Z1', 'flat')": {
    "slow down": 255.47610534224816,
    "keep going": 239.20711699603748,
    "accelerate": 106.76903647139768
  },
  "('Z1', 'Z2', 'low', 'warmup', 'Z1', 'Z1', 'uphill')": {
    "slow down": 108.92493582234819,
    "keep going": 254.4113114559674,
    "accelerate": 22.98871601206905
  },
  "('Z1', 'Z2', 'low', 'warmup', 'Z1', 'Z1', 'downhill')": {
    "slow down": 255.49619471691332,
    "keep going": 132.43440212589962,
    "accelerate": 10.576201645076821
  },
  "('Z2', 'Z3', 'low', 'warmup', 'Z1', 'Z1', 'flat')": {
    "slow down": 147.56896768105457,
    "keep going": 11.347838811943507,
    "accelerate": -0.007282494829250849
  },
  "('Z2', 'Z2', 'low', 'warmup', 'Z1', 'Z1', 'downhill')": {
    "slow down": 148.85978174877866,
    "keep going": 0.0,
    "accelerate": 0.0
  },
  "('Z2', 'Z1', 'low', 'warmup', 'Z1', 'Z1', 'flat')": {
    "slow down": 222.6537408564887,
    "keep going": 43.25647029418798,
    "accelerate": 32.762742539991294
  },
  "('Z2', 'Z2', 'low', 'warmup', 'Z1', 'Z1', 'flat')": {
    "slow down": 230.1991764401858,
    "keep going": 4.963424077761077,
    "accelerate": 16.219711417754702
  },
  "('Z2', 'Z1', 'low', 'warmup', 'Z1', 'Z1', 'uphill')": {
    "slow down": 82.97216482348523,
    "keep going": 0.0,
    "accelerate": 0.0
  },
  "('Z1', 'Z1', 'low', 'push', 'Z2', 'Z2', 'flat')": {
    "slow down": 215.14951222949347,
    "keep going": 203.0747481698581,
    "accelerate": 238.28658750101235
  },
  "('Z1', 'Z1', 'low', 'push', 'Z2', 'Z2', 'downhill')": {
    "slow down": 128.21051909461613,
    "keep going": 215.65337028200048,
    "accelerate": 151.42548044194703
  },
  "('Z1', 'Z2', 'low', 'push', 'Z2', 'Z2', 'flat')": {
    "slow down": 220.94518584321588,
    "keep going": 204.66279620410543,
    "accelerate": 239.1233238218451
  },
  "('Z1', 'Z1', 'low', 'push', 'Z2', 'Z2', 'uphill')": {
    "slow down": 214.7242824339158,
    "keep going": 128.00717574224495,
    "accelerate": 127.36896851578722
  },
  "('Z1', 'Z2', 'low', 'push', 'Z2', 'Z2', 'downhill')": {
    "slow down": 175.00248021046662,
    "keep going": 84.8622742661637,
    "accelerate": 60.550185652972765
  },
  "('Z2', 'Z3', 'low', 'push', 'Z2', 'Z2', 'flat')": {
    "slow down": 240.5541788859364,
    "keep going": 235.9842940519921,
    "accelerate": 91.10530062933728
  },
  "('Z2', 'Z2', 'low', 'push', 'Z2', 'Z2', 'flat')": {
    "slow down": 238.56544466935594,
    "keep going": 239.3849080771596,
    "accelerate": 238.58805457175288
  },
  "('Z2', 'Z1', 'low', 'push', 'Z2', 'Z2', 'flat')": {
    "slow down": 237.7130197897056,
    "keep going": 237.05541125511257,
    "accelerate": 240.48320184260038
  },
  "('Z1', 'Z2', 'low', 'push', 'Z2', 'Z2', 'uphill')": {
    "slow down": 182.47415612359345,
    "keep going": 64.92826054759117,
    "accelerate": 36.22443094255535
  },
  "('Z1', 'Z1', 'low', 'cooldown', 'Z1', 'Z1', 'downhill')": {
    "slow down": 239.85847849039988,
    "keep going": 239.70898098634964,
    "accelerate": 239.42536941414363
  },
  "('Z1', 'Z1', 'low', 'cooldown', 'Z1', 'Z1', 'flat')": {
    "slow down": 239.75911083027873,
    "keep going": 239.8543017087819,
    "accelerate": 239.35746822522296
  },
  "('Z1', 'Z1', 'low', 'cooldown', 'Z1', 'Z1', 'uphill')": {
    "slow down": 239.68883093405518,
    "keep going": 239.85687552312237,
    "accelerate": 239.4045958170649
  },
  "('Z1', 'Z2', 'low', 'cooldown', 'Z1', 'Z1', 'flat')": {
    "slow down": 241.3257057271198,
    "keep going": 238.7164621559693,
    "accelerate": 184.13589052873627
  },
  "('Z1', 'Z2', 'low', 'cooldown', 'Z1', 'Z1', 'downhill')": {
    "slow down": 241.3832512946735,
    "keep going": 124.05748340202032,
    "accelerate": 34.351651646052545
  },
  "('Z1', 'Z2', 'low', 'cooldown', 'Z1', 'Z1', 'uphill')": {
    "slow down": 241.38196640597064,
    "keep going": 129.93834945549693,
    "accelerate": 12.197972544628387
  },
  "('Z2', 'Z3', 'low', 'cooldown', 'Z1', 'Z1', 'flat')": {
    "slow down": 211.9572828792484,
    "keep going": 23.264350879778455,
    "accelerate": 0.14994337451625595
  },
  "('Z2', 'Z2', 'low', 'cooldown', 'Z1', 'Z1', 'flat')": {
    "slow down": 236.3393735265994,
    "keep going": 44.040365292494414,
    "accelerate": 21.746744453353337
  },
  "('Z2', 'Z1', 'low', 'cooldown', 'Z1', 'Z1', 'flat')": {
    "slow down": 239.09394467715026,
    "keep going": 215.76967218629946,
    "accelerate": 175.38826528392454
  },
  "('Z2', 'Z2', 'low', 'cooldown', 'Z1', 'Z1', 'uphill')": {
    "slow down": 138.9283219240251,
    "keep going": 0.0,
    "accelerate": 0.0
  },
  "('Z2', 'Z1', 'low', 'warmup', 'Z1', 'Z1', 'downhill')": {
    "slow down": 111.80948498009124,
    "keep going": 0.0,
    "accelerate": 0.8225364325417681
  },
  "('Z2', 'Z2', 'low', 'warmup', 'Z1', 'Z1', 'uphill')": {
    "slow down": 180.4878944738621,
    "keep going": 17.071391052144797,
    "accelerate": 0.0
  },
  "('Z2', 'Z3', 'low', 'warmup', 'Z1', 'Z1', 'downhill')": {
    "slow down": 53.55048733127078,
    "keep going": 2.679232801201312,
    "accelerate": 0.0
  },
  "('Z2', 'Z4', 'low', 'push', 'Z2', 'Z2', 'flat')": {
    "slow down": 90.12978667304414,
    "keep going": 0.0010436035329844772,
    "accelerate": 0.0
  },
  "('Z2', 'Z4', 'low', 'push', 'Z2', 'Z2', 'downhill')": {
    "slow down": 0.2890012524907394,
    "keep going": -0.033075612615984795,
    "accelerate": 0.0
  },
  "('Z3', 'Z3', 'low', 'push', 'Z2', 'Z2', 'flat')": {
    "slow down": 193.0867724950556,
    "keep going": 0.9452314673706147,
    "accelerate": 4.536483988181029
  },
  "('Z2', 'Z1', 'low', 'push', 'Z2', 'Z2', 'downhill')": {
    "slow down": 238.96665271249321,
    "keep going": 73.72203711418271,
    "accelerate": 162.2680743458933
  },
  "('Z2', 'Z2', 'low', 'push', 'Z2', 'Z2', 'downhill')": {
    "slow down": 238.78221317113523,
    "keep going": 239.74626692031276,
    "accelerate": 238.49158374821883
  },
  "('Z2', 'Z1', 'low', 'push', 'Z2', 'Z2', 'uphill')": {
    "slow down": 238.93974097014262,
    "keep going": 104.62344119094737,
    "accelerate": 70.4573233787203
  },
  "('Z2', 'Z1', 'low', 'cooldown', 'Z1', 'Z1', 'downhill')": {
    "slow down": 0.0,
    "keep going": 194.55128376629628,
    "accelerate": 0.0
  },
  "('Z2', 'Z3', 'low', 'push', 'Z2', 'Z2', 'downhill')": {
    "slow down": 240.32458779169878,
    "keep going": 70.97355356254434,
    "accelerate": 24.26419626867444
  },
  "('Z2', 'Z3', 'low', 'push', 'Z2', 'Z2', 'uphill')": {
    "slow down": 239.9581435072173,
    "keep going": 64.67536724851894,
    "accelerate": 0.0
  },
  "('Z2', 'Z1', 'low', 'cooldown', 'Z1', 'Z1', 'uphill')": {
    "slow down": 0.0,
    "keep going": 0.0,
    "accelerate": 101.27453960828444
  },
  "('Z2', 'Z2', 'low', 'cooldown', 'Z1', 'Z1', 'downhill')": {
    "slow down": 237.8076249263396,
    "keep going": 156.86757370734358,
    "accelerate": 19.937136892587773
  },
  "('Z2', 'Z2', 'low', 'push', 'Z2', 'Z2', 'uphill')": {
    "slow down": 239.03377879961442,
    "keep going": 239.76494028117668,
    "accelerate": 238.89547059293514
  },
  "('Z2', 'Z3', 'low', 'cooldown', 'Z1', 'Z1', 'downhill')": {
    "slow down": 127.52222450977771,
    "keep going": 0.0,
    "accelerate": 0.0
  },
  "('Z2', 'Z4', 'low', 'cooldown', 'Z1', 'Z1', 'downhill')": {
    "slow down": 0.6244087530513963,
    "keep going": 0.0,
    "accelerate": 0.0
  },