{
  "('Z1', 'Z1', 'low', 'warmup', 'Z1', 'Z1', 'flat')": {
    "slow down": 127.28862621621599,
    "keep going": 127.38133507787649,
    "accelerate": 126.43707013230708
  },
  "('Z1', 'Z1', 'low', 'warmup', 'Z1', 'Z1', 'downhill')": {
    "slow down": 127.52992133044819,
    "keep going": 128.33961181287938,
    "accelerate": 126.43074456754746
  },
  "('Z1', 'Z2', 'low', 'warmup', 'Z1', 'Z1', 'downhill')": {
    "slow down": 127.61903803616356,
    "keep going": 33.335868721112554,
    "accelerate": 2.8220292972175702
  },
  "('Z1', 'Z1', 'low', 'warmup', 'Z1', 'Z1', 'uphill')": {
    "slow down": 127.71685217580472,
    "keep going": 128.31237014843163,
    "accelerate": 126.43173074718834
  },
  "('Z2', 'Z3', 'low', 'warmup', 'Z1', 'Z1', 'flat')": {
    "slow down": 28.94148033548117,
    "keep going": 1.0036468847867799,
    "accelerate": -0.17140581292892143
  },
  "('Z2', 'Z2', 'low', 'warmup', 'Z1', 'Z1', 'downhill')": {
    "slow down": 17.362510668631476,
    "keep going": 0.0,
    "accelerate": 0.0
  },
  "('Z2', 'Z1', 'low', 'warmup', 'Z1', 'Z1', 'flat')": {
    "slow down": 101.87755371652142,
    "keep going": 0.3091468472161195,
    "accelerate": 1.5728845732068675
  },
  "('Z1', 'Z2', 'low', 'warmup', 'Z1', 'Z1', 'flat')": {
    "slow down": 127.69170745639869,
    "keep going": 104.56948205867823,
    "accelerate": 11.439744119730527
  },
  "('Z1', 'Z2', 'low', 'warmup', 'Z1', 'Z1', 'uphill')": {
    "slow down": 127.68327146030096,
    "keep going": 15.048868905299042,
    "accelerate": 0.9191583932424725
  },
  "('Z1', 'Z1', 'low', 'push', 'Z2', 'Z2', 'flat')": {
    "slow down": 99.66492539872225,
    "keep going": 100.18720912378741,
    "accelerate": 108.66198935108771
  },
  "('Z1', 'Z1', 'low', 'push', 'Z2', 'Z2', 'downhill')": {
    "slow down": 106.38869049534266,
    "keep going": 66.55544332572188,
    "accelerate": 60.33220283272423
  },
  "('Z1', 'Z1', 'low', 'push', 'Z2', 'Z2', 'uphill')": {
    "slow down": 67.74454021946784,
    "keep going": 58.999125316747815,
    "accelerate": 119.89178681926741
  },
  "('Z1', 'Z2', 'low', 'push', 'Z2', 'Z2', 'downhill')": {
    "slow down": 13.598873253406369,
    "keep going": 113.42725476715141,
    "accelerate": 10.186743909552957
  },
  "('Z1', 'Z2', 'low', 'push', 'Z2', 'Z2', 'flat')": {
    "slow down": 106.8701118255833,
    "keep going": 105.70837530322383,
    "accelerate": 113.7129256289702
  },
  "('Z1', 'Z2', 'low', 'push', 'Z2', 'Z2', 'uphill')": {
    "slow down": 78.19650438034998,
    "keep going": 5.474556152339016,
    "accelerate": 11.53084077696159
  },
  "('Z2', 'Z3', 'low', 'push', 'Z2', 'Z2', 'flat')": {
    "slow down": 120.73085628566065,
    "keep going": 119.28134447204631,
    "accelerate": 101.38543999798136
  },
  "('Z2', 'Z2', 'low', 'push', 'Z2', 'Z2', 'flat')": {
    "slow down": 118.89262813323161,
    "keep going": 119.56038851999855,
    "accelerate": 119.06412136260133
  },
  "('Z2', 'Z1', 'low', 'push', 'Z2', 'Z2', 'flat')": {
    "slow down": 118.93599412531023,
    "keep going": 118.79461538463222,
    "accelerate": 120.86716951811782
  },
  "('Z2', 'Z4', 'low', 'push', 'Z2', 'Z2', 'flat')": {
    "slow down": 93.43378244417825,
    "keep going": 0.3539094761209437,
    "accelerate": 0.586765161115116
  },
  "('Z2', 'Z2', 'low', 'push', 'Z2', 'Z2', 'downhill')": {
    "slow down": 119.26494452606515,
    "keep going": 119.94032832998876,
    "accelerate": 119.27200207188766
  },
  "('Z2', 'Z2', 'low', 'push', 'Z2', 'Z2', 'uphill')": {
    "slow down": 119.19855536962991,
    "keep going": 119.93586592270998,
    "accelerate": 119.33118259749656
  },
  "('Z2', 'Z3', 'low', 'push', 'Z2', 'Z2', 'uphill')": {
    "slow down": 120.01251789566274,
    "keep going": 65.89737144754096,
    "accelerate": 62.62795908579166
  },
  "('Z2', 'Z1', 'low', 'push', 'Z2', 'Z2', 'downhill')": {
    "slow down": 119.29640416050354,
    "keep going": 64.82846001751727,
    "accelerate": 75.2478181619929
  },
  "('Z1', 'Z1', 'low', 'push', 'Z3', 'Z3', 'flat')": {
    "slow down": -0.041745016847906345,
    "keep going": -0.027417670664764804,
    "accelerate": 32.39453235238138
  },
  "('Z1', 'Z2', 'low', 'push', 'Z3', 'Z3', 'flat')": {
    "slow down": -0.0272009109311353,
    "keep going": -0.016561379477624497,
    "accelerate": 0.6845766830890913
  },
  "('Z2', 'Z3', 'low', 'push', 'Z3', 'Z3', 'flat')": {
    "slow down": 106.96639277859866,
    "keep going": 103.65571374142422,
    "accelerate": 111.24994857772327
  },
  "('Z2', 'Z2', 'low', 'push', 'Z3', 'Z3', 'flat')": {
    "slow down": 107.1519687417843,
    "keep going": 107.71651827526857,
    "accelerate": 112.65186120070443
  },
  "('Z2', 'Z1', 'low', 'push', 'Z3', 'Z3', 'flat')": {
    "slow down": 82.40999012575999,
    "keep going": 89.40517944434887,
    "accelerate": 110.90373942108528
  },
  "('Z2', 'Z2', 'low', 'cooldown', 'Z1', 'Z1', 'flat')": {
    "slow down": 0.0,
    "keep going": 0.0,
    "accelerate": 0.0
  },
  "('Z2', 'Z2', 'low', 'warmup', 'Z1', 'Z1', 'flat')": {
    "slow down": 60.696467618044764,
    "keep going": 5.313428277772937,
    "accelerate": -0.09896105354739186
  },
  "('Z2', 'Z3', 'low', 'push', 'Z2', 'Z2', 'downhill')": {
    "slow down": 120.61686323263189,
    "keep going": 82.26906241483259,
    "accelerate": 52.87499114794917
  },
  "('Z2', 'Z1', 'low', 'push', 'Z2', 'Z2', 'uphill')": {
    "slow down": 119.08935906317289,
    "keep going": 76.34499913128907,
    "accelerate": 88.24404937319353
  },
  "('Z2', 'Z4', 'low', 'push', 'Z3', 'Z3', 'flat')": {
    "slow down": 0.7218656044926576,
    "keep going": 89.14212610416278,
    "accelerate": 0.0
  },
  "('Z3', 'Z3', 'low', 'push', 'Z3', 'Z3', 'flat')": {
    "slow down": 108.07301413223617,
    "keep going": 109.88236947655643,
    "accelerate": 110.03452306674566
  },
  "('Z2', 'Z3', 'low', 'warmup', 'Z1', 'Z1', 'downhill')": {
    "slow down": 10.405455656965927,
    "keep going": 0.480038392068745,
    "accelerate": 0.0
  },
  "('Z2', 'Z1', 'low', 'warmup', 'Z1', 'Z1', 'uphill')": {
    "slow down": 31.971331153220504,
    "keep going": 0.0,
    "accelerate": 0.0
  },
  "('Z2', 'Z1', 'low', 'warmup', 'Z1', 'Z1', 'downhill')": {
    "slow down": 51.350511898232426,
    "keep going": 0.0,
    "accelerate": 0.0
  },
  "('Z3', 'Z4', 'low', 'push', 'Z3', 'Z3', 'flat')": {
    "slow down": 113.11805211020092,
    "keep going": 105.11324786424393,
    "accelerate": 85.03830102633093
  },
  "('Z3', 'Z2', 'low', 'push', 'Z3', 'Z3', 'flat')": {
    "slow down": 104.29002589386131,
    "keep going": 97.5459476385638,
    "accelerate": 113.35823179588878
  },
  "('Z2', 'Z2', 'low', 'warmup', 'Z1', 'Z1', 'uphill')": {
    "slow down": 14.839489229971822,
    "keep going": 0.0,
    "accelerate": 0.0
  },
  "('Z3', 'Z5', 'low', 'push', 'Z3', 'Z3', 'flat')": {
    "slow down": 66.94723193865046,
    "keep going": 0.0,
    "accelerate": 5.182904562954146
  },
  "('Z3', 'Z1', 'low', 'push', 'Z3', 'Z3', 'flat')": {
    "slow down": 102.6405487594339,
    "keep going": 22.599662864446678,
    "accelerate": 22.45343284004408
  },
  "('Z3', 'Z5', 'low', 'push', 'Z2', 'Z2', 'flat')": {
    "slow down": 28.72177423736519,
    "keep going": 1.1492492996293797,
    "accelerate": -0.08192052682363121
  },
  "('Z3', 'Z4', 'low', 'push', 'Z2', 'Z2', 'flat')": {
    "slow down": 108.38149076634146,
    "keep going": 10.350349398812373,
    "accelerate": 3.9605569883076455
  },
  "('Z3', 'Z3', 'low', 'push', 'Z2', 'Z2', 'flat')": {
    "slow down": 113.08363306471418,
    "keep going": 48.34806871116141,
    "accelerate": 34.21958939754328
  },
  "('Z3', 'Z2', 'low', 'push', 'Z2', 'Z2', 'flat')": {
    "slow down": 119.01960628909487,
    "keep going": 46.4441707057798,
    "accelerate": 34.06317395720171
  },
  "('Z3', 'Z1', 'low', 'push', 'Z2', 'Z2', 'flat')": {
    "slow down": 46.04549635100296,
    "keep going": 0.0,
    "accelerate": 0.0
  },