{
  "('Z1', 'Z1', 'low', 'warmup', 'Z1', 'Z1', 'flat')": {
    "slow down": 127.63454394309356,
    "keep going": 127.64159319357306,
    "accelerate": 126.52902368861108
  },
  "('Z1', 'Z2', 'low', 'warmup', 'Z1', 'Z1', 'downhill')": {
    "slow down": 127.94790245481623,
    "keep going": 36.10329876622565,
    "accelerate": 1.7534108123819152
  },
  "('Z1', 'Z1', 'low', 'warmup', 'Z1', 'Z1', 'downhill')": {
    "slow down": 127.9210614662818,
    "keep going": 128.50926539698818,
    "accelerate": 126.69351102364674
  },
  "('Z1', 'Z2', 'low', 'warmup', 'Z1', 'Z1', 'flat')": {
    "slow down": 127.94628236894822,
    "keep going": 92.58047219452152,
    "accelerate": 8.870541248231232
  },
  "('Z1', 'Z1', 'low', 'warmup', 'Z1', 'Z1', 'uphill')": {
    "slow down": 127.95720623136258,
    "keep going": 128.52064145945133,
    "accelerate": 126.69525402743888
  },
  "('Z2', 'Z3', 'low', 'warmup', 'Z1', 'Z1', 'flat')": {
    "slow down": 24.97636531501266,
    "keep going": 1.1131568178815427,
    "accelerate": -0.06642132789939313
  },
  "('Z2', 'Z2', 'low', 'warmup', 'Z1', 'Z1', 'flat')": {
    "slow down": 48.552444939584554,
    "keep going": 1.4809174504704246,
    "accelerate": 0.005707969001886798
  },
  "('Z2', 'Z1', 'low', 'warmup', 'Z1', 'Z1', 'flat')": {
    "slow down": 88.51844980862609,
    "keep going": 9.003271033491092,
    "accelerate": 0.0722549883935022
  },
  "('Z1', 'Z2', 'low', 'warmup', 'Z1', 'Z1', 'uphill')": {
    "slow down": 127.88924916221623,
    "keep going": 17.866560021257897,
    "accelerate": 2.5237126221630377
  },
  "('Z1', 'Z1', 'low', 'push', 'Z2', 'Z2', 'flat')": {
    "slow down": 104.85838058374244,
    "keep going": 106.53875471534396,
    "accelerate": 110.44507526949114
  },
  "('Z1', 'Z1', 'low', 'push', 'Z2', 'Z2', 'downhill')": {
    "slow down": 72.8027206688862,
    "keep going": 65.02182839210593,
    "accelerate": 119.56883520049129
  },
  "('Z1', 'Z1', 'low', 'push', 'Z2', 'Z2', 'uphill')": {
    "slow down": 64.92072473785178,
    "keep going": 106.65432925859052,
    "accelerate": 64.69084580737474
  },
  "('Z1', 'Z2', 'low', 'push', 'Z2', 'Z2', 'flat')": {
    "slow down": 111.292047094856,
    "keep going": 95.70800714441415,
    "accelerate": 88.31807643997074
  },
  "('Z1', 'Z2', 'low', 'push', 'Z2', 'Z2', 'uphill')": {
    "slow down": 81.1979902146689,
    "keep going": 21.721842802264295,
    "accelerate": 9.120515091712036
  },
  "('Z2', 'Z3', 'low', 'push', 'Z2', 'Z2', 'flat')": {
    "slow down": 120.30513493558496,
    "keep going": 99.74375448834523,
    "accelerate": 6.116565764367952
  },
  "('Z2', 'Z2', 'low', 'push', 'Z2', 'Z2', 'flat')": {
    "slow down": 118.77015372727804,
    "keep going": 119.50376497420122,
    "accelerate": 118.5235984035204
  },
  "('Z2', 'Z1', 'low', 'push', 'Z2', 'Z2', 'flat')": {
    "slow down": 116.83951383698339,
    "keep going": 116.7301657067723,
    "accelerate": 120.46404677165883
  },
  "('Z1', 'Z2', 'low', 'push', 'Z2', 'Z2', 'downhill')": {
    "slow down": 104.94208762930771,
    "keep going": 12.520280542832381,
    "accelerate": 11.574052862001917
  },
  "('Z2', 'Z4', 'low', 'push', 'Z2', 'Z2', 'flat')": {
    "slow down": 20.89949776526351,
    "keep going": 0.0025435487058879883,
    "accelerate": -0.22358621539859913
  },
  "('Z2', 'Z2', 'low', 'push', 'Z2', 'Z2', 'downhill')": {
    "slow down": 118.82489798374462,
    "keep going": 119.78161913614433,
    "accelerate": 119.2013037395173
  },
  "('Z2', 'Z1', 'low', 'push', 'Z2', 'Z2', 'downhill')": {
    "slow down": 118.83315785299058,
    "keep going": 49.47346090499758,
    "accelerate": 47.63496267134595
  },
  "('Z1', 'Z1', 'low', 'cooldown', 'Z1', 'Z1', 'downhill')": {
    "slow down": 119.89107829228489,
    "keep going": 120.03956667260802,
    "accelerate": 119.43962907113034
  },
  "('Z1', 'Z1', 'low', 'cooldown', 'Z1', 'Z1', 'flat')": {
    "slow down": 119.91414399916839,
    "keep going": 120.05237376695938,
    "accelerate": 119.23786784089523
  },
  "('Z1', 'Z1', 'low', 'cooldown', 'Z1', 'Z1', 'uphill')": {
    "slow down": 119.8814513913679,
    "keep going": 120.03090385980371,
    "accelerate": 119.43754138177371
  },
  "('Z1', 'Z2', 'low', 'cooldown', 'Z1', 'Z1', 'flat')": {
    "slow down": 121.39764990922853,
    "keep going": 110.41098193251797,
    "accelerate": 44.97862846728125
  },
  "('Z2', 'Z3', 'low', 'cooldown', 'Z1', 'Z1', 'flat')": {
    "slow down": 79.22153273654962,
    "keep going": 4.495216327420719,
    "accelerate": -0.40344820367909195
  },
  "('Z2', 'Z2', 'low', 'cooldown', 'Z1', 'Z1', 'flat')": {
    "slow down": 107.02374502338246,
    "keep going": 8.68129785269507,
    "accelerate": 2.2961071958971746
  },
  "('Z2', 'Z2', 'low', 'cooldown', 'Z1', 'Z1', 'uphill')": {
    "slow down": 28.758743321551943,
    "keep going": 0.0,
    "accelerate": 0.0619397026744537
  },
  "('Z2', 'Z1', 'low', 'cooldown', 'Z1', 'Z1', 'flat')": {
    "slow down": 67.19392481800053,
    "keep going": 117.23541795355112,
    "accelerate": 33.09519152427078
  },
  "('Z1', 'Z2', 'low', 'cooldown', 'Z1', 'Z1', 'uphill')": {
    "slow down": 121.44812080361908,
    "keep going": 17.61032955489052,
    "accelerate": 3.949411826254015
  },
  "('Z1', 'Z2', 'low', 'cooldown', 'Z1', 'Z1', 'downhill')": {
    "slow down": 121.46943937703703,
    "keep going": 25.203142335728266,
    "accelerate": 4.985996457798166
  },
  "('Z2', 'Z2', 'low', 'cooldown', 'Z1', 'Z1', 'downhill')": {
    "slow down": 115.72952349302366,
    "keep going": 18.302390736167624,
    "accelerate": 3.5674727603878664
  },
  "('Z2', 'Z4', 'low', 'cooldown', 'Z1', 'Z1', 'flat')": {
    "slow down": 2.2639163080035924,
    "keep going": -0.06164205472857597,
    "accelerate": -0.13969543780646074
  },
  "('Z3', 'Z3', 'low', 'cooldown', 'Z1', 'Z1', 'flat')": {
    "slow down": 0.00755054947238184,
    "keep going": 0.0,
    "accelerate": 0.0
  },
  "('Z2', 'Z3', 'low', 'cooldown', 'Z1', 'Z1', 'uphill')": {
    "slow down": 10.572943690734473,
    "keep going": 0.0,
    "accelerate": 0.0
  },
  "('Z2', 'Z3', 'low', 'cooldown', 'Z1', 'Z1', 'downhill')": {
    "slow down": 1.0160269811539795,
    "keep going": 26.26033136182457,
    "accelerate": -0.07821621306419678
  },
  "('Z2', 'Z3', 'low', 'warmup', 'Z1', 'Z1', 'downhill')": {
    "slow down": 1.8852053436587737,
    "keep going": 0.007617751545911731,
    "accelerate": 0.0
  },
  "('Z2', 'Z1', 'low', 'warmup', 'Z1', 'Z1', 'uphill')": {
    "slow down": 24.473680476189664,
    "keep going": 0.0,
    "accelerate": 0.0
  },
  "('Z2', 'Z3', 'low', 'warmup', 'Z1', 'Z1', 'uphill')": {
    "slow down": 6.747815058773016,
    "keep going": 0.0,
    "accelerate": -0.06185463211542211
  },
  "('Z2', 'Z4', 'low', 'warmup', 'Z1', 'Z1', 'flat')": {
    "slow down": 0.3527609734430749,
    "keep going": 0.0,
    "accelerate": -0.12378207071396835
  },
  "('Z3', 'Z5', 'low', 'warmup', 'Z1', 'Z1', 'flat')": {
    "slow down": -0.087590836305181,
    "keep going": 0.0,
    "accelerate": 0.0
  },
  "('Z3', 'Z4', 'low', 'warmup', 'Z1', 'Z1', 'flat')": {
    "slow down": -0.03819476497503386,
    "keep going": 0.0,
    "accelerate": 0.0
  },
  "('Z3', 'Z3', 'low', 'warmup', 'Z1', 'Z1', 'flat')": {
    "slow down": -0.028374738249882077,
    "keep going": 0.0,
    "accelerate": 0.0
  },
  "('Z3', 'Z2', 'low', 'warmup', 'Z1', 'Z1', 'flat')": {
    "slow down": 0.2147277248822399,
    "keep going": 0.0,
    "accelerate": 0.0
  },
  "('Z2', 'Z1', 'low', 'warmup', 'Z1', 'Z1', 'downhill')": {
    "slow down": 38.79337669970209,
    "keep going": 0.0,
    "accelerate": 0.08998613103318578
  },
  "('Z2', 'Z1', 'low', 'push', 'Z2', 'Z2', 'uphill')": {
    "slow down": 118.8407374390722,
    "keep going": 27.736752657811238,
    "accelerate": 18.48084894907648
  },
  "('Z2', 'Z3', 'low', 'push', 'Z2', 'Z2', 'downhill')": {
    "slow down": 120.56274959443745,
    "keep going": 10.354461875795174,
    "accelerate": 1.3845596041003416
  },