{
  "('Z1', 'Z1', 'low', 'warmup', 'Z1', 'Z1', 'flat')": {
    "slow down": 127.8993845661639,
    "keep going": 127.74893787887858,
    "accelerate": 126.97493382327661
  },
  "('Z1', 'Z2', 'low', 'warmup', 'Z1', 'Z1', 'downhill')": {
    "slow down": 128.25587959576973,
    "keep going": 77.55584523340517,
    "accelerate": 48.631269331597736
  },
  "('Z1', 'Z1', 'low', 'warmup', 'Z1', 'Z1', 'downhill')": {
    "slow down": 128.36471497934164,
    "keep going": 128.9989628649513,
    "accelerate": 127.14699098734164
  },
  "('Z1', 'Z2', 'low', 'warmup', 'Z1', 'Z1', 'flat')": {
    "slow down": 128.27023686524151,
    "keep going": 122.18971545663445,
    "accelerate": 81.41432492825473
  },
  "('Z1', 'Z1', 'low', 'warmup', 'Z1', 'Z1', 'uphill')": {
    "slow down": 128.28598539656429,
    "keep going": 129.01011429551292,
    "accelerate": 127.1769985484439
  },
  "('Z1', 'Z2', 'low', 'warmup', 'Z1', 'Z1', 'uphill')": {
    "slow down": 128.41196269335416,
    "keep going": 97.44766694587864,
    "accelerate": 47.98884210282097
  },
  "('Z2', 'Z3', 'low', 'warmup', 'Z1', 'Z1', 'flat')": {
    "slow down": 102.26337510732019,
    "keep going": 36.79852388939404,
    "accelerate": 1.2700810618929648
  },
  "('Z2', 'Z2', 'low', 'warmup', 'Z1', 'Z1', 'flat')": {
    "slow down": 116.98694017654006,
    "keep going": 45.8488148913073,
    "accelerate": 26.18358265922685
  },
  "('Z2', 'Z1', 'low', 'warmup', 'Z1', 'Z1', 'flat')": {
    "slow down": 124.02565039714663,
    "keep going": 72.5615117175059,
    "accelerate": 38.16442720914722
  },
  "('Z2', 'Z3', 'low', 'warmup', 'Z1', 'Z1', 'downhill')": {
    "slow down": 70.94871268651373,
    "keep going": 0.0,
    "accelerate": -0.09086572527432943
  },
  "('Z2', 'Z3', 'low', 'warmup', 'Z1', 'Z1', 'uphill')": {
    "slow down": 57.44882936211594,
    "keep going": 6.067160875827705,
    "accelerate": 0.6373623123032635
  },
  "('Z2', 'Z1', 'low', 'warmup', 'Z1', 'Z1', 'uphill')": {
    "slow down": 79.9288711657688,
    "keep going": 1.2436623412662158,
    "accelerate": 20.277354172826005
  },
  "('Z2', 'Z1', 'low', 'warmup', 'Z1', 'Z1', 'downhill')": {
    "slow down": 61.99135322531482,
    "keep going": 37.96059533551177,
    "accelerate": 10.810080435591782
  },
  "('Z2', 'Z2', 'low', 'warmup', 'Z1', 'Z1', 'uphill')": {
    "slow down": 7.840128586097669,
    "keep going": 0.0,
    "accelerate": 60.94024126373433
  },
  "('Z1', 'Z1', 'low', 'push', 'Z2', 'Z2', 'flat')": {
    "slow down": 97.49664808372819,
    "keep going": 95.65317620220188,
    "accelerate": 116.93631962922589
  },
  "('Z1', 'Z2', 'low', 'push', 'Z2', 'Z2', 'flat')": {
    "slow down": 104.92679171150682,
    "keep going": 117.75969028809483,
    "accelerate": 106.29731607420274
  },
  "('Z1', 'Z2', 'low', 'push', 'Z2', 'Z2', 'downhill')": {
    "slow down": 82.62549777761069,
    "keep going": 26.407470761056217,
    "accelerate": 27.987185543357874
  },
  "('Z2', 'Z2', 'low', 'push', 'Z2', 'Z2', 'uphill')": {
    "slow down": 118.678443923472,
    "keep going": 120.00039857994963,
    "accelerate": 119.20617411651855
  },
  "('Z1', 'Z1', 'low', 'push', 'Z2', 'Z2', 'downhill')": {
    "slow down": 65.98667964233563,
    "keep going": 100.97040188874877,
    "accelerate": 59.6395797739132
  },
  "('Z1', 'Z1', 'low', 'push', 'Z2', 'Z2', 'uphill')": {
    "slow down": 62.82158005261239,
    "keep going": 99.96205854386285,
    "accelerate": 55.12277680297056
  },
  "('Z1', 'Z2', 'low', 'push', 'Z2', 'Z2', 'uphill')": {
    "slow down": 74.34881816471767,
    "keep going": 27.739706819503972,
    "accelerate": 25.74210638763258
  },
  "('Z2', 'Z2', 'low', 'push', 'Z2', 'Z2', 'flat')": {
    "slow down": 118.11337446260556,
    "keep going": 119.615368495816,
    "accelerate": 119.0600663693742
  },
  "('Z2', 'Z3', 'low', 'push', 'Z2', 'Z2', 'flat')": {
    "slow down": 120.58507003219917,
    "keep going": 118.73989321366034,
    "accelerate": 75.03988719763818
  },
  "('Z2', 'Z1', 'low', 'push', 'Z2', 'Z2', 'flat')": {
    "slow down": 117.18086929509744,
    "keep going": 118.58005321327333,
    "accelerate": 120.29314597675194
  },
  "('Z2', 'Z1', 'low', 'push', 'Z2', 'Z2', 'uphill')": {
    "slow down": 118.87296008506112,
    "keep going": 58.72280086494638,
    "accelerate": 66.2593937063785
  },
  "('Z1', 'Z1', 'low', 'cooldown', 'Z1', 'Z1', 'downhill')": {
    "slow down": 120.08683045197132,
    "keep going": 119.84700552056252,
    "accelerate": 119.42975869777761
  },
  "('Z1', 'Z1', 'low', 'cooldown', 'Z1', 'Z1', 'flat')": {
    "slow down": 119.99057357253938,
    "keep going": 120.03971751167852,
    "accelerate": 119.1526993416211
  },
  "('Z1', 'Z2', 'low', 'cooldown', 'Z1', 'Z1', 'uphill')": {
    "slow down": 121.37623699790149,
    "keep going": 85.21036882410709,
    "accelerate": 59.112147150452394
  },
  "('Z1', 'Z2', 'low', 'cooldown', 'Z1', 'Z1', 'flat')": {
    "slow down": 121.43370478331138,
    "keep going": 119.78772288011163,
    "accelerate": 97.59799492897577
  },
  "('Z1', 'Z1', 'low', 'cooldown', 'Z1', 'Z1', 'uphill')": {
    "slow down": 119.78960481515712,
    "keep going": 120.04639881899377,
    "accelerate": 119.3755942393892
  },
  "('Z2', 'Z3', 'low', 'cooldown', 'Z1', 'Z1', 'flat')": {
    "slow down": 112.55481173563804,
    "keep going": 60.39932852780001,
    "accelerate": 13.52286740021231
  },
  "('Z2', 'Z2', 'low', 'cooldown', 'Z1', 'Z1', 'flat')": {
    "slow down": 118.6831119388687,
    "keep going": 83.7220836820452,
    "accelerate": 44.47775778549514
  },
  "('Z2', 'Z1', 'low', 'cooldown', 'Z1', 'Z1', 'flat')": {
    "slow down": 119.32312799241181,
    "keep going": 111.3914638325879,
    "accelerate": 106.1077860649147
  },
  "('Z2', 'Z3', 'low', 'cooldown', 'Z1', 'Z1', 'uphill')": {
    "slow down": 0.1928718305445229,
    "keep going": 80.6978491542732,
    "accelerate": 0.0
  },
  "('Z2', 'Z1', 'low', 'cooldown', 'Z1', 'Z1', 'uphill')": {
    "slow down": 112.16026733979405,
    "keep going": 5.635065509353049,
    "accelerate": 19.782847527632164
  },
  "('Z1', 'Z2', 'low', 'cooldown', 'Z1', 'Z1', 'downhill')": {
    "slow down": 121.43046849229681,
    "keep going": 82.75091748168356,
    "accelerate": 64.31531892115264
  },
  "('Z2', 'Z1', 'low', 'cooldown', 'Z1', 'Z1', 'downhill')": {
    "slow down": 110.80367636369468,
    "keep going": 0.0,
    "accelerate": 18.08500633998532
  },
  "('Z2', 'Z2', 'low', 'cooldown', 'Z1', 'Z1', 'downhill')": {
    "slow down": 117.78570477425177,
    "keep going": 71.00531592509057,
    "accelerate": 57.647715393206454
  },
  "('Z2', 'Z4', 'low', 'cooldown', 'Z1', 'Z1', 'flat')": {
    "slow down": 51.28355197383126,
    "keep going": -0.39909276963396634,
    "accelerate": -0.5314815918159227
  },
  "('Z3', 'Z4', 'low', 'cooldown', 'Z1', 'Z1', 'flat')": {
    "slow down": 3.9345410990601,
    "keep going": -0.5234679998503028,
    "accelerate": 0.0
  },
  "('Z3', 'Z4', 'low', 'cooldown', 'Z1', 'Z1', 'uphill')": {
    "slow down": -0.03127374866204511,
    "keep going": 0.0,
    "accelerate": 0.0
  },
  "('Z3', 'Z3', 'low', 'cooldown', 'Z1', 'Z1', 'flat')": {
    "slow down": 15.162850202758582,
    "keep going": -0.09097229696921319,
    "accelerate": -0.45565260014267434
  },
  "('Z3', 'Z2', 'low', 'cooldown', 'Z1', 'Z1', 'downhill')": {
    "slow down": 12.540922400599833,
    "keep going": 0.0,
    "accelerate": 0.0
  },
  "('Z3', 'Z3', 'low', 'cooldown', 'Z1', 'Z1', 'uphill')": {
    "slow down": -0.009527709651602235,
    "keep going": 0.032085057557295016,
    "accelerate": 0.0
  },
  "('Z3', 'Z2', 'low', 'cooldown', 'Z1', 'Z1', 'flat')": {
    "slow down": 45.724076052795645,
    "keep going": 0.0,
    "accelerate": 1.0390714231355798
  },
  "('Z3', 'Z1', 'low', 'cooldown', 'Z1', 'Z1', 'uphill')": {
    "slow down": 1.8185931585064457,
    "keep going": 0.0,
    "accelerate": 0.0
  },
  "('Z2', 'Z2', 'low', 'warmup', 'Z1', 'Z1', 'downhill')": {
    "slow down": 75.99461425574992,
    "keep going": 20.656081969944974,