{
  "('Z1', 'Z1', 'low', 'warmup', 'Z1', 'Z1', 'flat')": {
    "slow down": 226.97426691073022,
    "keep going": 221.7262570024921,
    "accelerate": 224.1118313691962
  },
  "('Z1', 'Z1', 'low', 'warmup', 'Z1', 'Z1', 'downhill')": {
    "slow down": 239.2113957691598,
    "keep going": 228.13888282793732,
    "accelerate": 226.86683251496868
  },
  "('Z1', 'Z1', 'low', 'warmup', 'Z1', 'Z1', 'uphill')": {
    "slow down": 227.286611529162,
    "keep going": 239.47895393554964,
    "accelerate": 227.00663033252917
  },
  "('Z1', 'Z2', 'low', 'warmup', 'Z1', 'Z1', 'flat')": {
    "slow down": 198.29513466483803,
    "keep going": 227.58088351035403,
    "accelerate": 174.0444302383829
  },
  "('Z2', 'Z3', 'low', 'warmup', 'Z1', 'Z1', 'flat')": {
    "slow down": 226.00987479052975,
    "keep going": 50.64387146926339,
    "accelerate": -0.12680688827602998
  },
  "('Z2', 'Z2', 'low', 'warmup', 'Z1', 'Z1', 'flat')": {
    "slow down": 226.37673984463862,
    "keep going": 184.18274213724922,
    "accelerate": 206.219072061442
  },
  "('Z2', 'Z1', 'low', 'warmup', 'Z1', 'Z1', 'flat')": {
    "slow down": 221.1170050177988,
    "keep going": 76.47262914002305,
    "accelerate": 87.84040664078103
  },
  "('Z1', 'Z2', 'low', 'warmup', 'Z1', 'Z1', 'downhill')": {
    "slow down": 231.2796018971547,
    "keep going": 166.11177967084663,
    "accelerate": 86.34193574920327
  },
  "('Z1', 'Z2', 'low', 'warmup', 'Z1', 'Z1', 'uphill')": {
    "slow down": 234.71871739304888,
    "keep going": 99.31755951912328,
    "accelerate": 35.62364491249366
  },
  "('Z2', 'Z3', 'low', 'warmup', 'Z1', 'Z1', 'downhill')": {
    "slow down": 157.286791909992,
    "keep going": 0.0,
    "accelerate": 0.0
  },
  "('Z2', 'Z1', 'low', 'warmup', 'Z1', 'Z1', 'downhill')": {
    "slow down": 213.52703485272963,
    "keep going": 0.0,
    "accelerate": 6.55352379699838
  },
  "('Z2', 'Z3', 'low', 'warmup', 'Z1', 'Z1', 'uphill')": {
    "slow down": 125.87033780833691,
    "keep going": 0.37755304929433153,
    "accelerate": 0.16035987606023344
  },
  "('Z2', 'Z1', 'low', 'push', 'Z2', 'Z2', 'flat')": {
    "slow down": 3.9802248727010956,
    "keep going": 4.3431464806068725,
    "accelerate": 4.040605783280627
  },
  "('Z1', 'Z1', 'low', 'push', 'Z2', 'Z2', 'flat')": {
    "slow down": 77.48159061511396,
    "keep going": 57.18987844791805,
    "accelerate": 75.2595293558107
  },
  "('Z2', 'Z2', 'low', 'push', 'Z2', 'Z2', 'flat')": {
    "slow down": -10.998438440166652,
    "keep going": 3.9949344121196773,
    "accelerate": 3.9591506521642192
  },
  "('Z2', 'Z2', 'low', 'push', 'Z2', 'Z2', 'downhill')": {
    "slow down": 81.49842792877912,
    "keep going": 80.76537208536979,
    "accelerate": 82.22035330536477
  },
  "('Z1', 'Z1', 'low', 'push', 'Z2', 'Z2', 'uphill')": {
    "slow down": 95.41270761897309,
    "keep going": 87.57148748174866,
    "accelerate": 86.1776601144187
  },
  "('Z1', 'Z1', 'low', 'push', 'Z2', 'Z2', 'downhill')": {
    "slow down": 84.78373711135477,
    "keep going": 95.00889898451435,
    "accelerate": 83.30839999674815
  },
  "('Z1', 'Z2', 'low', 'push', 'Z2', 'Z2', 'flat')": {
    "slow down": 83.63884633711582,
    "keep going": 66.85964202747819,
    "accelerate": 67.15897049029692
  },
  "('Z2', 'Z1', 'low', 'push', 'Z2', 'Z2', 'uphill')": {
    "slow down": 75.36437378292067,
    "keep going": -29.989770146176653,
    "accelerate": 46.42136645970597
  },
  "('Z2', 'Z2', 'low', 'push', 'Z2', 'Z2', 'uphill')": {
    "slow down": 76.30206552501478,
    "keep going": 76.26110356326716,
    "accelerate": 74.61008087496236
  },
  "('Z1', 'Z2', 'low', 'push', 'Z2', 'Z2', 'uphill')": {
    "slow down": 107.42219358274899,
    "keep going": 68.31083916149242,
    "accelerate": 61.00983384269702
  },
  "('Z1', 'Z2', 'low', 'push', 'Z2', 'Z2', 'downhill')": {
    "slow down": 107.59903524912286,
    "keep going": 92.99913643255401,
    "accelerate": 89.26741367663563
  },
  "('Z2', 'Z3', 'low', 'push', 'Z2', 'Z2', 'flat')": {
    "slow down": 6.210966513841145,
    "keep going": 6.65222156474973,
    "accelerate": 5.660715195647248
  },
  "('Z2', 'Z1', 'low', 'push', 'Z2', 'Z2', 'downhill')": {
    "slow down": 70.46530903249825,
    "keep going": 20.420927886112253,
    "accelerate": 3.6904350368903245
  },
  "('Z2', 'Z3', 'low', 'push', 'Z2', 'Z2', 'downhill')": {
    "slow down": 70.9191729475203,
    "keep going": 42.345766477970926,
    "accelerate": 14.530559008978962
  },
  "('Z2', 'Z3', 'low', 'push', 'Z2', 'Z2', 'uphill')": {
    "slow down": 75.80763195947479,
    "keep going": 34.57089836603345,
    "accelerate": 9.889666921709992
  },
  "('Z2', 'Z4', 'low', 'push', 'Z2', 'Z2', 'flat')": {
    "slow down": 28.13272151630341,
    "keep going": -65.58282369863129,
    "accelerate": -66.97717818568913
  },
  "('Z3', 'Z3', 'low', 'push', 'Z2', 'Z2', 'downhill')": {
    "slow down": 75.57864187519273,
    "keep going": -57.95725926947238,
    "accelerate": -47.20057270023005
  },
  "('Z3', 'Z4', 'low', 'push', 'Z2', 'Z2', 'flat')": {
    "slow down": 3.702069616941247,
    "keep going": -83.20647797809009,
    "accelerate": -95.7825554953299
  },
  "('Z3', 'Z3', 'low', 'push', 'Z2', 'Z2', 'flat')": {
    "slow down": 5.84298499392526,
    "keep going": 6.430953264914452,
    "accelerate": 6.44826414011651
  },
  "('Z3', 'Z2', 'low', 'push', 'Z2', 'Z2', 'flat')": {
    "slow down": 5.580559446489948,
    "keep going": -95.30995199892199,
    "accelerate": -78.86013840162744
  },
  "('Z1', 'Z1', 'low', 'push', 'Z3', 'Z3', 'flat')": {
    "slow down": -128.6560724423529,
    "keep going": -136.49605031039303,
    "accelerate": -79.46826877694436
  },
  "('Z1', 'Z2', 'low', 'push', 'Z3', 'Z3', 'flat')": {
    "slow down": -144.3385718578169,
    "keep going": -122.2888361121428,
    "accelerate": -146.2607529887875
  },
  "('Z2', 'Z2', 'low', 'push', 'Z3', 'Z3', 'flat')": {
    "slow down": -88.97001613326029,
    "keep going": -137.9185362564265,
    "accelerate": -149.68241873676857
  },
  "('Z2', 'Z1', 'low', 'push', 'Z3', 'Z3', 'flat')": {
    "slow down": -134.9569010888532,
    "keep going": -172.31101960586165,
    "accelerate": -217.61833125217532
  },
  "('Z2', 'Z3', 'low', 'push', 'Z3', 'Z3', 'flat')": {
    "slow down": -179.03742377604775,
    "keep going": -170.00651408122758,
    "accelerate": -151.0194053290509
  },
  "('Z3', 'Z4', 'low', 'push', 'Z3', 'Z3', 'flat')": {
    "slow down": -164.63591854922487,
    "keep going": -190.29623490112976,
    "accelerate": -220.39538433722143
  },
  "('Z3', 'Z5', 'low', 'push', 'Z3', 'Z3', 'flat')": {
    "slow down": -193.87772675862135,
    "keep going": -256.61500411015857,
    "accelerate": -256.8318022783173
  },
  "('Z3', 'Z3', 'low', 'push', 'Z3', 'Z3', 'flat')": {
    "slow down": -165.85001025285544,
    "keep going": -165.7446778061814,
    "accelerate": -165.78329429658876
  },
  "('Z3', 'Z2', 'low', 'push', 'Z3', 'Z3', 'flat')": {
    "slow down": -162.07375246603766,
    "keep going": -164.21297455434174,
    "accelerate": -164.29778788409425
  },
  "('Z3', 'Z1', 'low', 'push', 'Z3', 'Z3', 'flat')": {
    "slow down": -259.0579465165578,
    "keep going": -189.13166861226136,
    "accelerate": -248.53906814016352
  },
  "('Z2', 'Z4', 'low', 'push', 'Z3', 'Z3', 'flat')": {
    "slow down": -140.48202022832035,
    "keep going": -203.88221433762138,
    "accelerate": -240.81024595056314
  },
  "('Z2', 'Z2', 'low', 'cooldown', 'Z1', 'Z1', 'flat')": {
    "slow down": 0.0,
    "keep going": 0.0,
    "accelerate": 0.0
  },
  "('Z2', 'Z2', 'low', 'warmup', 'Z1', 'Z1', 'uphill')": {
    "slow down": 227.05909513123632,
    "keep going": 76.89884241366214,
    "accelerate": 147.09746793909736
  },
  "('Z2', 'Z2', 'low', 'warmup', 'Z1', 'Z1', 'downhill')": {
    "slow down": 225.72814773094947,
    "keep going": 58.04551493462411,
    "accelerate": 102.57415341319773
  },
  "('Z2', 'Z1', 'low', 'warmup', 'Z1', 'Z1', 'uphill')": {
    "slow down": 212.27981596997944,
    "keep going": 0.0,