{
  "('Z1', 'Z1', 'low', 'warmup', 'Z1', 'Z1', 'flat')": {
    "slow down": 244.9219999218242,
    "keep going": 245.54525576913252,
    "accelerate": 241.3585271887659
  },
  "('Z1', 'Z1', 'low', 'warmup', 'Z1', 'Z1', 'downhill')": {
    "slow down": 243.13546191382437,
    "keep going": 249.60281046493145,
    "accelerate": 241.1792733005847
  },
  "('Z1', 'Z1', 'low', 'warmup', 'Z1', 'Z1', 'uphill')": {
    "slow down": 241.47655133703978,
    "keep going": 249.55138816142414,
    "accelerate": 241.57199714867275
  },
  "('Z1', 'Z2', 'low', 'warmup', 'Z1', 'Z1', 'flat')": {
    "slow down": 245.4885233640767,
    "keep going": 233.4219281232391,
    "accelerate": 134.908841366108
  },
  "('Z1', 'Z2', 'low', 'warmup', 'Z1', 'Z1', 'uphill')": {
    "slow down": 243.37577511197117,
    "keep going": 150.0029422163562,
    "accelerate": 49.79836304504174
  },
  "('Z2', 'Z3', 'low', 'warmup', 'Z1', 'Z1', 'flat')": {
    "slow down": 219.93633206135144,
    "keep going": 7.887588485367674,
    "accelerate": -0.4619170164427858
  },
  "('Z2', 'Z2', 'low', 'warmup', 'Z1', 'Z1', 'flat')": {
    "slow down": 241.79391859472625,
    "keep going": 62.48641569504332,
    "accelerate": 45.70844221951892
  },
  "('Z2', 'Z1', 'low', 'warmup', 'Z1', 'Z1', 'flat')": {
    "slow down": 221.03116956979443,
    "keep going": 46.77398759286582,
    "accelerate": 12.889039929064708
  },
  "('Z2', 'Z3', 'low', 'warmup', 'Z1', 'Z1', 'uphill')": {
    "slow down": 54.628528937714364,
    "keep going": 7.8932229805318865,
    "accelerate": 0.0
  },
  "('Z2', 'Z4', 'low', 'warmup', 'Z1', 'Z1', 'uphill')": {
    "slow down": 6.302723142817809,
    "keep going": 0.0,
    "accelerate": -0.19161011044888646
  },
  "('Z3', 'Z5', 'low', 'warmup', 'Z1', 'Z1', 'flat')": {
    "slow down": -0.1166272861353688,
    "keep going": -0.19052653312428378,
    "accelerate": -0.20732063399475148
  },
  "('Z3', 'Z4', 'low', 'warmup', 'Z1', 'Z1', 'flat')": {
    "slow down": -0.12044773059084432,
    "keep going": -0.17888880762340353,
    "accelerate": -0.20634857618699762
  },
  "('Z3', 'Z3', 'low', 'warmup', 'Z1', 'Z1', 'flat')": {
    "slow down": 5.325129926301264,
    "keep going": -0.0399518238118782,
    "accelerate": -0.10043421538593963
  },
  "('Z3', 'Z2', 'low', 'warmup', 'Z1', 'Z1', 'flat')": {
    "slow down": 5.22050380344712,
    "keep going": 0.0,
    "accelerate": 0.0
  },
  "('Z2', 'Z1', 'low', 'warmup', 'Z1', 'Z1', 'downhill')": {
    "slow down": 8.728859527170073,
    "keep going": 159.12590747096925,
    "accelerate": 6.202190134789057
  },
  "('Z2', 'Z3', 'low', 'warmup', 'Z1', 'Z1', 'downhill')": {
    "slow down": 0.0,
    "keep going": 90.6089853147996,
    "accelerate": -0.17225722766906976
  },
  "('Z2', 'Z4', 'low', 'warmup', 'Z1', 'Z1', 'flat')": {
    "slow down": 21.17452337594398,
    "keep going": -0.1710252740580509,
    "accelerate": -0.1958279517915169
  },
  "('Z3', 'Z3', 'low', 'warmup', 'Z1', 'Z1', 'downhill')": {
    "slow down": 35.197888819529936,
    "keep going": 0.0,
    "accelerate": 0.0
  },
  "('Z2', 'Z1', 'low', 'warmup', 'Z1', 'Z1', 'uphill')": {
    "slow down": 99.31798509238301,
    "keep going": 2.007581314679647,
    "accelerate": 0.0
  },
  "('Z1', 'Z2', 'low', 'warmup', 'Z1', 'Z1', 'downhill')": {
    "slow down": 243.12065222766688,
    "keep going": 169.1743573212613,
    "accelerate": 83.15212671569631
  },
  "('Z1', 'Z1', 'low', 'push', 'Z2', 'Z2', 'flat')": {
    "slow down": 191.11704990995702,
    "keep going": 190.5053061482602,
    "accelerate": 197.96920101836116
  },
  "('Z1', 'Z2', 'low', 'push', 'Z2', 'Z2', 'flat')": {
    "slow down": 186.1125886139951,
    "keep going": 194.1097950108226,
    "accelerate": 183.52999812513627
  },
  "('Z2', 'Z3', 'low', 'push', 'Z2', 'Z2', 'flat')": {
    "slow down": 193.02370355915915,
    "keep going": 179.670257060351,
    "accelerate": 121.89440963084476
  },
  "('Z2', 'Z2', 'low', 'push', 'Z2', 'Z2', 'flat')": {
    "slow down": 199.57592457037362,
    "keep going": 190.43593614440016,
    "accelerate": 189.22072064588488
  },
  "('Z2', 'Z1', 'low', 'push', 'Z2', 'Z2', 'flat')": {
    "slow down": 187.38927575428863,
    "keep going": 187.77557704300315,
    "accelerate": 196.91058554372546
  },
  "('Z2', 'Z1', 'low', 'push', 'Z2', 'Z2', 'downhill')": {
    "slow down": 161.39340836723449,
    "keep going": 194.2284374510155,
    "accelerate": 158.00285258514313
  },
  "('Z1', 'Z1', 'low', 'push', 'Z2', 'Z2', 'uphill')": {
    "slow down": 190.4604845078846,
    "keep going": 190.89792916382208,
    "accelerate": 196.42833386455646
  },
  "('Z1', 'Z1', 'low', 'push', 'Z2', 'Z2', 'downhill')": {
    "slow down": 190.6164922750715,
    "keep going": 190.6873135004393,
    "accelerate": 196.26365196184864
  },
  "('Z1', 'Z2', 'low', 'push', 'Z2', 'Z2', 'uphill')": {
    "slow down": 191.9242704519599,
    "keep going": 34.655683356676846,
    "accelerate": 41.704463701752175
  },
  "('Z2', 'Z2', 'low', 'push', 'Z2', 'Z2', 'downhill')": {
    "slow down": 189.6264746500814,
    "keep going": 195.55095362885444,
    "accelerate": 189.49519840836922
  },
  "('Z2', 'Z1', 'low', 'push', 'Z2', 'Z2', 'uphill')": {
    "slow down": 193.30927315472476,
    "keep going": 149.2122572413502,
    "accelerate": 162.36682678111237
  },
  "('Z2', 'Z2', 'low', 'push', 'Z2', 'Z2', 'uphill')": {
    "slow down": 189.85595438794815,
    "keep going": 195.04521530182953,
    "accelerate": 189.9049489499263
  },
  "('Z2', 'Z3', 'low', 'push', 'Z2', 'Z2', 'uphill')": {
    "slow down": 192.17427526634697,
    "keep going": 103.45757741339317,
    "accelerate": 64.48018381779274
  },
  "('Z2', 'Z3', 'low', 'push', 'Z2', 'Z2', 'downhill')": {
    "slow down": 98.80610448535825,
    "keep going": 188.81524509277568,
    "accelerate": 47.25935761492977
  },
  "('Z2', 'Z4', 'low', 'push', 'Z2', 'Z2', 'flat')": {
    "slow down": 152.0032683659302,
    "keep going": 15.122896473640914,
    "accelerate": -0.25751190099224197
  },
  "('Z2', 'Z4', 'low', 'push', 'Z2', 'Z2', 'uphill')": {
    "slow down": 61.66613006046636,
    "keep going": 9.446051656307887,
    "accelerate": -0.09040670960360794
  },
  "('Z3', 'Z5', 'low', 'push', 'Z2', 'Z2', 'flat')": {
    "slow down": 26.260450100012864,
    "keep going": -0.09705425287192963,
    "accelerate": -0.22616372568120213
  },
  "('Z3', 'Z4', 'low', 'push', 'Z2', 'Z2', 'flat')": {
    "slow down": 163.30088658899473,
    "keep going": 34.92992562719424,
    "accelerate": 0.8055387101677769
  },
  "('Z3', 'Z3', 'low', 'push', 'Z2', 'Z2', 'flat')": {
    "slow down": 185.91520583070968,
    "keep going": 78.66345083753421,
    "accelerate": 58.62062573935856
  },
  "('Z3', 'Z2', 'low', 'push', 'Z2', 'Z2', 'flat')": {
    "slow down": 179.5356344348413,
    "keep going": 53.03944419113364,
    "accelerate": 28.07438731722339
  },
  "('Z1', 'Z2', 'low', 'push', 'Z2', 'Z2', 'downhill')": {
    "slow down": 70.64488250124273,
    "keep going": 53.298034058854505,
    "accelerate": 188.64056081507525
  },
  "('Z3', 'Z4', 'low', 'push', 'Z2', 'Z2', 'downhill')": {
    "slow down": 94.2852387033366,
    "keep going": 0.0,
    "accelerate": 0.0
  },
  "('Z2', 'Z1', 'low', 'cooldown', 'Z1', 'Z1', 'downhill')": {
    "slow down": 226.9766059758534,
    "keep going": 19.041006805089026,
    "accelerate": 0.3508305470531737
  },
  "('Z2', 'Z2', 'low', 'cooldown', 'Z1', 'Z1', 'flat')": {
    "slow down": 239.00212763675344,
    "keep going": 27.8831923897392,
    "accelerate": 48.560529194602964
  },
  "('Z2', 'Z2', 'low', 'cooldown', 'Z1', 'Z1', 'uphill')": {
    "slow down": 164.32989005528114,
    "keep going": 1.002825425838739,
    "accelerate": 0.281608442347384
  },
  "('Z2', 'Z1', 'low', 'cooldown', 'Z1', 'Z1', 'flat')": {
    "slow down": 239.93049277083352,
    "keep going": 139.143847960055,
    "accelerate": 107.97071458512434
  },
  "('Z2', 'Z2', 'low', 'cooldown', 'Z1', 'Z1', 'downhill')": {
    "slow down": 239.50115981932134,
    "keep going": 0.5122658532538147,