{
  "('Z1', 'Z1', 'low', 'warmup', 'Z1', 'Z1', 'flat')": {
    "slow down": 119.23962835711572,
    "keep going": 120.30999331801738,
    "accelerate": 115.62426262542789
  },
  "('Z1', 'Z1', 'low', 'warmup', 'Z1', 'Z1', 'downhill')": {
    "slow down": 118.86944869693758,
    "keep going": 126.67256702444799,
    "accelerate": 113.64377264026797
  },
  "('Z1', 'Z2', 'low', 'warmup', 'Z1', 'Z1', 'downhill')": {
    "slow down": 121.36501468018164,
    "keep going": 94.43731354844566,
    "accelerate": 72.93520085697084
  },
  "('Z1', 'Z2', 'low', 'warmup', 'Z1', 'Z1', 'flat')": {
    "slow down": 94.89610385668237,
    "keep going": 117.52312602329445,
    "accelerate": 93.88855998611375
  },
  "('Z1', 'Z1', 'low', 'warmup', 'Z1', 'Z1', 'uphill')": {
    "slow down": 114.17406631046944,
    "keep going": 126.62754224467642,
    "accelerate": 113.36597484330284
  },
  "('Z2', 'Z3', 'low', 'warmup', 'Z1', 'Z1', 'uphill')": {
    "slow down": 86.36154699207128,
    "keep going": 3.1153128569216317,
    "accelerate": 0.09020556465986213
  },
  "('Z2', 'Z2', 'low', 'warmup', 'Z1', 'Z1', 'flat')": {
    "slow down": 119.64719402726868,
    "keep going": 107.14316940461393,
    "accelerate": 97.5475800369014
  },
  "('Z2', 'Z1', 'low', 'warmup', 'Z1', 'Z1', 'flat')": {
    "slow down": 112.93777333969975,
    "keep going": 83.8075071296473,
    "accelerate": 58.066024933618706
  },
  "('Z2', 'Z3', 'low', 'warmup', 'Z1', 'Z1', 'flat')": {
    "slow down": 112.04683933004799,
    "keep going": 29.052421393406092,
    "accelerate": 4.817933344359134
  },
  "('Z2', 'Z1', 'low', 'warmup', 'Z1', 'Z1', 'uphill')": {
    "slow down": 105.93820381577879,
    "keep going": 32.07452624731729,
    "accelerate": 24.02464141510184
  },
  "('Z2', 'Z1', 'low', 'warmup', 'Z1', 'Z1', 'downhill')": {
    "slow down": 22.88097391593609,
    "keep going": 106.01006848884361,
    "accelerate": 10.323316417793281
  },
  "('Z2', 'Z2', 'low', 'warmup', 'Z1', 'Z1', 'uphill')": {
    "slow down": 115.1262223321984,
    "keep going": 55.622789183666946,
    "accelerate": 60.680531511273394
  },
  "('Z1', 'Z2', 'low', 'warmup', 'Z1', 'Z1', 'uphill')": {
    "slow down": 122.16261418952826,
    "keep going": 86.51269978848777,
    "accelerate": 47.77531289725454
  },
  "('Z2', 'Z3', 'low', 'warmup', 'Z1', 'Z1', 'downhill')": {
    "slow down": 86.86654778807231,
    "keep going": 17.723686894709417,
    "accelerate": 2.64100188689856
  },
  "('Z2', 'Z2', 'low', 'warmup', 'Z1', 'Z1', 'downhill')": {
    "slow down": 115.15257383607432,
    "keep going": 47.32113209470229,
    "accelerate": 36.04721748427867
  },
  "('Z2', 'Z4', 'low', 'warmup', 'Z1', 'Z1', 'flat')": {
    "slow down": 33.155818345017074,
    "keep going": -0.21672512083598014,
    "accelerate": 0.0
  },
  "('Z3', 'Z4', 'low', 'warmup', 'Z1', 'Z1', 'uphill')": {
    "slow down": 0.0,
    "keep going": 0.0,
    "accelerate": -0.24351067370095658
  },
  "('Z3', 'Z5', 'low', 'warmup', 'Z1', 'Z1', 'flat')": {
    "slow down": -0.26952421841043517,
    "keep going": -0.2483810016107981,
    "accelerate": 0.0
  },
  "('Z3', 'Z4', 'low', 'warmup', 'Z1', 'Z1', 'flat')": {
    "slow down": -0.36082673085043115,
    "keep going": -0.3486373509460991,
    "accelerate": -0.25398114304714925
  },
  "('Z3', 'Z3', 'low', 'warmup', 'Z1', 'Z1', 'flat')": {
    "slow down": 0.2478897586393494,
    "keep going": -0.09477036538300747,
    "accelerate": -0.3569140703136412
  },
  "('Z3', 'Z2', 'low', 'warmup', 'Z1', 'Z1', 'flat')": {
    "slow down": 13.104868571028895,
    "keep going": 0.005021188675060991,
    "accelerate": -0.10232762061731746
  },
  "('Z3', 'Z2', 'low', 'warmup', 'Z1', 'Z1', 'uphill')": {
    "slow down": 1.2411924843979896,
    "keep going": 0.0,
    "accelerate": -0.0582135610821749
  },
  "('Z1', 'Z1', 'low', 'push', 'Z2', 'Z2', 'flat')": {
    "slow down": -22.284796495406045,
    "keep going": -22.48121904638456,
    "accelerate": -22.050788936768843
  },
  "('Z1', 'Z2', 'low', 'push', 'Z2', 'Z2', 'flat')": {
    "slow down": -18.229167977981874,
    "keep going": -18.664657773955337,
    "accelerate": -18.672669487106834
  },
  "('Z1', 'Z1', 'low', 'push', 'Z2', 'Z2', 'downhill')": {
    "slow down": 32.076898314389325,
    "keep going": 33.770161522846486,
    "accelerate": 32.98129419564222
  },
  "('Z2', 'Z2', 'low', 'push', 'Z2', 'Z2', 'flat')": {
    "slow down": -28.019748872756786,
    "keep going": -27.955725432092986,
    "accelerate": -33.8479164681838
  },
  "('Z2', 'Z3', 'low', 'push', 'Z2', 'Z2', 'flat')": {
    "slow down": -26.857610951564368,
    "keep going": -26.66842926192367,
    "accelerate": -52.98111171422589
  },
  "('Z2', 'Z3', 'low', 'push', 'Z2', 'Z2', 'uphill')": {
    "slow down": 34.111475502463534,
    "keep going": -38.227794444100056,
    "accelerate": -41.783835485714214
  },
  "('Z2', 'Z2', 'low', 'push', 'Z2', 'Z2', 'downhill')": {
    "slow down": 32.09121246918539,
    "keep going": 30.812663420180577,
    "accelerate": 30.722083962526593
  },
  "('Z2', 'Z1', 'low', 'push', 'Z2', 'Z2', 'flat')": {
    "slow down": -26.193537622852972,
    "keep going": -26.523654123796543,
    "accelerate": -26.50641150462073
  },
  "('Z2', 'Z2', 'low', 'push', 'Z2', 'Z2', 'uphill')": {
    "slow down": 30.59810628244243,
    "keep going": 32.08901887917487,
    "accelerate": 31.376489968008222
  },
  "('Z1', 'Z1', 'low', 'push', 'Z2', 'Z2', 'uphill')": {
    "slow down": 34.522467691377756,
    "keep going": 34.01078174436569,
    "accelerate": 35.23823122359418
  },
  "('Z1', 'Z2', 'low', 'push', 'Z2', 'Z2', 'uphill')": {
    "slow down": 22.18751090055226,
    "keep going": 54.782834272407925,
    "accelerate": 25.58688212589671
  },
  "('Z1', 'Z2', 'low', 'push', 'Z2', 'Z2', 'downhill')": {
    "slow down": 58.02637011403626,
    "keep going": 20.0804416193426,
    "accelerate": 17.860584308941498
  },
  "('Z2', 'Z3', 'low', 'push', 'Z2', 'Z2', 'downhill')": {
    "slow down": -41.001741049999914,
    "keep going": 36.50604939242907,
    "accelerate": -37.73791049995383
  },
  "('Z3', 'Z3', 'low', 'push', 'Z2', 'Z2', 'flat')": {
    "slow down": 19.27303546441357,
    "keep going": -17.04059458043081,
    "accelerate": -47.855942733294235
  },
  "('Z3', 'Z2', 'low', 'push', 'Z2', 'Z2', 'flat')": {
    "slow down": 28.483911523845006,
    "keep going": -97.40374509660032,
    "accelerate": -97.36059075986299
  },
  "('Z2', 'Z1', 'low', 'push', 'Z2', 'Z2', 'uphill')": {
    "slow down": -22.429474991542136,
    "keep going": 36.066706078775944,
    "accelerate": -29.897920990159797
  },
  "('Z3', 'Z4', 'low', 'push', 'Z2', 'Z2', 'uphill')": {
    "slow down": -118.35030563700874,
    "keep going": -8.633193841164816,
    "accelerate": -142.51153383331993
  },
  "('Z2', 'Z1', 'low', 'push', 'Z2', 'Z2', 'downhill')": {
    "slow down": -25.454713661825025,
    "keep going": -21.119922271354305,
    "accelerate": 28.438515017814364
  },
  "('Z2', 'Z4', 'low', 'push', 'Z2', 'Z2', 'flat')": {
    "slow down": -44.17106799313231,
    "keep going": -99.14273774560402,
    "accelerate": -107.17905629433058
  },
  "('Z3', 'Z3', 'low', 'push', 'Z2', 'Z2', 'uphill')": {
    "slow down": 36.998472550692185,
    "keep going": -81.71121082441083,
    "accelerate": -106.47980170349214
  },
  "('Z3', 'Z5', 'low', 'push', 'Z2', 'Z2', 'uphill')": {
    "slow down": -89.07061407690082,
    "keep going": -104.49091818375358,
    "accelerate": -101.91243084976185
  },
  "('Z3', 'Z4', 'low', 'push', 'Z2', 'Z2', 'downhill')": {
    "slow down": -138.23798910324166,
    "keep going": -125.27210604571272,
    "accelerate": -25.375831207567117
  },
  "('Z3', 'Z3', 'low', 'push', 'Z2', 'Z2', 'downhill')": {
    "slow down": 34.7381669869706,
    "keep going": -71.44747851966879,
    "accelerate": -63.17589867725353
  },
  "('Z3', 'Z4', 'low', 'push', 'Z2', 'Z2', 'flat')": {
    "slow down": 12.399945558454732,
    "keep going": -99.97919196553309,
    "accelerate": -102.93824037896033
  },