{
  "('Z1', 'Z1', 'low', 'warmup', 'Z1', 'Z1', 'flat')": {
    "slow down": 121.95827728858194,
    "keep going": 123.0036999172072,
    "accelerate": 118.81038912541506
  },
  "('Z1', 'Z1', 'low', 'warmup', 'Z1', 'Z1', 'downhill')": {
    "slow down": 119.57729573608427,
    "keep going": 125.59664994004197,
    "accelerate": 118.53140479607383
  },
  "('Z1', 'Z2', 'low', 'warmup', 'Z1', 'Z1', 'flat')": {
    "slow down": 120.65601732622773,
    "keep going": 116.93003798587198,
    "accelerate": 96.83905908293657
  },
  "('Z1', 'Z1', 'low', 'warmup', 'Z1', 'Z1', 'uphill')": {
    "slow down": 119.34654497573058,
    "keep going": 125.56230389534744,
    "accelerate": 119.09767105432239
  },
  "('Z1', 'Z2', 'low', 'warmup', 'Z1', 'Z1', 'uphill')": {
    "slow down": 119.4933523846642,
    "keep going": 69.03395629904574,
    "accelerate": 50.231586125148525
  },
  "('Z2', 'Z3', 'low', 'warmup', 'Z1', 'Z1', 'flat')": {
    "slow down": 114.99015537640652,
    "keep going": 36.25791236260826,
    "accelerate": 8.527487529034527
  },
  "('Z2', 'Z2', 'low', 'warmup', 'Z1', 'Z1', 'flat')": {
    "slow down": 119.45463930799082,
    "keep going": 63.88868062526196,
    "accelerate": 49.73622306989952
  },
  "('Z2', 'Z2', 'low', 'warmup', 'Z1', 'Z1', 'uphill')": {
    "slow down": 120.16003578677935,
    "keep going": 14.12533722758427,
    "accelerate": 26.196009262350934
  },
  "('Z2', 'Z1', 'low', 'warmup', 'Z1', 'Z1', 'flat')": {
    "slow down": 60.31684211019936,
    "keep going": 119.03613092514186,
    "accelerate": 50.54004375685722
  },
  "('Z2', 'Z3', 'low', 'warmup', 'Z1', 'Z1', 'uphill')": {
    "slow down": 58.87745433192114,
    "keep going": 2.374777333835606,
    "accelerate": 0.0
  },
  "('Z3', 'Z4', 'low', 'warmup', 'Z1', 'Z1', 'flat')": {
    "slow down": -0.10895042095513906,
    "keep going": 0.0,
    "accelerate": -0.4741268286436294
  },
  "('Z3', 'Z3', 'low', 'warmup', 'Z1', 'Z1', 'uphill')": {
    "slow down": 0.21116374799492793,
    "keep going": 0.0,
    "accelerate": 0.0
  },
  "('Z3', 'Z3', 'low', 'warmup', 'Z1', 'Z1', 'flat')": {
    "slow down": 3.9348079384316224,
    "keep going": 0.0,
    "accelerate": -0.11514313447998906
  },
  "('Z2', 'Z1', 'low', 'warmup', 'Z1', 'Z1', 'uphill')": {
    "slow down": 87.2737534615292,
    "keep going": 20.972748698719364,
    "accelerate": 18.15552370064559
  },
  "('Z1', 'Z2', 'low', 'warmup', 'Z1', 'Z1', 'downhill')": {
    "slow down": 120.59616712492915,
    "keep going": 82.82763873584535,
    "accelerate": 59.18221775662861
  },
  "('Z2', 'Z3', 'low', 'warmup', 'Z1', 'Z1', 'downhill')": {
    "slow down": 67.3740467968464,
    "keep going": 5.6284507712339105,
    "accelerate": 0.0
  },
  "('Z2', 'Z2', 'low', 'warmup', 'Z1', 'Z1', 'downhill')": {
    "slow down": 117.91852269977866,
    "keep going": 18.319342255500224,
    "accelerate": 13.97226812512589
  },
  "('Z2', 'Z4', 'low', 'warmup', 'Z1', 'Z1', 'uphill')": {
    "slow down": 0.7617156650950856,
    "keep going": 0.0,
    "accelerate": -0.24130015475115016
  },
  "('Z3', 'Z5', 'low', 'warmup', 'Z1', 'Z1', 'flat')": {
    "slow down": -0.34245866851395185,
    "keep going": -0.24294955781890365,
    "accelerate": -0.2358131510040291
  },
  "('Z4', 'Z5', 'low', 'warmup', 'Z1', 'Z1', 'flat')": {
    "slow down": -0.4595664578762866,
    "keep going": -0.47763926815680047,
    "accelerate": -0.2557721996860346
  },
  "('Z4', 'Z4', 'low', 'warmup', 'Z1', 'Z1', 'flat')": {
    "slow down": -0.2946855198665884,
    "keep going": -0.20372844140062882,
    "accelerate": -0.5152311123428355
  },
  "('Z4', 'Z4', 'low', 'warmup', 'Z1', 'Z1', 'downhill')": {
    "slow down": -0.1694565645916871,
    "keep going": -0.20097813467515496,
    "accelerate": 0.0
  },
  "('Z4', 'Z3', 'low', 'warmup', 'Z1', 'Z1', 'flat')": {
    "slow down": -0.15975456504788232,
    "keep going": -0.13322993997368618,
    "accelerate": -0.19041096753281647
  },
  "('Z4', 'Z2', 'low', 'warmup', 'Z1', 'Z1', 'uphill')": {
    "slow down": 0.0,
    "keep going": -0.004341440431601207,
    "accelerate": 0.0
  },
  "('Z3', 'Z2', 'low', 'warmup', 'Z1', 'Z1', 'flat')": {
    "slow down": 0.6721869949543086,
    "keep going": -0.008450642911029904,
    "accelerate": -0.23226717165461916
  },
  "('Z1', 'Z2', 'low', 'push', 'Z2', 'Z2', 'flat')": {
    "slow down": 83.06092094398142,
    "keep going": 83.22904614133301,
    "accelerate": 91.39377127133028
  },
  "('Z1', 'Z1', 'low', 'push', 'Z2', 'Z2', 'flat')": {
    "slow down": 86.3061100809018,
    "keep going": 89.34197394846828,
    "accelerate": 99.63698098438297
  },
  "('Z1', 'Z1', 'low', 'push', 'Z2', 'Z2', 'downhill')": {
    "slow down": 87.94743076535777,
    "keep going": 88.16260368615738,
    "accelerate": 98.1158763859553
  },
  "('Z1', 'Z2', 'low', 'push', 'Z2', 'Z2', 'uphill')": {
    "slow down": 48.02146785550136,
    "keep going": 91.41167930859254,
    "accelerate": 43.82255731408303
  },
  "('Z2', 'Z2', 'low', 'push', 'Z2', 'Z2', 'downhill')": {
    "slow down": 86.76510783982275,
    "keep going": 97.15083680524674,
    "accelerate": 87.7925553884696
  },
  "('Z2', 'Z3', 'low', 'push', 'Z2', 'Z2', 'flat')": {
    "slow down": 96.11298044400539,
    "keep going": 80.45750706319063,
    "accelerate": 78.41936460590145
  },
  "('Z2', 'Z4', 'low', 'push', 'Z2', 'Z2', 'flat')": {
    "slow down": 83.69513582159502,
    "keep going": 12.966981435143524,
    "accelerate": -0.5227687130016635
  },
  "('Z3', 'Z4', 'low', 'push', 'Z2', 'Z2', 'flat')": {
    "slow down": 87.54951785767923,
    "keep going": 19.315721101702273,
    "accelerate": 3.0277169504325787
  },
  "('Z3', 'Z3', 'low', 'push', 'Z2', 'Z2', 'flat')": {
    "slow down": 87.28707028220805,
    "keep going": 75.41492180554775,
    "accelerate": 61.722350946897016
  },
  "('Z3', 'Z2', 'low', 'push', 'Z2', 'Z2', 'flat')": {
    "slow down": 89.26639793705615,
    "keep going": 39.92193630221729,
    "accelerate": 25.83496016877833
  },
  "('Z2', 'Z2', 'low', 'push', 'Z2', 'Z2', 'flat')": {
    "slow down": 99.99287119525673,
    "keep going": 90.3768373854025,
    "accelerate": 90.14246406300764
  },
  "('Z2', 'Z1', 'low', 'push', 'Z2', 'Z2', 'uphill')": {
    "slow down": 94.89563835539595,
    "keep going": 77.31767190330339,
    "accelerate": 86.69931920297948
  },
  "('Z2', 'Z1', 'low', 'push', 'Z2', 'Z2', 'flat')": {
    "slow down": 85.29833132582364,
    "keep going": 84.69440762030312,
    "accelerate": 98.53901643108283
  },
  "('Z1', 'Z1', 'low', 'push', 'Z2', 'Z2', 'uphill')": {
    "slow down": 87.70544647332997,
    "keep going": 87.68422605065811,
    "accelerate": 98.10901489389784
  },
  "('Z1', 'Z2', 'low', 'push', 'Z2', 'Z2', 'downhill')": {
    "slow down": 88.41751871003848,
    "keep going": 40.56598451582933,
    "accelerate": 56.83992294780106
  },
  "('Z3', 'Z5', 'low', 'push', 'Z2', 'Z2', 'flat')": {
    "slow down": 31.23189517899437,
    "keep going": -0.2888360564316489,
    "accelerate": 0.0
  },
  "('Z4', 'Z5', 'low', 'push', 'Z2', 'Z2', 'flat')": {
    "slow down": -0.14304028790973367,
    "keep going": -0.2601901213296422,
    "accelerate": -0.3540901624586583
  },
  "('Z4', 'Z4', 'low', 'push', 'Z2', 'Z2', 'flat')": {
    "slow down": 0.03333604662238995,
    "keep going": -0.08421638443105722,
    "accelerate": -0.15359717145369228
  },
  "('Z4', 'Z3', 'low', 'push', 'Z2', 'Z2', 'flat')": {
    "slow down": 1.8735796917089924,
    "keep going": 0.0,
    "accelerate": 0.0
  },
  "('Z3', 'Z3', 'low', 'push', 'Z2', 'Z2', 'uphill')": {
    "slow down": 90.3000345874073,
    "keep going": 15.626984153178508,
    "accelerate": 14.99530222785543
  },
  "('Z3', 'Z3', 'low', 'push', 'Z2', 'Z2', 'downhill')": {
    "slow down": 5.478395807876731,
    "keep going": 88.76684163468089,
    "accelerate": 12.055840663479522
  },
  "('Z2', 'Z1', 'low', 'push', 'Z2', 'Z2', 'downhill')": {
    "slow down": 95.65723160880897,
    "keep going": 80.57986939674299,
    "accelerate": 84.66094234207729
  },