{
  "('Z1', 'Z1', 'low', 'warmup', 'Z1', 'Z1', 'flat')": {
    "slow down": 85.46497461411268,
    "keep going": 86.22676437498791,
    "accelerate": 84.17700505956945
  },
  "('Z1', 'Z1', 'low', 'warmup', 'Z1', 'Z1', 'downhill')": {
    "slow down": 85.68496183165203,
    "keep going": 86.22150484559283,
    "accelerate": 84.51139032574677
  },
  "('Z1', 'Z2', 'low', 'warmup', 'Z1', 'Z1', 'downhill')": {
    "slow down": 85.73326217922691,
    "keep going": 82.82527737936061,
    "accelerate": 74.63907748383495
  },
  "('Z2', 'Z3', 'low', 'warmup', 'Z1', 'Z1', 'flat')": {
    "slow down": 83.67809925424844,
    "keep going": 70.29649845067061,
    "accelerate": 35.2977008101723
  },
  "('Z2', 'Z2', 'low', 'warmup', 'Z1', 'Z1', 'flat')": {
    "slow down": 84.12797905885631,
    "keep going": 80.55132328118512,
    "accelerate": 73.04968671549372
  },
  "('Z2', 'Z1', 'low', 'warmup', 'Z1', 'Z1', 'flat')": {
    "slow down": 85.46070623985322,
    "keep going": 83.61188748105856,
    "accelerate": 77.65890245408661
  },
  "('Z1', 'Z2', 'low', 'warmup', 'Z1', 'Z1', 'uphill')": {
    "slow down": 79.78708996530962,
    "keep going": 84.71211438124652,
    "accelerate": 70.07631552203308
  },
  "('Z1', 'Z1', 'low', 'warmup', 'Z1', 'Z1', 'uphill')": {
    "slow down": 85.6709349542773,
    "keep going": 86.22994479315163,
    "accelerate": 84.53001712588413
  },
  "('Z1', 'Z2', 'low', 'warmup', 'Z1', 'Z1', 'flat')": {
    "slow down": 84.97711020992597,
    "keep going": 84.64811887631028,
    "accelerate": 78.63453311736419
  },
  "('Z2', 'Z4', 'low', 'warmup', 'Z1', 'Z1', 'flat')": {
    "slow down": 65.52387911214925,
    "keep going": 0.014710562426873963,
    "accelerate": -1.196151687450945
  },
  "('Z3', 'Z4', 'low', 'warmup', 'Z1', 'Z1', 'flat')": {
    "slow down": 12.723812897520268,
    "keep going": -0.4742307365977072,
    "accelerate": -0.6964984764583009
  },
  "('Z3', 'Z5', 'low', 'warmup', 'Z1', 'Z1', 'flat')": {
    "slow down": 1.7270493234120932,
    "keep going": -0.6992686865508997,
    "accelerate": -0.46272058311025555
  },
  "('Z4', 'Z5', 'low', 'warmup', 'Z1', 'Z1', 'flat')": {
    "slow down": -0.8368669246468523,
    "keep going": -0.5522774150122571,
    "accelerate": -0.5546691010030846
  },
  "('Z4', 'Z4', 'low', 'warmup', 'Z1', 'Z1', 'flat')": {
    "slow down": -0.4393370071657388,
    "keep going": -0.5135123966326368,
    "accelerate": -1.3653563622935838
  },
  "('Z4', 'Z3', 'low', 'warmup', 'Z1', 'Z1', 'uphill')": {
    "slow down": -0.06018341850586703,
    "keep going": 0.0,
    "accelerate": 0.0
  },
  "('Z3', 'Z2', 'low', 'warmup', 'Z1', 'Z1', 'flat')": {
    "slow down": 43.72101550854029,
    "keep going": 2.5063082200244997,
    "accelerate": 4.579451741590457
  },
  "('Z3', 'Z1', 'low', 'warmup', 'Z1', 'Z1', 'flat')": {
    "slow down": 5.098265717391352,
    "keep going": 0.30844894025264724,
    "accelerate": 0.6815425888548297
  },
  "('Z3', 'Z1', 'low', 'warmup', 'Z1', 'Z1', 'uphill')": {
    "slow down": 0.32007743576007497,
    "keep going": 0.0,
    "accelerate": 0.0
  },
  "('Z2', 'Z2', 'low', 'warmup', 'Z1', 'Z1', 'downhill')": {
    "slow down": 82.8370123171857,
    "keep going": 32.78283605132408,
    "accelerate": 43.7766272923936
  },
  "('Z2', 'Z1', 'low', 'warmup', 'Z1', 'Z1', 'downhill')": {
    "slow down": 29.207059227537087,
    "keep going": 84.71602621012327,
    "accelerate": 28.096388052534856
  },
  "('Z2', 'Z4', 'low', 'warmup', 'Z1', 'Z1', 'downhill')": {
    "slow down": 19.374746506508888,
    "keep going": -0.11596521123620321,
    "accelerate": -0.27036408637612097
  },
  "('Z3', 'Z3', 'low', 'warmup', 'Z1', 'Z1', 'flat')": {
    "slow down": 25.93353555995816,
    "keep going": 5.429818070019867,
    "accelerate": -0.8292501129821257
  },
  "('Z3', 'Z3', 'low', 'warmup', 'Z1', 'Z1', 'downhill')": {
    "slow down": 9.65692894448813,
    "keep going": -0.041682659084834234,
    "accelerate": 0.10793023960388581
  },
  "('Z3', 'Z2', 'low', 'warmup', 'Z1', 'Z1', 'downhill')": {
    "slow down": -0.030999776679238762,
    "keep going": 15.984715463827387,
    "accelerate": 0.0
  },
  "('Z2', 'Z3', 'low', 'warmup', 'Z1', 'Z1', 'downhill')": {
    "slow down": 80.37002872510725,
    "keep going": 40.9938941697232,
    "accelerate": 16.904091403736697
  },
  "('Z3', 'Z4', 'low', 'warmup', 'Z1', 'Z1', 'downhill')": {
    "slow down": 2.0100638498594248,
    "keep going": -0.17241372971742155,
    "accelerate": 0.0
  },
  "('Z3', 'Z1', 'low', 'warmup', 'Z1', 'Z1', 'downhill')": {
    "slow down": 0.0,
    "keep going": 0.0,
    "accelerate": 8.66104014307008
  },
  "('Z2', 'Z2', 'low', 'warmup', 'Z1', 'Z1', 'uphill')": {
    "slow down": 82.40038370891712,
    "keep going": 26.696672071042315,
    "accelerate": 26.0575240979259
  },
  "('Z2', 'Z3', 'low', 'warmup', 'Z1', 'Z1', 'uphill')": {
    "slow down": 77.12819190562627,
    "keep going": 12.301757745901924,
    "accelerate": 5.507584121424334
  },
  "('Z2', 'Z1', 'low', 'warmup', 'Z1', 'Z1', 'uphill')": {
    "slow down": 83.83460937932199,
    "keep going": 39.6269836085432,
    "accelerate": 39.78515171771279
  },
  "('Z1', 'Z1', 'low', 'push', 'Z2', 'Z2', 'flat')": {
    "slow down": 77.98472082282498,
    "keep going": 77.8776415844188,
    "accelerate": 78.94711747865573
  },
  "('Z1', 'Z2', 'low', 'push', 'Z2', 'Z2', 'flat')": {
    "slow down": 77.55525531172451,
    "keep going": 79.02579274848202,
    "accelerate": 79.81537794483337
  },
  "('Z1', 'Z1', 'low', 'push', 'Z2', 'Z2', 'downhill')": {
    "slow down": 77.75553972553598,
    "keep going": 60.06483467270012,
    "accelerate": 61.14620479850466
  },
  "('Z1', 'Z1', 'low', 'push', 'Z2', 'Z2', 'uphill')": {
    "slow down": 66.0376656824494,
    "keep going": 77.76129978030448,
    "accelerate": 59.72388426241085
  },
  "('Z2', 'Z3', 'low', 'push', 'Z2', 'Z2', 'flat')": {
    "slow down": 80.70297091088962,
    "keep going": 79.0387307970032,
    "accelerate": 75.56224161171878
  },
  "('Z2', 'Z4', 'low', 'push', 'Z2', 'Z2', 'flat')": {
    "slow down": 80.17047904772062,
    "keep going": 75.04430682299825,
    "accelerate": 64.8434544580929
  },
  "('Z3', 'Z5', 'low', 'push', 'Z2', 'Z2', 'flat')": {
    "slow down": 74.730846914452,
    "keep going": 62.516675030980714,
    "accelerate": 58.89262008995599
  },
  "('Z3', 'Z5', 'low', 'push', 'Z2', 'Z2', 'uphill')": {
    "slow down": 56.07740649679379,
    "keep going": 5.621066684864327,
    "accelerate": 0.0
  },
  "('Z4', 'Z5', 'low', 'push', 'Z2', 'Z2', 'flat')": {
    "slow down": 67.90115418181574,
    "keep going": 41.96197423649876,
    "accelerate": 53.073062243434364
  },
  "('Z4', 'Z4', 'low', 'push', 'Z2', 'Z2', 'flat')": {
    "slow down": 74.36186370178667,
    "keep going": 60.20295676766122,
    "accelerate": 49.74134094076088
  },
  "('Z4', 'Z3', 'low', 'push', 'Z2', 'Z2', 'downhill')": {
    "slow down": 3.264484247229695,
    "keep going": 4.8980837271158,
    "accelerate": 6.349054135196027
  },
  "('Z3', 'Z2', 'low', 'push', 'Z2', 'Z2', 'flat')": {
    "slow down": 79.15841118737299,
    "keep going": 80.56316946950793,
    "accelerate": 77.77611460505653
  },
  "('Z3', 'Z1', 'low', 'push', 'Z2', 'Z2', 'flat')": {
    "slow down": 66.19256503914683,
    "keep going": 78.51003533102761,
    "accelerate": 66.76064768528879
  },
  "('Z2', 'Z1', 'low', 'push', 'Z2', 'Z2', 'flat')": {
    "slow down": 79.07076790127321,
    "keep going": 79.02338249195441,
    "accelerate": 80.77833598186788
  },
  "('Z2', 'Z1', 'low', 'push', 'Z2', 'Z2', 'downhill')": {
    "slow down": 78.95679536227624,
    "keep going": 78.77858789725315,
    "accelerate": 80.26964471635108
  },
  "('Z3', 'Z3', 'low', 'push', 'Z2', 'Z2', 'flat')": {
    "slow down": 79.04834967305264,
    "keep going": 77.91776420742269,
    "accelerate": 76.03653763957271
  },
  "('Z2', 'Z2', 'low', 'push', 'Z2', 'Z2', 'flat')": {
    "slow down": 79.22350885825992,
    "keep going": 78.78989607796933,
    "accelerate": 78.9563378699242
  },